time_s,x_simulink_m,theta_simulink_rad,x_multibody_m,theta_multibody_rad
0,0,0.0872664625997165,0,0.0872664625997165
0.01,-1.07031296456682e-05,0.087320182806965,-1.11374942115791e-05,0.087322362970244
0.02,-4.22480967565468e-05,0.0874785119783003,-4.31791959395097e-05,0.0874831857114327
0.03,-9.55586156581719e-05,0.0877460908728242,-9.60427006656903e-05,0.0877485219567249
0.04,-0.000170144158024512,0.0881204650335005,-0.000170645382345667,0.0881229836929552
0.05,-0.000266141109051575,0.0886023297055318,-0.00026666313278597,0.088604954876245
0.06,-0.00038367117076548,0.0891923097149052,-0.000384218151319825,0.0891950628564257
0.07,-0.000522872592457049,0.0898911163836769,-0.000523448994693598,0.08989402053525
0.08,-0.000683906275586311,0.0906995783788752,-0.000684516768265721,0.0907026576479614
0.09,-0.000866957582045725,0.0916186510395081,-0.000867606987002524,0.091621930355286
0.1,-0.00107223706846784,0.092649420359349,-0.00107293033642656,0.0926529253606218
0.11,-0.00129998088853884,0.0937931053526694,-0.00130072308869805,0.0937968623456141
0.12,-0.0015504510807654,0.0950510598980212,-0.00155124739782472,0.0950550958521506
0.13,-0.00182393581669248,0.0964247744407724,-0.0018247915520794,0.0964291170069551
0.14,-0.00212074963844933,0.0979158777042176,-0.00212167021399401,0.0979205552461038
0.15,-0.00244123369742496,0.0995261384740392,-0.00244222466048634,0.0995311801080382
0.16,-0.00278575599880915,0.101257467486143,-0.00278682302825507,0.101262903127122
0.17,-0.00315471165349734,0.103111919432419,-0.00315586056616062,0.1031177798434
0.18,-0.00354852313720616,0.10509169509152,-0.0035497598945627,0.105098011936311
0.19,-0.00396764055569299,0.107199143587905,-0.00396897127057954,0.107205949485952
0.2,-0.00441254191433786,0.109436764780188,-0.00441397285756813,0.109444093363191
0.21,-0.00488373338985583,0.111807211778497,-0.004885270996617,0.111815097748454
0.22,-0.00538174960147763,0.114313293589564,-0.00538340047740101,0.114321772778003
0.23,-0.00590715387852269,0.116957977887535,-0.00590892480532683,0.116967087315748
0.24,-0.00646053852086575,0.119744393907799,-0.00646243646146986,0.11975417184791
0.25,-0.00704252504835313,0.12267583546047,-0.00704455715135435,0.122686321497195
0.26,-0.00765376443474459,0.125755764059506,-0.00765593803814571,0.125766999152464
0.27,-0.00829493732123698,0.1289878121627,-0.0082972599553019,0.128999838709135
0.28,-0.00896675420405729,0.132375786517032,-0.00896923359316023,0.132388648414781
0.29,-0.00966995558999239,0.135923671603,-0.00967259965331354,0.13593741431355
0.3,-0.0104053121130429,0.139635633170622,-0.0104081289639484,0.139650303782059
0.31,-0.0111736246046456,0.143516021858767,-0.0111766225485734,0.143531669148416
0.32,-0.0119757241090979,0.147569376888353,-0.0119789116397512,0.147586051384865
0.33,-0.0128124718349297,0.151800429818695,-0.012815857628563,0.15181818386333
0.34,-0.0136847590320062,0.156214108354949,-0.013688351939562,0.156232996161744
0.35,-0.0145935067830919,0.160815540193076,-0.0145973158199274,0.160835617907575
0.36,-0.0155396656974695,0.16561005688717,-0.0155437000303845,0.16563138264335
0.37,-0.016524215492973,0.170603197722215,-0.0165284844242237,0.17062583169719
0.38,-0.0175481644514625,0.175800713573426,-0.0175526773994154,0.175824718039484
0.39,-0.0186125487313306,0.181208570731304,-0.018617315207384,0.181234010104771
0.4,-0.0197184315190939,0.186832954669298,-0.019723461100456,0.186859895555685
0.41,-0.0208669020004656,0.192680273728634,-0.0208722042983501,0.192708784963468
0.42,-0.0220590741295519,0.198757162692345,-0.0220646587523134,0.198787315377038
0.43,-0.0232960851729392,0.205070486217896,-0.0233019616836346,0.205102353749935
0.44,-0.0245790940034624,0.211627342094977,-0.0245852718712888,0.211661000191698
0.45,-0.0259092791163622,0.218435064292134,-0.0259157676613837,0.218470591007258
0.46,-0.0272878363383589,0.225501225752866,-0.0272946446688974,0.225538701484936
0.47,-0.0287159761979016,0.232833640898683,-0.0287231131399319,0.232873148390502
0.48,-0.0301949209225135,0.240440367793453,-0.0302023949403667,0.240481992121563
0.49,-0.0317259010267549,0.248329709920162,-0.0317337201344049,0.248373538473376
0.5,-0.0333101514518962,0.256510217518037,-0.0333183231140749,0.25655633996401
0.51,-0.0349489072159633,0.264990688424902,-0.0349574382383295,0.265039196663695
0.52,-0.0366433985304128,0.2737801683667,-0.0366522949379812,0.273831156470305
0.53,-0.0383948453373681,0.282887950633443,-0.0384041122404027,0.282941514770232
0.54,-0.0402044512191455,0.292323575078457,-0.0402140926657209,0.29237981342157
0.55,-0.042073396629777,0.302096826375933,-0.0420834154442305,0.302155838994656
0.56,-0.0440028313964708,0.312217731470406,-0.0440132290029977,0.312279620203691
0.57,-0.0459938664375072,0.322696556151188,-0.0460046426682032,0.322761424462581
0.58,-0.0480475646420491,0.333543800685042,-0.0480587175287702,0.333611753498436
0.59,-0.0501649308568319,0.344770194441666,-0.0501764564063389,0.344841337957501
0.6,-0.0523469009248151,0.356386689449128,-0.0523587928767832,0.356461130940891
0.61,-0.0545943297217176,0.368404452820355,-0.0546065792893436,0.368482300411545
0.62,-0.05690797813807,0.380834857997461,-0.0569205737311831,0.380916220419503
0.63,-0.059288498957101,0.393689474768161,-0.0593014258878972,0.393774461100192
0.64,-0.0617364215825809,0.406980058018175,-0.0617496617543445,0.407068777410044
0.65,-0.0642521355757904,0.420718535195363,-0.0642656671552467,0.420811096575742
0.66,-0.06683587296719,0.434916992475732,-0.0668496700414497,0.435013504247792
0.67,-0.0694876893162524,0.449587659638467,-0.0695017215356556,0.449688229366184
0.68,-0.0722074435023682,0.464742893676874,-0.0722216757109164,0.46484762776573
0.69,-0.0749947762408247,0.48039516119476,-0.0750091680962967,0.480504164571271
0.7,-0.0778490873306164,0.496557019663144,-0.0778635929168863,0.496670395458399
0.71,-0.0807695116552721,0.513241097640378,-0.0807840790897867,0.513358946883463
0.72,-0.08375489397392,0.530460074089422,-0.0837694650137314,0.530582495417331
0.73,-0.0868037625573552,0.548226656958943,-0.086818272207528,0.548353746350218
0.74,-0.0899143017427399,0.566553561229668,-0.0899286778713536,0.566685411769603
0.75,-0.0930843235005178,0.585453486663393,-0.0930984864648396,0.5855901883491
0.76,-0.0963112381278398,0.604939095528542,-0.096325100416542,0.60508073512253
0.77,-0.099592024203897,0.625022990612403,-0.0996054901004071,0.625169651553485
0.78,-0.102923197963573,0.645717693865038,-0.102936163235768,0.645869456245322
0.79,-0.106300782266253,0.667035626052339,-0.106313133887717,0.667192566668817
0.8,-0.109720275355902,0.688989087824619,-0.109731891263845,0.689151280313303
0.81,-0.113176619626047,0.711590242631104,-0.113187368520726,0.711757757690864
0.82,-0.11666417061851,0.734851101928593,-0.116673911808597,0.735024007640722
0.83,-0.120176666497038,0.758783513143014,-0.120185249794823,0.758961875391166
0.84,-0.123707198245918,0.783399150844481,-0.123714463915568,0.783583033837955
0.85,-0.127248180848798,0.808709511588768,-0.127253959610088,0.808898978490142
0.86,-0.130791325704066,0.834725912859847,-0.130795438793088,0.83492102651585
0.87,-0.134327614530142,0.861459496518829,-0.134329873817553,0.861660320290961
0.88,-0.13784727500709,0.888921237123762,-0.137847483173453,0.889127835812732
0.89,-0.141339758390481,0.917121955432265,-0.141337709157263,0.917334396287742
0.9,-0.144793719320017,0.946072337334984,-0.144789197733884,0.946290691139606
0.91,-0.148196998030235,0.975782958392766,-0.148189780797424,0.9760073006068
0.92,-0.151536605154774,1.00626431406477,-0.15152646102153,1.0064947260153
0.93,-0.154798709301061,1.03752685561905,-0.154785399475456,1.03776342571514
0.94,-0.157968627560924,1.06958103161196,-0.157951906170565,1.06982385656487
0.95,-0.161030819117259,1.10243733470861,-0.161010433696293,1.10268652073368
0.96,-0.163968882111054,1.13610635349294,-0.163944574107874,1.1363620174673
0.97,-0.166765553952268,1.17059882878289,-0.166737059245116,1.17086109933033
0.98,-0.169402715301849,1.20592571382119,-0.169369764700479,1.20619473229248
0.99,-0.171861398041766,1.24209823755411,-0.171823717733428,1.24237415886695
1,-0.174121797741808,1.27912797003389,-0.174079109594511,1.27941096333204
1.01,-0.176163291604227,1.31702688878124,-0.176115313132247,1.31731713786596
1.02,-0.177964464284243,1.3558074447145,-0.177910907804383,1.35610514819364
1.03,-0.179503149352406,1.39548262598217,-0.179443719084784,1.39578799707171
1.04,-0.180756521205263,1.43606601771455,-0.180690904719784,1.43637928361463
1.05,-0.181701480011851,1.47757185532321,-0.181629325463927,1.47789325607402
1.06,-0.182319587126756,1.52001506850758,-0.182240808720648,1.52034485521008
1.07,-0.182523615950902,1.56341131255582,-0.182435604393441,1.56374974481739
1.08,-0.18244789920757,1.60777698283114,-0.182359567278859,1.60812432526593
1.09,-0.181897174999437,1.65312920748998,-0.181797933142778,1.65348572506859
1.1,-0.180918059870001,1.69948581246163,-0.180811215310057,1.69985176446379
1.11,-0.179478843692446,1.74686525150733,-0.17936417999808,1.74724088378622
1.12,-0.177551920569165,1.79528649275454,-0.177429289421773,1.79567202797322
1.13,-0.175110826416135,1.84476885146596,-0.174980114549613,1.84516447691912
1.14,-0.172129694198323,1.89533175697136,-0.171990831201995,1.89573760956504
1.15,-0.168583396186104,1.946994439721,-0.168436366227108,1.9474105876578
1.16,-0.164447842729757,1.99977552242473,-0.164292697929181,2.00020194314784
1.17,-0.15970037044772,2.05369249742335,-0.159537245999347,2.05412905142872
1.18,-0.154320212616472,2.10876107111758,-0.154149343819574,2.10920747137857
1.19,-0.148289056220329,2.16499435594204,-0.148110797420864,2.16545013294202
1.2,-0.141591691929352,2.22240189170667,-0.141406537101949,2.22286635448503
1.21,-0.134216761405274,2.28098848206248,-0.134025365753417,2.2814606762971
1.22,-0.126157601707395,2.34075283954192,-0.125960803188671,2.34123150455569
1.23,-0.117413178945263,2.40168604539086,-0.117212018032837,2.40216957309847
1.24,-0.107989092237556,2.46376984952501,-0.10778482752647,2.46425624969167
1.25,-0.0978986141987049,2.52697486226873,-0.0976927307202145,2.5274617399094
1.26,-0.0871637158450312,2.59125872292256,-0.0869579222926572,2.59174327497443
1.27,-0.0758160032147099,2.65656436872341,-0.0756122139178996,2.65704340786701
1.28,-0.0638974727314389,2.72281856686164,-0.0636977704114134,2.72328858000655
1.29,-0.0514609766136497,2.78993090423016,-0.0512675530191182,2.79038815114144
1.3,-0.0385702840166645,2.85779344403289,-0.0383853576894692,2.85823409743854
1.31,-0.0252996340773991,2.92628124374888,-0.0251253477520551,2.92670156606638
1.32,-0.0117327081824568,2.99525387607937,-0.0115710123371393,2.99565042037315
1.33,0.00203899859455991,3.06455800115811,0.00218646550560488,3.0649278166412
1.34,0.0159183578389555,3.1340309131851,0.0160503790111441,3.13437173061727
1.35,0.0298052165800603,3.20350484851744,0.0299210821330211,3.20381522024822
1.36,0.0435992472185236,3.27281172422242,0.0436988030289654,3.27309109845371
1.37,0.057202813051759,3.3417879051934,0.0572864659357834,3.34203662375127
1.38,0.0705236212170809,3.41027859295259,0.070592299895916,3.41049781424932
1.39,0.0834769685649137,3.47814149160582,0.0835320466308734,3.47833305235301
1.4,0.0959874472454498,3.54524951948561,0.0960306395934293,3.54541575709575
1.41,0.107990050730804,3.61149247063993,0.108023297500811,3.61163603140089
1.42,0.119430691748067,3.67677765874073,0.119456043482652,3.67690131477619
1.43,0.130266199064757,3.7410296748201,0.130285714105567,3.74113616702054
1.44,0.14046389432149,3.80418944899024,0.140479555524716,3.80428136565273
1.45,0.150000863234962,3.86621282584947,0.150014516996145,3.86629251968318
1.46,0.15886303170283,3.92706885211219,0.15887634887839,3.92713839284568
1.47,0.167044142566937,3.98673794460446,0.167058598571056,3.98679910114857
1.48,0.174544708766742,4.04521006794847,0.174561578937503,4.04526431275909
1.49,0.181370997779411,4.10248301216265,0.181391363836562,4.10253154059818
1.5,0.187534083420733,4.15856082601318,0.187558847175028,4.15860458449853
1.51,0.193048985662308,4.21345243452443,0.193078886791922,4.21349215271237
1.52,0.197933907458368,4.26717044893071,0.197969542917156,4.26720667244289
1.53,0.202209569403871,4.31973016375968,0.202251412722054,4.3197632852993
1.54,0.20589863782613,4.37114872742599,0.205947057119708,4.37117901500296
1.55,0.209025239127033,4.4214444683478,0.209080512984798,4.42147209004377
1.56,0.211614552758612,4.4706363569864,0.211676883208676,4.47066140214569
1.57,0.21369247897927,4.51874358438499,0.213762000030798,4.51876608139867
1.58,0.215285398518291,4.56578523902256,0.215362175371481,4.56580517002527
1.59,0.216420191850703,4.61178006559038,0.216504187059826,4.61179737845425
1.6,0.217127097799439,4.65674629129912,0.21721788060372,4.65676090931883
1.61,0.217386040027635,4.7007015073204,0.217485728025276,4.70071333696089
1.62,0.217343096279598,4.74366259483275,0.217451389459348,4.7436715318722
1.63,0.216900568178157,4.78564568681664,0.217015418568808,4.78565162117223
1.64,0.216129311630351,4.82666615820324,0.216251352565844,4.82666897768195
1.65,0.215055091502669,4.86673863822879,0.215184349685225,4.86673823140356
1.66,0.213700136281858,4.90587703989529,0.213836580165302,4.9058732982698
1.67,0.212087167728127,4.94409460231132,0.212230741002195,4.94408742190518
1.68,0.210238387832047,4.98140394240827,0.210389020514515,4.98139322486792
1.69,0.208175286257017,5.01781711312062,0.208332899517799,5.01780276644027
1.7,0.205918572772089,5.05334566560754,0.206083081518684,5.05332760452718
1.71,0.203488142975196,5.08800071349624,0.203659457469597,5.08797885963063
1.72,0.200903057502801,5.12179299746226,0.201081084497274,5.12176727920462
1.73,0.198181528896717,5.15473294874375,0.198366172506503,5.15470330097997
1.74,0.195340913948479,5.18683075042608,0.195532076371263,5.18679711408975
1.75,0.192397710522739,5.21809639554084,0.19259529266523,5.21805871703507
1.76,0.189367558313692,5.24853974120563,0.18957146036035,5.24849797171468
1.77,0.186265243185857,5.27817055819433,0.186475365130511,5.2781246529059
1.78,0.183104704843403,5.30699857547527,0.183320946995786,5.30694849273265
1.79,0.179899047615938,5.33503351938942,0.180121311089526,5.33497921979142
1.8,0.176660554166498,5.36228514726489,0.176888741350291,5.36222659273036
1.81,0.173400701930539,5.38876327537677,0.173634716944881,5.38870042818969
1.82,0.170130182089279,5.41447780126533,0.170369931224162,5.41441062311497
1.83,0.166858920870718,5.43943872051766,0.167104313003994,5.43936717154752
1.84,0.163596102959768,5.46365613820089,0.16384704995219,5.46358017607859
1.85,0.160350196787154,5.48714027520575,0.160606613851027,5.48705985422471
1.86,0.157128981456544,5.50990146981967,0.157390787494935,5.50981654004171
1.87,0.153939575061721,5.53195017489644,0.154206692975558,5.53186068134311
1.88,0.150788464141253,5.55329695102685,0.151060821102194,5.55320283292524
1.89,0.147681534017423,5.57395245613992,0.147959061704996,5.57385364622723
1.9,0.14462409976921,5.59392743197945,0.144906734571433,5.593823855869
1.91,0.141620937595867,5.61323268790538,0.141908620773247,5.61312426351503
1.92,0.138676316337832,5.63187908246534,0.138968994151302,5.63176571950798
1.93,0.135794028934876,5.64987750316945,0.136091652738859,5.64975910270385
1.94,0.132977423617168,5.66723884488235,0.133279949919488,5.66711529892164
1.95,0.130229434642707,5.68397398722183,0.130536825133537,5.68384517839599
1.96,0.127552612413823,5.70009377132448,0.127864833966182,5.69995957259223
1.97,0.124949152825564,5.71560897630623,0.125266177470194,5.71546925071154
1.98,0.122420925719355,5.73053029571184,0.122742730596925,5.73038489617963
1.99,0.119969502335755,5.74486831421185,0.120296069629456,5.74471708337744
2,0.117596181680089,5.75863348477032,0.117927498531661,5.75847625483697
2.01,0.115302015733828,5.77183610647206,0.115638074146003,5.7716726990912
2.02,0.11308783346255,5.78448630316472,0.113428630190773,5.78431652933348
2.03,0.110954263587933,5.79659400303985,0.111299800024035,5.79641766301097
2.04,0.108901756106315,5.8081689192477,0.109252038156612,5.80798580244699
2.05,0.106930602549887,5.81922053161405,0.107285640509956,5.81903041656117
2.06,0.105040954998458,5.82975806950337,0.105400763426562,5.82956072373204
2.07,0.103232843859957,5.83979049585136,0.103597441450875,5.83958567582533
2.08,0.101506194446531,5.84932649237145,0.101875603907263,5.84911394339333
2.09,0.0998608423801997,5.8583744459241,0.100235090308791,5.85815390203421
2.1,0.0982965478677688,5.86694243602443,0.0986756646362552,5.86671361988727
2.11,0.0968130088890904,5.87503822345284,0.0971970285313496,5.87480084622916
2.12,0.0954098733459392,5.88266923992476,0.0957988334510576,5.88242300112725
2.13,0.0940867502208926,5.88984257876889,0.0944806918324792,5.88958716609979
2.14,0.0928432197967249,5.8965649865588,0.0932421873184952,5.89630007572757
2.15,0.0916788429871014,5.90284285563972,0.0920828840949807,5.90256811015859
2.16,0.0905931698288461,5.90868221749099,0.0910023353898504,5.90839728844576
2.17,0.0895857471848276,5.9140887368653,0.0900000911831036,5.91379326265737
2.18,0.0886561257045248,5.91906770664855,0.0890757051752445,5.91876131270192
2.19,0.0878038660864201,5.9236240433904,0.0882287410588658,5.92330634181354
2.2,0.0870285446819123,5.92776228346909,0.0874587781343266,5.92743287265379
2.21,0.0863297584727734,5.93148657988329,0.0867654163039256,5.9311450440087
2.22,0.0857071294384159,5.93480069973577,0.0861482804654655,5.93444660811698
2.23,0.0851603082903448,5.93770802266684,0.0856070242917762,5.93734092882769
2.24,0.0846889774369365,5.94021154108822,0.0851413332775499,5.93983098130385
2.25,0.0842928526424778,5.94231386516927,0.0847509265488315,5.94191935590866
2.26,0.0839716811269849,5.94401724461119,0.0844355551780359,5.94360827758851
2.27,0.0837252239340033,5.94532367177119,0.0841949839356715,5.94489970484591
2.28,0.0835531149214178,5.94623563637545,0.0840288277783934,5.94579611934377
2.29,0.0834566340048577,5.94674673899525,0.0839394637319548,5.94628764289923
2.3,0.0834380472731398,5.94684519124053,0.0839242405435601,5.94637949687894
2.31,0.0834824031652741,5.94661023671966,0.0839766086866052,5.94612143769963
2.32,0.0836098032414231,5.94593529078949,0.0841100815287953,5.94542953348934
2.33,0.083810470883018,5.94487186034774,0.0843171318933603,5.94434786465784
2.34,0.0840854741542031,5.94341384422484,0.0845986272497082,5.94287096489965
2.35,0.084435093847258,5.94155913968454,0.0849548356359122,5.94099674818519
2.36,0.0848595513621537,5.93930578066247,0.0853859776219103,5.93872323188668
2.37,0.0853590830754371,5.93665153562532,0.0858922901939503,5.93604816466879
2.38,0.0859339542399448,5.93359382381408,0.0864740392269769,5.93296894588919
2.39,0.0865844611263797,5.93012969179028,0.0871315213397305,5.9294826024557
2.4,0.0873109296879424,5.92625580633676,0.0878650624744348,5.92558578168382
2.41,0.0881137127442529,5.92196845304153,0.0886750150350845,5.92127474982564
2.42,0.0889931862725801,5.91726353733911,0.0895617541380614,5.91654539308749
2.43,0.0899497449951794,5.91213658688625,0.0905256731559169,5.91139322001016
2.44,0.0909837973169536,5.90658275484917,0.0915671786067227,5.90581336478197
2.45,0.0920957596153316,5.90059682394516,0.0926866843905706,5.89980059132187
2.46,0.0932860498610905,5.8941732111929,0.0938846053519854,5.89334929808331
2.47,0.0945550805372433,5.88730597337683,0.0951613501354647,5.88645352358191
2.48,0.0959032508165974,5.87998881325609,0.0965173132948478,5.87910695267598
2.49,0.0973309379546301,5.87221508656149,0.0979528666132585,5.87130292364206
2.5,0.0988384878518601,5.86397780983003,0.0994683495879231,5.86303443609434
2.51,0.100426204738502,5.85526966912912,0.101064059032811,5.85429415979928
2.52,0.1020943399337,5.84608302972245,0.102740237751608,5.84507444443641
2.53,0.103843079632044,5.83640994672677,0.104497062234027,5.83536733035405
2.54,0.10567253167141,5.82624217680458,0.106334629329853,5.82516456036366
2.55,0.107582711238492,5.81557119093089,0.108252941857591,5.81445759260997
2.56,0.109573525471858,5.80438818826366,0.11025189310811,5.80323761454528
2.57,0.11164475692698,5.79268411113632,0.112331250208461,5.79149555802467
2.58,0.113796045873655,5.7804496611778,0.114490636317104,5.77922211552597
2.59,0.116026871403557,5.76767531654913,0.116729511629257,5.76640775748149
2.6,0.118336531334459,5.75435135026778,0.119047153180019,5.7530427506907
2.61,0.120724120908022,5.74046784956957,0.121442633443387,5.73911717776104
2.62,0.123188510289889,5.72601473623439,0.123914797737288,5.72462095750098
2.63,0.125728320894257,5.7109817877763,0.126462240458278,5.70954386616257
2.64,0.128341900570014,5.69535865936954,0.129083280184594,5.69387555940285
2.65,0.131027297701776,5.6791349063524,0.131775933702545,5.67760559480255
2.66,0.133782234296669,5.66230000711835,0.134537889028854,5.66072345474879
2.67,0.1366040781462,5.64484338617123,0.13736647751998,5.64321856945574
2.68,0.139489814171718,5.62675443708761,0.140258645178702,5.62508033986341
2.69,0.142436015081552,5.60802254509662,0.14321092328767,5.60629816012249
2.7,0.145438811487381,5.58863710895568,0.146219398519025,5.58686143934136
2.71,0.148493861646368,5.56858756177094,0.149279682688024,5.56675962224248
2.72,0.151596321013586,5.54786339038529,0.15238688233632,5.54598220834965
2.73,0.15474081180566,5.52645415293513,0.155535568346747,5.52451876930684
2.74,0.157921392790959,5.50434949416083,0.158719745805527,5.50235896391379
2.75,0.161131529533502,5.48153915804706,0.161932824339312,5.47949255045539
2.76,0.164364065326614,5.45801299736743,0.165167589163002,5.45590939590147
2.77,0.167611193057914,5.43376097971592,0.168416173079446,5.43159948156194
2.78,0.170864428249269,5.40877318962433,0.171670029673821,5.40655290480067
2.79,0.17411458351378,5.38303982639284,0.174919907943646,5.38075987643994
2.8,0.177351744666951,5.35655119729909,0.178155828600132,5.35421071352629
2.81,0.180565248721186,5.32929770590004,0.181367062268435,5.3268958271791
2.82,0.183743663982427,5.30126983520132,0.184542109803899,5.29880570530373
2.83,0.18687477245594,5.27245812553942,0.187668684929593,5.26993089002302
2.84,0.189945554756325,5.2428531471031,0.190733699388579,5.24026194976259
2.85,0.192942177706333,5.21244546711182,0.193723250794031,5.20978944601726
2.86,0.195849984802169,5.18122561176964,0.196622613353583,5.17850389492778
2.87,0.198653489722455,5.14918402322373,0.199416231643723,5.14639572390806
2.88,0.201336373067839,5.11631101187702,0.202087717619378,5.11345522368479
2.89,0.20388148254512,5.08259670453589,0.204619851068996,5.07967249624354
2.9,0.20627083686711,5.04803098901769,0.206994583778335,5.04503739932127
2.91,0.208485633760151,5.0126034560017,0.209193047776707,5.00953948824551
2.92,0.21050626275185,4.97630333908536,0.211195568297738,4.97316795610192
2.93,0.212312324184464,4.93911945420994,0.212981682815855,4.93591157341702
2.94,0.213882658530707,4.90104013985357,0.214530170107373,4.89775862878215
2.95,0.215195401606888,4.86205319966448,0.215819105244053,4.85869687212424
2.96,0.216228151983452,4.82214584953299,0.2168260353061,4.8187134626628
2.97,0.216959121379277,4.78130467149297,0.217529364189294,4.77779492399291
2.98,0.21734775010534,4.73951557731592,0.217882483827915,4.73592710921753
2.99,0.217393735834769,4.6967637852343,0.217910253763339,4.69309517963818
3,0.217088015039555,4.65303381392284,0.217562184014423,4.64928360122015
3.01,0.216352598026863,4.60830949870197,0.216791260641518,4.60447616389976
3.02,0.215193163764038,4.56257403592439,0.215593561356882,4.55865602981611
3.03,0.213580885188665,4.51581006268518,0.21394085991592,4.51180581774628
3.04,0.211489497133381,4.46799978036646,0.21180698355472,4.46390773240975
3.05,0.208893317369437,4.41912513208807,0.209166323118848,4.41494374887918
3.06,0.205767207427807,4.36916804585882,0.205993835321186,4.36489586405833
3.07,0.202086791635897,4.31811075704235,0.202265272700338,4.31374642899199
3.08,0.197828774267142,4.26593622554557,0.197957508127407,4.26147857752281
3.09,0.192971332368827,4.21262866469499,0.193048934933498,4.20807676828366
3.1,0.187494585131885,4.15817419976123,0.18751994406162,4.15352745786576
3.11,0.181381145598349,4.10256167404119,0.181353483946584,4.0978199227308
3.12,0.174616760541608,4.04578361863652,0.174535708578532,4.04094724534192
3.13,0.167191041835566,3.98783739769104,0.16705671642287,3.98290747517409
3.14,0.159098287707303,3.92872653278616,0.158911377645741,3.92370496664338
3.15,0.150338384570066,3.86846219725419,0.150100239057546,3.86335188240641
3.16,0.14091776923043,3.80706485226231,0.140630484946154,3.80186983090928
3.17,0.130850416967498,3.74456597102022,0.130516917414725,3.73929158102984
3.18,0.120158803668549,3.68100976577277,0.119782902460552,3.67566276478586
3.19,0.108874771183784,3.61645479648786,0.108461209294303,3.61104344380447
3.2,0.097040206918058,3.550975304906,0.0965946530487028,3.54550938143844
3.21,0.0847074354158443,3.48466209023071,0.0842364391738689,3.47915283762568
3.22,0.0719392164493676,3.41762273288172,0.0714501065582307,3.41208269741429
3.23,0.0588082561792386,3.3499809906379,0.0583089807718983,3.34442376622566
3.24,0.0453961690798034,3.28187524475671,0.0448950820267569,3.27631512196664
3.25,0.0317918786491105,3.21345596319819,0.0312974839060049,3.20790750559357
3.26,0.018089509306609,3.14488226482327,0.017610182809365,3.13935984736409
3.27,0.00438588967945112,3.07631779274441,0.00392960343663409,3.07083514566283
3.28,-0.00922215541628094,3.00792621043178,-0.00964808129575276,3.00249601323257
3.29,-0.0226405141170917,2.93986669513339,-0.0230296093049488,2.93450025821444
3.3,-0.0357802873093738,2.87228980377436,-0.0361270644536534,2.86699686118577
3.31,-0.0485599010134898,2.805334026565,-0.0488599193496713,2.80012264619114
3.32,-0.0609067101474768,2.7391232386447,-0.0611565741016671,2.73399983986386
3.33,-0.0727580402978078,2.67376513571043,-0.0729553448807359,2.66873459281551
3.34,-0.084061678769954,2.60935062229324,-0.0842049174227511,2.60441642628532
3.35,-0.0947758768901521,2.54595403103603,-0.0948643279293835,2.54111848252306
3.36,-0.104868957012703,2.48363399732088,-0.104902562745771,2.47889840750635
3.37,-0.114318630013327,2.4224347951415,-0.114297879125542,2.41779967814982
3.38,-0.12311112594541,2.36238794968033,-0.123036945985884,2.35785319589953
3.39,-0.131240227303655,2.30351396937463,-0.131113890773389,2.29907899492466
3.4,-0.138706276143443,2.24582407559781,-0.138529321181252,2.24148794696479
3.41,-0.145515207187251,2.18932184401305,-0.145289372212335,2.18508337933978
3.42,-0.15167764162603,2.13400470354863,-0.151404812400064,2.12986255332609
3.43,-0.157208061919595,2.07986526462551,-0.156890229134667,2.07581797495241
3.44,-0.162124076893694,2.02689246731835,-0.161763302376556,2.02293852881643
3.45,-0.166445778619414,1.97507255317178,-0.166044168407141,1.97121043831166
3.46,-0.170195187466239,1.92438987252155,-0.169754870237995,1.92061806368948
3.47,-0.173395778833974,1.87482754358043,-0.17291888839762,1.87114455379315
3.48,-0.176072084116173,1.82636798133276,-0.17556074477885,1.82277236913129
3.49,-0.178249360121517,1.77899331433178,-0.177705673741068,1.77548369406955
3.5,-0.17995333101302,1.7326857064902,-0.179379364361601,1.7292607549777
3.51,-0.181210065548969,1.68742759938378,-0.180607839403443,1.68408605965199
3.52,-0.182046660548485,1.64320188878003,-0.181418240469727,1.63994257156979
3.53,-0.182475425420169,1.59999204726952,-0.181818837655097,1.59681383073404
3.54,-0.182537042512092,1.55778220314146,-0.181868792137651,1.5546840311561
3.55,-0.182283953470592,1.51655718407205,-0.181588726614926,1.51353806347363
3.56,-0.181679945991594,1.47630253281258,-0.180966734690987,1.47336152983379
3.57,-0.18078332810641,1.43700450087506,-0.180053301313246,1.43414073699546
3.58,-0.179613917473675,1.39865002520685,-0.17886872774814,1.39586267260614
3.59,-0.178193803466478,1.36122669200267,-0.177435081007759,1.35851496877355
3.6,-0.17654475432723,1.32472269110167,-0.17577407050473,1.32208585635591
3.61,-0.174687885170367,1.28912676383715,-0.173906746970039,1.28656411281884
3.62,-0.172643565655724,1.25442814672664,-0.171853414415749,1.25193900602988
3.63,-0.170431379661045,1.22061651299168,-0.169633590724751,1.21820023596507
3.64,-0.168070102847048,1.18768191356453,-0.167265985557913,1.18533787597198
3.65,-0.165577689196165,1.15561471895893,-0.164768487128086,1.15334231495401
3.66,-0.162971263489433,1.12440556314311,-0.162158154895772,1.12220420160339
3.67,-0.160267118432594,1.09404529034697,-0.159451216913459,1.09191439160422
3.68,-0.157480715765342,1.06452490555385,-0.156663071152758,1.0624638985462
3.69,-0.154626690944205,1.03583552926623,-0.153808290401765,1.0338438491293
3.7,-0.151718861106256,1.00796835698965,-0.15090063043647,1.00604544309475
3.71,-0.1487702360761,0.980914623747717,-0.147953041225556,0.979059918187434
3.72,-0.145793032203337,0.954665573821297,-0.144977680953047,0.952878520335176
3.73,-0.142798688825922,0.929212435796664,-0.141985932651847,0.927492479123267
3.74,-0.139797887153803,0.904546402909022,-0.138988423240582,0.902892988544694
3.75,-0.136800571361201,0.880658618580368,-0.135995044750526,0.879071192920173
3.76,-0.133815971667702,0.857540166973554,-0.133014977521596,0.856018177805794
3.77,-0.130852629179934,0.835182068318226,-0.130056715138447,0.833724965640867
3.78,-0.12791842225837,0.813575278708958,-0.127128090870867,0.812182515834069
3.79,-0.125020594168728,0.792710694031532,-0.124236305377998,0.791381728942578
3.8,-0.122165781775108,0.772579157639674,-0.121387955433973,0.77131345456599
3.81,-0.119360045032889,0.753171471381395,-0.118589063433759,0.751968502554474
3.82,-0.116608897043455,0.734478409560732,-0.115845107442325,0.733337657117892
3.83,-0.113917334440105,0.716490735416575,-0.11316105155782,0.715411693419096
3.84,-0.11128986788469,0.699199219704306,-0.110541376369759,0.69818139623908
3.85,-0.108730552467352,0.682594660977352,-0.107990109306228,0.681637580313461
3.86,-0.106243017816686,0.666667907183251,-0.105510854679114,0.665771111957446
3.87,-0.103830497744355,0.651409878211348,-0.103106823253088,0.650572931619152
3.88,-0.101495859266036,0.636811589055666,-0.100780861181955,0.636034077027674
3.89,-0.09924163085919,0.622864173285742,-0.0985354781744687,0.62214570663146
3.9,-0.0970700298370014,0.609558906549211,-0.0963728747705455,0.608899123053569
3.91,-0.0949829887364951,0.596887229861808,-0.0942949686273109,0.59628579632207
3.92,-0.0929821806370174,0.584840772472301,-0.0923034197324996,0.584297386665608
3.93,-0.0910690433425438,0.573411374121093,-0.0903996544798452,0.572925766695133
3.94,-0.0892448023774875,0.5625911065411,-0.0885848885571773,0.562163042822556
3.95,-0.0875104927605818,0.552372294077667,-0.0868601486126945,0.552001575794988
3.96,-0.0858669795348814,0.542747533330288,-0.0852262926782232,0.542434000249151
3.97,-0.0843149770438714,0.533709711742494,-0.0836840293400941,0.533453243213977
3.98,-0.0828550669540475,0.525252025087204,-0.0822339356585464,0.525052541510411
3.99,-0.0814877150331024,0.517367993812967,-0.0808764738452739,0.517225458015638
4,-0.0802132867000159,0.51005147823147,-0.0796120067158784,0.509965896774314
4.01,-0.079032061368826,0.503296692537839,-0.0784408119395473,0.503268116951381
4.02,-0.0779442456114872,0.497098217661369,-0.077363095112117,0.497126745628678
4.03,-0.0769499851664337,0.491451012941687,-0.076379001680373,0.491536789447956
4.04,-0.0760493758167432,0.486350426605199,-0.0754886277436759,0.486493645088377
4.05,-0.0752424731507844,0.481792204954168,-0.0746920297498583,0.48199310851468
4.06,-0.0745293011857292,0.477772500001599,-0.0739892330733241,0.478031382772499
4.07,-0.0739098597362459,0.47428787474248,-0.0733802393707517,0.47460508359494
4.08,-0.0733841300785153,0.471335303402752,-0.0728650322787191,0.471711240238095
4.09,-0.0729520771193048,0.468912156522026,-0.0724435795995275,0.469347281027025
4.1,-0.0726136393002074,0.467016121705504,-0.0721158221848375,0.467510948611495
4.11,-0.0723686422868054,0.465644702299836,-0.0718815698055785,0.466199697689514
4.12,-0.0722154274725299,0.464787532757554,-0.0717404381135403,0.465410400868391
4.13,-0.0721707532912038,0.464537665739311,-0.0717034626262138,0.465203873219768
4.14,-0.072191411398024,0.464653205870889,-0.0717373318360284,0.465394102649141
4.15,-0.0723241437909604,0.465395714420661,-0.0718807581061217,0.466197355609495
4.16,-0.0725477136126983,0.4666469963576,-0.0721154082830569,0.467511922212626
4.17,-0.0728643649244098,0.468420590822075,-0.072443277673514,0.469349975640665
4.18,-0.0732743750434049,0.470719465251881,-0.0728645930057762,0.471714258107061
4.19,-0.0737778029256614,0.473545805959741,-0.0733794041422576,0.474606968433361
4.2,-0.0743746578758837,0.476901978565105,-0.0739877158536017,0.478030515311067
4.21,-0.0750649261842606,0.480790697963476,-0.0746895098750964,0.481987662075784
4.22,-0.0758485741176681,0.485215070228132,-0.0754847469319643,0.486481563772279
4.23,-0.0767255444202346,0.490178602487037,-0.0763733629090993,0.491515775796336
4.24,-0.0776957501161549,0.495685202103891,-0.0773552624619193,0.497094252651368
4.25,-0.0787590666826405,0.501739171263835,-0.0784303110285815,0.503221342315099
4.26,-0.0799153229379849,0.50834519903036,-0.0795983255611593,0.509901778128812
4.27,-0.0811642907598242,0.515508351660605,-0.0808590640833743,0.517140668953791
4.28,-0.0825056736654075,0.523234061503774,-0.0822122141048216,0.524943487908235
4.29,-0.0839390942529421,0.531528114624271,-0.0836573798906703,0.533316059824193
4.3,-0.0854640804901494,0.540396637214946,-0.0851940685735653,0.542264547490996
4.31,-0.087080050832142,0.549846080835277,-0.0868216750907578,0.551795436722219
4.32,-0.0887862981513594,0.559883206500253,-0.0885394659303674,0.561915520274639
4.33,-0.0905819724658746,0.57051506764805,-0.0903465616744639,0.572631880650395
4.34,-0.0924660624581294,0.581748992023889,-0.0922419183326224,0.583951871823094
4.35,-0.09443737578377,0.593592562531569,-0.0942243074674442,0.595883099943099
4.36,-0.0964945181795579,0.606053597121924,-0.096292295123055,0.608433403095243
4.37,-0.0986358713902441,0.619140127808412,-0.0984442195787284,0.621610830203512
4.38,-0.10085956994672,0.632860378923562,-0.100678167962404,0.635423619200971
4.39,-0.103163476841616,0.647222744755853,-0.102991951772913,0.649880174609308
4.4,-0.105545158163653,0.66223576673432,-0.105383081374991,0.664989044700207
4.41,-0.108001856768293,0.677908110357239,-0.107848739547526,0.680758898439852
4.42,-0.110530465079348,0.694248542091212,-0.110385754182636,0.697198502447772
4.43,-0.113127497133926,0.711265906496976,-0.112990570250879,0.714316698231042
4.44,-0.115789060001028,0.728969103867809,-0.115659221165775,0.732122379984043
4.45,-0.118510824721934,0.747367068694328,-0.11838729969849,0.75062447327139
4.46,-0.121287996937798,0.766468749295118,-0.121169928610541,0.769831914936608
4.47,-0.124115287386066,0.786283088974676,-0.124001731188337,0.789753634600325
4.48,-0.126986882462129,0.806819009087854,-0.126876801877721,0.810398538128416
4.49,-0.129896415055403,0.828085394401983,-0.129788677229059,0.831775493461339
4.5,-0.132836935879534,0.850091081153355,-0.132730307373373,0.853893319200076
4.51,-0.135800885524142,0.87284484819255,-0.135694028257244,0.876760776340417
4.52,-0.138780067460329,0.896355411602543,-0.138671534868446,0.900386563535233
4.53,-0.141765622233873,0.920631423153694,-0.14165385568543,0.924779316242927
4.54,-0.144748003078677,0.945681472930266,-0.144631328581964,0.949947610089109
4.55,-0.147716953178836,0.97151409642332,-0.147593578413608,0.975899968727108
4.56,-0.150661484801168,0.998137786334921,-0.150529496505895,1.00264487643138
4.57,-0.153569860511798,1.02556100927814,-0.153427222255707,1.03019079559578
4.58,-0.156429576681552,1.05379222748668,-0.156274127048513,1.05854618923657
4.59,-0.159227349476723,1.08283992556723,-0.159056800686133,1.0877195485176
4.6,-0.161949103526045,1.11271264223679,-0.161761040514329,1.11771942522294
4.61,-0.164579963453848,1.14341900688666,-0.164371843439044,1.14855446899994
4.62,-0.167104248476753,1.17496778070391,-0.166873401027785,1.18023346908319
4.63,-0.169505470282618,1.20736790195911,-0.169249097913858,1.21276540008585
4.64,-0.171766334457153,1.24062853493572,-0.171481513766645,1.24615947130883
4.65,-0.173868745822839,1.27475912182773,-0.173552429187647,1.28042517886689
4.66,-0.175793818284961,1.30976943676714,-0.17544283612031,1.31557235976144
4.67,-0.177521890404999,1.34566964095527,-0.177132954008268,1.35161124683765
4.68,-0.179032550002022,1.38247033765742,-0.178602255222459,1.38855252334259
4.69,-0.180304679885908,1.42018262557028,-0.179829513727632,1.42640737554307
4.7,-0.181316588081782,1.45881814877784,-0.180792958535177,1.46518754155802
4.71,-0.182046796115647,1.49838914116087,-0.181471427199655,1.50490535419756
4.72,-0.182463904458376,1.53890846270606,-0.181823133954263,1.54557377516615
4.73,-0.182539282540242,1.58038962465551,-0.181860866765428,1.5872064174643
4.74,-0.182308337707574,1.62284679982973,-0.18155182051858,1.62981755219412
4.75,-0.181661403474146,1.66629481372708,-0.180839029092194,1.67342209521922
4.76,-0.180615645393461,1.71074911113128,-0.179721905522072,1.71803556823162
4.77,-0.179141901801766,1.75622569192865,-0.178172689643004,1.76367402771933
4.78,-0.177214355167005,1.80274100863553,-0.176165726296719,1.81035395409949
4.79,-0.174807742759752,1.850311816762,-0.173675849751546,1.85809209188368
4.8,-0.171897239253265,1.89895496760658,-0.170678357840682,1.90690523019643
4.81,-0.168458637160613,1.94868713143269,-0.167149214015648,1.95680991132884
4.82,-0.164468625467256,1.99952443731242,-0.163065338629497,2.00782205337885
4.83,-0.159905138224685,2.05148201439297,-0.158404969367528,2.05995647158278
4.84,-0.154747772347742,2.10457341819581,-0.153148091589081,2.11322628195246
4.85,-0.148978279831178,2.15880992517537,-0.147276943970056,2.16764217070156
4.86,-0.142581140366596,2.21419967967418,-0.14077660510202,2.22321151424086
4.87,-0.135544218753021,2.27074668033345,-0.133635664734536,2.27993733799066
4.88,-0.127859507884247,2.32844959885207,-0.125846979317283,2.33781710882244
4.89,-0.119523952175742,2.38730043377367,-0.117408505089456,2.39684136663375
4.9,-0.110540337641729,2.44728301676759,-0.108324192777977,2.45699221636965
4.91,-0.100918223142998,2.50837140945461,-0.0986049157699757,2.51824172339374
4.92,-0.0906748726602626,2.57052825534869,-0.0882693886113252,2.58055028237233
4.93,-0.0798361315428958,2.63370318284253,-0.0773450157785046,2.64386506130757
4.94,-0.0684371722733395,2.69783138838421,-0.0658685938418815,2.70811865462018
4.95,-0.0565230203411331,2.76283255871723,-0.0538867765707162,2.77322810646017
4.96,-0.0441487624988078,2.82861030954653,-0.0414562064926242,2.83909447975809
4.97,-0.0313793427994215,2.89505231604581,-0.0286432226082493,2.90560313895574
4.98,-0.0182888707118372,2.96203127975113,-0.0155230762223704,2.97262487728081
4.99,-0.00495940237904068,3.02940681208921,-0.00217862646559036,3.04001794990641
5,0.00852079116041466,3.0970282200238,0.0113014588507588,3.10763097721289
5.01,0.0220593931088034,3.16473806654097,0.02482491060609,3.17530657165901
5.02,0.0355625119973889,3.23237626883901,0.0382983314933414,3.24288543877979
5.03,0.0489372746878929,3.29978441453979,0.0516297534972882,3.31021063072161
5.04,0.0620943424361831,3.36680994130791,0.0647310858460196,3.37713160714528
5.05,0.0749501629314555,3.43330984700075,0.0775202765337365,3.44350778915807
5.06,0.0874288105999827,3.49915367026139,0.0899230526235446,3.50921136916734
5.07,0.099463324854775,3.56422558713892,0.101874161689926,3.57412924429533
5.08,0.110996518554828,3.62842558369317,0.113318096615807,3.63816405014226
5.09,0.121981284733288,3.6916697652381,0.124209337690937,3.70123436502777
5.1,0.132380470594312,3.75388993512362,0.134512182770056,3.76327421987529
5.11,0.142166410825379,3.81503261459637,0.144200256043151,3.82423208205678
5.12,0.151320218737041,3.87505768334007,0.153255790469827,3.88406948642366
5.13,0.159830927604717,3.93393680567246,0.161668772058059,3.94275947110367
5.14,0.167694560701156,3.99165177938096,0.169436020450379,4.00028494812663
5.15,0.174913191278184,4.0481929110624,0.17656026372542,4.05663710709474
5.16,0.181494036460143,4.10355748956242,0.183049248875862,4.11181391934506
5.17,0.187448613663357,4.15774840120185,0.188914914883589,4.16581878352826
5.18,0.192791975696455,4.21077290841376,0.19417264351388,4.21865933257547
5.19,0.197542031307736,4.2626415972913,0.198840594047009,4.27034640670778
5.2,0.201718951364494,4.31336748866685,0.202939121909255,4.32089318680261
5.21,0.205344656616712,4.36296530068443,0.206490277129305,4.37031447610406
5.22,0.208442380651957,4.41145084732407,0.209517376302001,4.41862611494667
5.23,0.211036300937588,4.4588405560455,0.212044641070953,4.46584451195885
5.24,0.213151232316345,4.50515108787301,0.214096897679005,4.51198627539572
5.25,0.214812385365297,4.55039904426805,0.215699340924218,4.55706792926934
5.26,0.21604523790162,4.59460074661967,0.216877420375683,4.60110570040354
5.27,0.216876007681539,4.63777207584863,0.217657510677407,4.64411536417397
5.28,0.217322201004416,4.67992836129239,0.218049928709137,4.68611213833006
5.29,0.217403667773229,4.72108430961202,0.218104985844513,4.72711061583654
5.3,0.217202556376884,4.76125396588447,0.217853005048124,4.76712472906343
5.31,0.21665955595491,4.80045070029333,0.217275453741005,4.80616773887631
5.32,0.215839959466926,4.83868721490739,0.216423431618097,4.84425224323133
5.33,0.214762216789718,4.87597556594942,0.215316497971643,4.88139020077342
5.34,0.213447736724834,4.91232719772509,0.213976044242474,4.91759296568646
5.35,0.211917662190513,4.94775298502184,0.212423111497695,4.95287133067183
5.36,0.210192503475988,4.9822632813208,0.210678092554452,4.98723557545304
5.37,0.208292042972561,5.01586797060768,0.20876064748409,5.02069551863926
5.38,0.206235295827278,5.04857652093879,0.206689667050772,5.05326057114336
5.39,0.204040489117797,5.080398038229,0.204483253043797,5.08493978965538
5.4,0.201725050057106,5.1113413189921,0.202158707208479,5.11574192893202
5.41,0.199305600069131,5.14141490098969,0.199732525902898,5.14567549188456
5.42,0.196797953413376,5.17062711094107,0.197220399239477,5.17474877664157
5.43,0.194217119678476,5.19898610861871,0.194637214056677,5.20296991993273
5.44,0.19157730972373,5.2264999268075,0.191997060308015,5.23034693629124
5.45,0.188891944763855,5.25317650674317,0.189313240565675,5.25688775270846
5.46,0.186173668346936,5.27902372876952,0.186598282388307,5.28260023849654
5.47,0.183434361000595,5.30404943806599,0.183863953326609,5.30749223022525
5.48,0.180685157330821,5.32826146539785,0.181121278349338,5.33157155169844
5.49,0.177936465358801,5.35166764293177,0.178380559473273,5.35484602902433
5.5,0.17519798787758,5.37427581523884,0.175651397377348,5.37732350091145
5.51,0.172478745605083,5.39609384567642,0.172942714776165,5.39901182438986
5.52,0.169787101904598,5.41712961839876,0.170262781323205,5.41991887621394
5.53,0.167130788839621,5.43739103629448,0.167619239810258,5.44005255024976
5.54,0.164516934327667,5.45688601518692,0.165019133427905,5.45942075118624
5.55,0.161952090157862,5.47562247466102,0.16246893385257,5.47803138493561
5.56,0.159442260640059,5.493608325899,0.159974569929106,5.49589234610589
5.57,0.156992931658937,5.51085145691631,0.157541456724025,5.513011502936
5.58,0.154609099914916,5.52735971559072,0.155174524733254,5.52939668008468
5.59,0.152295302144558,5.54314089087155,0.152878249039416,5.54505563965734
5.6,0.150055644125983,5.55820269254379,0.150656678226753,5.55999606084227
5.61,0.147893829289471,5.57255272990452,0.148513462876585,5.5742255185097
5.62,0.145813186769268,5.58619848968752,0.14645188348211,5.58775146110506
5.63,0.143816698749294,5.59914731354733,0.144474877638084,5.60058118814313
5.64,0.141907026972569,5.61140637538686,0.142585066377913,5.61272182758263
5.65,0.140086538301235,5.62298265878509,0.140784779547732,5.62418031333264
5.66,0.138357329230789,5.63388293475237,0.139076080123559,5.63496336311395
5.67,0.136721249278164,5.64411374001309,0.137460787393539,5.64507745687008
5.68,0.135179923178382,5.65368135598827,0.13594049894216,5.65452881589606
5.69,0.133734771838348,5.6625917886254,0.134516611387035,5.66332338282723
5.7,0.132387032008811,5.67085074920029,0.133190339831144,5.67146680260768
5.71,0.131137774646185,5.6784636361971,0.131962736004113,5.67896440453823
5.72,0.129987921944527,5.68543551836041,0.130834705074722,5.68582118549011
5.73,0.128938263023223,5.69177111901421,0.129807021122482,5.69204179436781
5.74,0.127989468255581,5.69747480177067,0.128880341256241,5.69763051792767
5.75,0.127142102209963,5.7025505578516,0.128055218354907,5.70259126815118
5.76,0.126396635125958,5.70700199555066,0.127332112354562,5.70692757167541
5.77,0.125753452684277,5.71083233334141,0.126711399825845,5.71064256282065
5.78,0.125212863229678,5.71404440168342,0.126193380875163,5.71373898579093
5.79,0.124775098963656,5.7166406741958,0.125778278980001,5.71621923091691
5.8,0.124440291953653,5.71862344147126,0.125466206361184,5.71808555790796
5.81,0.124208247343526,5.71999617727892,0.125256771725552,5.71934226061936
5.82,0.124082023017306,5.72074240283845,0.125157006449387,5.7199523498373
5.83,0.124060915913774,5.72086715301714,0.125150769312214,5.72000131911485
5.84,0.124130817273006,5.72045397581898,0.125248871747702,5.71944156374849
5.85,0.124314142688151,5.71936986687022,0.12545462748705,5.71824068263507
5.86,0.124599166588153,5.71768287797439,0.125762630699309,5.71643318604906
5.87,0.124986872290345,5.71538523523454,0.126173389439907,5.71401371090967
5.88,0.125477228335855,5.71247442705806,0.126686814541383,5.71097989680349
5.89,0.12607002170797,5.70894825821567,0.127302669228999,5.70732951315656
5.9,0.126764946144155,5.7048043001473,0.128020627818028,5.70306006504727
5.91,0.127561615590178,5.70003977759473,0.128840284126,5.69816870493627
5.92,0.128459562095722,5.69465154104985,0.129761147990345,5.6926522110439
5.93,0.129458228555573,5.68863606346507,0.130782637418387,5.68650698591984
5.94,0.130556958866606,5.68198944596705,0.131904068362812,5.67972906293605
5.95,0.131754986287728,5.67470742785526,0.133124642763936,5.67231411673039
5.96,0.133051420282906,5.66678539916924,0.134443435096287,5.66425747610153
5.97,0.134445231960167,5.65821841510878,0.135859377519115,5.65555413870808
5.98,0.135935238159527,5.64900121196137,0.137371243680135,5.64619878724843
5.99,0.137520084221899,5.63912822433745,0.138977631204486,5.63618580692694
6,0.139198225466295,5.62859360356948,0.140676942897711,5.62550930406192
6.01,0.140967907405588,5.61739123714756,0.142467366695312,5.61416312570417
6.02,0.142827144738313,5.60551476906155,0.144346854399206,5.60214088013102
6.03,0.144773699163968,5.59295762090672,0.146313099251676,5.58943595806718
6.04,0.146805056081181,5.57971301359111,0.148363512409695,5.57604155446429
6.05,0.14891840024158,5.56577398946046,0.150495198396124,5.56195069064858
6.06,0.151110590446846,5.55113343463154,0.152704929619094,5.54715623662106
6.07,0.15337813339191,5.53578410129934,0.154989120066468,5.5316509332691
6.08,0.155717156773337,5.51971862975675,0.157343798298322,5.51542741422216
6.09,0.158123381798196,5.5029295698406,0.159764579876549,5.49847822705972
6.1,0.160592095244781,5.48540940149314,0.162246639386579,5.48079585355583
6.11,0.163118121242088,5.4671505541072,0.164784682221429,5.4623727286244
6.12,0.165695792949456,5.44814542430477,0.167372916312433,5.44320125761222
6.13,0.168318924330899,5.42838639178526,0.170005024003585,5.42327383157475
6.14,0.170980782229949,5.40786583287161,0.172674134277229,5.40258284016299
6.15,0.173674058960008,5.38657613138072,0.175372795547285,5.38112068174989
6.16,0.176390845631899,5.36450968644994,0.178092949242287,5.35887977043241
6.17,0.17912260644441,5.34165891696547,0.180825904403916,5.3358525395609
6.18,0.181860154165043,5.31801626226054,0.183562313527467,5.31203144147239
6.19,0.184593627027055,5.29357417878325,0.186292149869022,5.28740894313821
6.2,0.187312467265484,5.268325132475,0.189004686440222,5.26197751748001
6.21,0.190005401509696,5.24226158665195,0.191688476906116,5.23572963016197
6.22,0.192660423243964,5.21537598524294,0.194331338595414,5.20865772173031
6.23,0.195264777541581,5.18766073130865,0.196920337826652,5.1807541850447
6.24,0.197804948273729,5.15910816084764,0.199441777749869,5.15201133802972
6.25,0.200266647993602,5.1297105119863,0.201881188903292,5.12242139186792
6.26,0.202634810702169,5.09945988975127,0.204223322691181,5.09197641486008
6.27,0.204893587719346,5.06834822673479,0.206452148007193,5.06066829229322
6.28,0.207026346922852,5.0363672400881,0.208550851267002,5.02848868278458
6.29,0.209015675699625,5.00350838541524,0.210501840198499,4.99542897171105
6.3,0.21084338814609,4.96976280829374,0.212286751939645,4.96148022249229
6.31,0.212490537568703,4.93512129432168,0.213886466566623,4.92663312667504
6.32,0.213937437017693,4.89957421878849,0.215281129189239,4.89087795397139
6.33,0.215163697504849,4.8631114972948,0.216450192855082,4.85420450364161
6.34,0.216148332114243,4.82572253891359,0.217372552200007,4.81660205889069
6.35,0.216870326647009,4.7873962037993,0.218027502049921,4.77805934627738
6.36,0.217305191683342,4.74812076752604,0.218377667108942,4.73856450252718
6.37,0.21740269747216,4.70788389488388,0.218424763103413,4.69810505161031
6.38,0.217234040938931,4.66667262639801,0.21815255891816,4.6566678955078
6.39,0.216662699597311,4.62447338147777,0.21749459716542,4.61423932276084
6.4,0.215716714958864,4.58127198286611,0.216453622327762,4.57080503969614
6.41,0.214366357766757,4.53705370796372,0.215002313962621,4.52635023015998
6.42,0.212586276249105,4.49180337365648,0.213115543119612,4.48085965068555
6.43,0.210351660570016,4.44550546248669,0.210768607930622,4.43431776926398
6.44,0.207638047324132,4.3981442993689,0.207937180868495,4.38670895727557
6.45,0.204421465611109,4.34970428952949,0.204597485988979,4.33801774562354
6.46,0.200678682103104,4.30017022987978,0.200726560943499,4.28822915762019
6.47,0.196387511115117,4.2495277074984,0.196302582443297,4.23732913256748
6.48,0.19152718734308,4.19776360010772,0.191305255274615,4.18530505503468
6.49,0.18607880582067,4.14486669408984,0.18571626985523,4.13214640523977
6.5,0.180025834971124,4.09082843527872,0.179519833980799,4.07784554522886
6.51,0.173354707747161,4.0356438259087,0.172703283070816,4.02239865310183
6.52,0.166055493253436,3.97931247695323,0.165257770138327,3.96580681257316
6.53,0.158122646731587,3.92183981775917,0.157179031615304,3.9080772567819
6.54,0.149555828972387,3.86323845341425,0.148468217687482,3.84922475254846
6.55,0.14036077674807,3.80352964382688,0.139132765633422,3.7892730934788
6.56,0.130550193603798,3.74274485660358,0.12918728181834,3.72825664722061
6.57,0.120144615656043,3.68092731888675,0.118654383005728,3.6662218745551
6.58,0.109173191019021,3.61813346317361,0.107565431884026,3.60322870817318
6.59,0.0976742962357807,3.55443413251995,0.0959610875696254,3.5393516512409
6.6,0.0856959018664748,3.48991538738143,0.0838915828094652,3.47468043660339
6.61,0.0732955963122983,3.42467874743911,0.0714166398290034,3.40932008457134
6.62,0.0605401863120503,3.35884071536532,0.0586049502238699,3.34339021838058
6.63,0.0475048174864707,3.29253147194467,0.0455331733734484,3.27702354654324
6.64,0.0342715992268365,3.22589270455918,0.0322844518442922,3.21036349959884
6.65,0.0209277714362977,3.15907462733447,0.0189464962523275,3.1435611065317
6.66,0.00756350803680952,3.09223235633083,0.00560934714357465,3.07677129694166
6.67,-0.00573049740742021,3.0255218961681,-0.00763703350160987,3.01014889816116
6.68,-0.0188654863981444,2.9590960541177,-0.0207051637399646,2.94384464267759
6.69,-0.0317569468055886,2.89310060922534,-0.0335122600902523,2.87800149915921
6.7,-0.0443266184096779,2.82767102447943,-0.0459821240129816,2.81275159075109
6.71,-0.0565040740305185,2.76292990934884,-0.0580465938148378,2.74821387941671
6.72,-0.0682278134701501,2.69898533739218,-0.0696465143355402,2.68449269449144
6.73,-0.0794458638650661,2.63593002100901,-0.0807322296080549,2.62167708763994
6.74,-0.090115927185932,2.57384126087486,-0.0912636459947633,2.55984092061658
6.75,-0.100205147809447,2.51278153148441,-0.101209940766979,2.49904354445277
6.76,-0.109689589040112,2.45279953842278,-0.110549003377884,2.43933090920884
6.77,-0.11855350932053,2.39393158298947,-0.119266696301521,2.38073694714868
6.78,-0.126788520621713,2.33620308781267,-0.127356013162991,2.32328509156858
6.79,-0.13439269748862,2.27963016485132,-0.134816197953612,2.26698982094494
6.8,-0.141369689130714,2.22422113781296,-0.141651873697494,2.21185814742499
6.81,-0.147727871414523,2.16997795978876,-0.147872214289923,2.15789099583996
6.82,-0.153479562159364,2.11689749121181,-0.153490180656766,2.10508444215087
6.83,-0.158640312398325,2.06497262212667,-0.158521832404933,2.05343079778552
6.84,-0.163228278283437,2.01419323635556,-0.162985718742491,2.0029195388952
6.85,-0.167263672788669,1.96454702418275,-0.166902347348633,1.95353808785924
6.86,-0.170768292863917,1.9160201556002,-0.170293726661247,1.90527245929317
6.87,-0.173765115801975,1.86859782890471,-0.173182975343781,1.85810778525426
6.88,-0.176277958069003,1.82226471032669,-0.175593992319257,1.81202873505188
6.89,-0.178331191144596,1.77700528005749,-0.177551182330384,1.76701984466999
6.9,-0.179949515500869,1.7328040990132,-0.179079240148716,1.72306576975209
6.91,-0.181157829689026,1.68964600927551,-0.180203046360393,1.6801514747081
6.92,-0.181981551005588,1.64751627961629,-0.180948271036251,1.63826236899565
6.93,-0.182442625823841,1.60640070598867,-0.181326221449585,1.5973844001404
6.94,-0.182541978710469,1.56628567544,-0.181382124343335,1.55750411167254
6.95,-0.182389841074448,1.52715820061469,-0.181150206013113,1.51860867290745
6.96,-0.181903722463089,1.4890059308836,-0.180609686928696,1.48068588640366
6.97,-0.18115671833609,1.45181714516188,-0.179810841236757,1.4437241779882
6.98,-0.180165633714344,1.41558073064783,-0.178772601518969,1.40771257343803
6.99,-0.178951195478089,1.38028615101617,-0.177515704749103,1.37264066523052
7,-0.177533928335065,1.34592340701365,-0.176060536099556,1.33849857221049
7.01,-0.175933745237604,1.31248299191512,-0.174426841075874,1.30527689454721
7.02,-0.174169848280335,1.27995584388872,-0.172633645605936,1.27296666595893
7.03,-0.172260690092748,1.24833329697487,-0.170699222471723,1.24155930484868
7.04,-0.170223954467981,1.2176070320931,-0.168641073999801,1.21104656571349
7.05,-0.168076546082323,1.18776902924339,-0.166475923011356,1.18142049194781
7.06,-0.165834586006637,1.15881152185504,-0.164219709267494,1.15267337095458
7.07,-0.163513411651269,1.13072695405072,-0.161887590211616,1.12479769229564
7.08,-0.161127580449983,1.10350794142947,-0.159493945369575,1.09778610945362
7.09,-0.158690876851642,1.0771472358276,-0.157052383997184,1.07163140563544
7.1,-0.156216322304596,1.05163769438617,-0.154575755668016,1.04632646392008
7.11,-0.153716187973301,1.02697225313747,-0.152076163543606,1.02186424193994
7.12,-0.151202009952087,1.00314390521805,-0.149564980091135,0.998237751182279
7.13,-0.148684606751568,0.980145683722763,-0.14705286502311,0.975440040906984
7.14,-0.146174098835807,0.957970649131196,-0.1445497852358,0.953464186595967
7.15,-0.143679929987022,0.936611881165916,-0.142065036521885,0.932303282780064
7.16,-0.141210890271734,0.916062474879715,-0.139607266830169,0.911950440029413
7.17,-0.138775140379404,0.896315540717342,-0.137184500842814,0.892398785843912
7.18,-0.136380237102786,0.877364208255203,-0.134804165639354,0.873641469140628
7.19,-0.134033159729257,0.859201633290309,-0.132473117217297,0.855671668004942
7.2,-0.131740337114481,0.841821007926684,-0.130197667641969,0.83848260035119
7.21,-0.12950767521431,0.825215573293086,-0.127983612603282,0.822067537125971
7.22,-0.127340584857678,0.809378634519514,-0.125836259164554,0.806419817682626
7.23,-0.125244009552288,0.79430357760077,-0.123760453498021,0.791532866957523
7.24,-0.123222453125997,0.779983887782444,-0.121760608413116,0.77740021408715
7.25,-0.121280007019465,0.766413169117136,-0.119840730496561,0.764015512118438
7.26,-0.119420377059646,0.753585164855626,-0.118004446697508,0.751372558482395
7.27,-0.117646909558605,0.741493778357895,-0.116255030205944,0.739465315921977
7.28,-0.115962616597518,0.730133094231632,-0.114595425488002,0.72828793358831
7.29,-0.114370200371276,0.719497399429945,-0.113028272357292,0.717834768043872
7.3,-0.112872076484322,0.709581204064645,-0.111555928976535,0.708100403936304
7.31,-0.111470396103045,0.700379261715235,-0.110180493698324,0.699079674130858
7.32,-0.110167066883587,0.691886589035309,-0.108903825667345,0.690767679111901
7.33,-0.10896377260589,0.68409848447423,-0.107727564118329,0.683159805481525
7.34,-0.107861991454027,0.677010545936816,-0.106653146313356,0.676251743390437
7.35,-0.106863012886857,0.670618687181882,-0.105681824066328,0.670039502717099
7.36,-0.105967953035115,0.664919152670116,-0.104814678794277,0.664519427720436
7.37,-0.105177768520825,0.659908530285717,-0.104052634991163,0.659688209582469
7.38,-0.104493268452789,0.655583760439154,-0.103396471854646,0.655542895193844
7.39,-0.103915123831542,0.651942136782233,-0.102846832143786,0.652080886420496
7.4,-0.103443871357893,0.648981279749714,-0.102404224253918,0.649299904670873
7.41,-0.103079895964588,0.646698984888586,-0.102068993434429,0.647197769594575
7.42,-0.102823259855504,0.645092119360703,-0.101841000384952,0.645770345836559
7.43,-0.102675171239048,0.644165778282188,-0.101726086844579,0.645052188375065
7.44,-0.10264329037034,0.643966433180043,-0.101713083624595,0.644971588257379
7.45,-0.102698867386534,0.644313964197275,-0.101804604567584,0.645545838756519
7.46,-0.102877002176585,0.645428452507057,-0.102010620379476,0.646837464700917
7.47,-0.103160856969267,0.647206307248536,-0.102323228741725,0.648799247907628
7.48,-0.103551821001519,0.649658934081041,-0.102742955163679,0.651437479131248
7.49,-0.104049721197815,0.65278903466911,-0.103269523675339,0.654754526363051
7.5,-0.104654110216363,0.656598686587614,-0.103902437930708,0.658752485533835
7.51,-0.105364384391618,0.661090115540456,-0.104641051909046,0.66343365868869
7.52,-0.106179801089311,0.666265846414904,-0.105484579557558,0.668800658858281
7.53,-0.107099476465941,0.672128739520072,-0.106432090467161,0.67485643541109
7.54,-0.108122377012415,0.678681995643402,-0.107482500525319,0.681604275703485
7.55,-0.109247308090271,0.685929149956172,-0.108634559885264,0.689047797603529
7.56,-0.110472900440088,0.693874060846921,-0.109886839014229,0.697190937598882
7.57,-0.111797595025852,0.702520895888155,-0.111237713121516,0.706037936289718
7.58,-0.113219626381471,0.711874115877885,-0.112685345113347,0.715593322075525
7.59,-0.114737004557533,0.721938457437219,-0.114227667167593,0.72586189347187
7.6,-0.116347495744484,0.732718914467438,-0.115862361004834,0.736848700346829
7.61,-0.118048601645022,0.744220718702825,-0.117586836931105,0.748559024311813
7.62,-0.119837537673711,0.756449319575682,-0.119398211733878,0.760998358486897
7.63,-0.12171121007125,0.769410363612058,-0.121293285522918,0.774172386865064
7.64,-0.123666192032804,0.783109673589498,-0.123268517619867,0.7880869635135
7.65,-0.125698698963133,0.797553227706078,-0.125320001613929,0.80274809186826
7.66,-0.12780456298545,0.812747139030267,-0.127443439715237,0.818161904398705
7.67,-0.129979206845417,0.828697635521736,-0.129634116551839,0.834334642938092
7.68,-0.132217617366068,0.845411040932843,-0.131886872570406,0.851272639995441
7.69,-0.1345143186233,0.862893756917861,-0.134196077214257,0.868982301379964
7.7,-0.136863345024488,0.88115224669113,-0.136555602064758,0.887470090481967
7.71,-0.139258214484447,0.900193020585093,-0.138958794143218,0.906742514562147
7.72,-0.141691901902882,0.920022623863674,-0.141398449579714,0.926806113403724
7.73,-0.144156813155565,0.940647627144857,-0.143866787862577,0.947667450677899
7.74,-0.146644759817306,0.962074619777585,-0.14635542688742,0.969333108362
7.75,-0.149146934838403,0.984310206501777,-0.148855359027381,0.99180968453063
7.76,-0.151653889397584,1.00736100769538,-0.151356928446947,1.01510379481249
7.77,-0.15415551115369,1.03123366347877,-0.153849809880308,1.03922207776908
7.78,-0.15664100411588,1.05593484190396,-0.156322989092354,1.06417120440558
7.79,-0.159098870348522,1.08147125140356,-0.15876474523654,1.08995789196891
7.8,-0.16151689372307,1.10784965761243,-0.161162635320056,1.11658892212282
7.81,-0.163882125926251,1.1350769046033,-0.163503480984151,1.144071163515
7.82,-0.166180874933609,1.16315994049544,-0.165773357807842,1.1724115986664
7.83,-0.168398696162223,1.19210584730389,-0.167957587349129,1.20161735501749
7.84,-0.170520386530512,1.22192187479386,-0.170040732153492,1.23169573986007
7.85,-0.172529981684478,1.25261547799058,-0.172006593993469,1.26265427876498
7.86,-0.174410756717478,1.28419435786819,-0.173838215677044,1.29450075698426
7.87,-0.176145230867096,1.3166665045987,-0.175517886940222,1.32724326315875
7.88,-0.177715177088521,1.35004024258282,-0.177027155444686,1.3608902344954
7.89,-0.179101638732038,1.38432427630288,-0.178346845671406,1.39545050238884
7.9,-0.180284960847075,1.41952773582987,-0.179457096413359,1.43093333724265
7.91,-0.181244871772654,1.45566022057563,-0.180337476728272,1.46734849099155
7.92,-0.181960885972672,1.49273183959804,-0.180967782416412,1.50470623552616
7.93,-0.182415194150057,1.53075324643357,-0.181314634398889,1.54301739486817
7.94,-0.182535138303764,1.56973566603486,-0.181369919372202,1.58229336852288
7.95,-0.182432172141075,1.60969091091827,-0.181132362158508,1.62254614293453
7.96,-0.181935994300662,1.65063138306349,-0.180527008089295,1.6637882873728
7.97,-0.181090087861089,1.69257005743815,-0.179559730444745,1.706032929872
7.98,-0.179863148017127,1.73552044223024,-0.178203641849886,1.74929370801166
7.99,-0.178230266290998,1.77949650994762,-0.17643414994022,1.79358468836012
8,-0.176167103754549,1.82451259247884,-0.174227029969498,1.83892024729478
8.01,-0.173649588602693,1.87058323200638,-0.171558346295709,1.88531490467397
8.02,-0.170654026381803,1.91772297834062,-0.16840460640263,1.93278310049294
8.03,-0.16715731337498,1.96594612184745,-0.164742995574235,1.9813389032702
8.04,-0.163137211072154,2.01526634975983,-0.160551669721903,2.03099563758438
8.05,-0.158572677421173,2.06569631243769,-0.155810105821293,2.08176541708724
8.06,-0.153444258601067,2.11724708529585,-0.150499514518849,2.1336585687109
8.07,-0.14773454691483,2.16992751198297,-0.144603320442332,2.18668293403879
8.08,-0.141428710099921,2.22374341542563,-0.13810771493155,2.24084303542352
8.09,-0.134515095583064,2.2786966661534,-0.131002283612946,2.29613909806073
8.1,-0.126985909857559,2.33478410264138,-0.123280707273653,2.35256592564424
8.11,-0.118837967903805,2.39199630709381,-0.114941528499553,2.41011163727339
8.12,-0.110073500044616,2.45031625297994,-0.105988968204809,2.46875628771852
8.13,-0.100700993587445,2.50971785833702,-0.0964337653607542,2.52847041240236
8.14,-0.0907360341295916,2.57016450143444,-0.0862940001838402,2.58921356225296
8.15,-0.0802020971120426,2.63160758190916,-0.0755958466507674,2.6509329204917
8.16,-0.0691312255216979,2.69398523849821,-0.0643741862168659,2.71356212038126
8.17,-0.0575645169566144,2.75722135968649,-0.0526730037342516,2.7770204050301
8.18,-0.0455523359284995,2.82122503974244,-0.0405454823291683,2.84121228093497
8.19,-0.0331541691745815,2.88589063231584,-0.0280537201875901,2.90602780879849
8.2,-0.0204380564490444,2.95109853004191,-0.0152680118220305,2.97134364232433
8.21,-0.00747955868623781,3.01671674738712,-0.00226567033474016,3.03702486606262
8.22,0.00563973153839201,3.08260330689133,0.010870587015366,3.10292760110842
8.23,0.0188340807110281,3.14860933507188,0.0240546162890769,3.16890225397384
8.24,0.0320157981719849,3.21458267961485,0.0371990661187499,3.23479719647157
8.25,0.0450975639327951,3.28037178375337,0.0502176836120779,3.30046260176965
8.26,0.0579947303082012,3.34582951452093,0.0630275394413748,3.36575413857409
8.27,0.0706274309461386,3.41081664853761,0.0755510167110686,3.43053624724222
8.28,0.0829223586569434,3.47520477042316,0.0877174416856353,3.49468478305182
8.29,0.0948141186946821,3.53887842234449,0.0994642816201075,3.55808889832267
8.3,0.106246116835488,3.60173643973061,0.110737885831442,3.62065212798653
8.31,0.117170991507055,3.66369249866488,0.121493791644727,3.68229272546149
8.32,0.127550638622287,3.72467497062505,0.131696650767511,3.74294335590796
8.33,0.137355902804471,3.78462622326248,0.14131985155019,3.80255028784302
8.34,0.146566019273573,3.84350152209682,0.150344919293173,3.8610722335257
8.35,0.155167889362346,3.90126768257186,0.158760773135997,3.91847897918482
8.36,0.163155263242083,3.9579016022347,0.16656290775512,3.97474992506997
8.37,0.170527889775884,4.01338877607885,0.173752554537466,4.02987262895568
8.38,0.177290678578153,4.0677218700459,0.180335862757616,4.0838414200616
8.39,0.183452905445573,4.12089940206348,0.1863231283203,4.13665612650077
8.4,0.189027480496361,4.17292455875723,0.191728086759642,4.1883209398725
8.41,0.194030289040872,4.22380415970278,0.196567278712511,4.23884342585027
8.42,0.19847960835798,4.27354776950583,0.200859489905162,4.28823367922496
8.43,0.202395598860303,4.32216695040206,0.20462526350014,4.33650361514124
8.44,0.205799865195758,4.36967464359092,0.207886480065664,4.38366638439074
8.45,0.208715081278258,4.41608466532883,0.210665999114916,4.42973589882877
8.46,0.211164672849351,4.46141130319699,0.212987355964374,4.47472645260496
8.47,0.213172552241723,4.50566899836502,0.214874509089198,4.51865242542762
8.48,0.214762905114111,4.54887210067496,0.216351640032253,4.56152805513561
8.49,0.215960055082763,4.59103468467647,0.217443048244374,4.60336726816056
8.5,0.216788644805901,4.63217041615495,0.218173596264062,4.64418355784926
8.51,0.217275950625186,4.67229246008588,0.21855809233137,4.68398990196894
8.52,0.217398777473749,4.71141342224842,0.218627046588582,4.72279871197305
8.53,0.217307376304594,4.74954531790226,0.218434665833205,4.76062180773097
8.54,0.216882871412667,4.78669956196146,0.217944893228423,4.79747041241148
8.55,0.216213239243895,4.82288697598796,0.217211990674331,4.83335516306035
8.56,0.215312345817458,4.85811780808588,0.216253856402241,4.86828613313623
8.57,0.214200207453313,4.89240176241865,0.215090563856519,4.90227286388127
8.58,0.212896752989899,4.92574803561079,0.21374186724447,4.93532440191765
8.59,0.21142132785977,4.95816535774947,0.212226896459641,4.96744934089431
8.6,0.209792585305867,4.98966203608157,0.210564076871983,4.99865586537223
8.61,0.208028447036161,5.02024599982389,0.208771097289329,5.02895179544471
8.62,0.206146084677129,5.04992484477725,0.20686489432491,5.05834463085132
8.63,0.204161910599025,5.07870587666864,0.204861644913307,5.08684159356901
8.64,0.202091574521754,5.1065961523483,0.202776764167446,5.11444966805892
8.65,0.199949964460527,5.13360251814418,0.200624907371604,5.14117563851745
8.66,0.197751211286792,5.15973164483214,0.198419975468149,5.16702612263103
8.67,0.195508696457292,5.18499005881772,0.196175123622909,5.19200760146689
8.68,0.193235062584516,5.20938416924792,0.193902772555598,5.21612644525146
8.69,0.190942226577913,5.23292029088161,0.191614622369887,5.23938893489399
8.7,0.188641395111871,5.25560466264437,0.189321668640757,5.26180127920752
8.71,0.186343082188446,5.27744346188069,0.187034220527006,5.28336962786265
8.72,0.184057128567164,5.29844281439235,0.184761920680527,5.3041000801826
8.73,0.181792722834905,5.31860880041761,0.182513766724489,5.32399868995078
8.74,0.179558423888083,5.33794745676194,0.180298134072056,5.34307146645507
8.75,0.177362184598557,5.35646477533688,0.178122799856968,5.36132437203588
8.76,0.175211376434905,5.37416669840066,0.175994967748125,5.3787633164396
8.77,0.173112814812442,5.39105911082168,0.173921293422742,5.39539414830356
8.78,0.171072784948974,5.40714782970543,0.171907910476928,5.4112226441159
8.79,0.16909706800889,5.42243859173661,0.169960456558833,5.42625449500244
8.8,0.167190967325839,5.43693703859244,0.168084099517694,5.44049529169529
8.81,0.165359334503632,5.45064870078103,0.166283563372066,5.45395050803355
8.82,0.163606595206066,5.46357898025075,0.164563153911945,5.46662548333768
8.83,0.161936774458694,5.47573313210465,0.162926783762137,5.47852540398514
8.84,0.160353521298817,5.48711624573788,0.161377996747699,5.48965528449836
8.85,0.158860132623852,5.4977332256979,0.159919991416268,5.50001994843654
8.86,0.157459576102237,5.50758877254789,0.158555643586175,5.50962400936254
8.87,0.156154512024713,5.51668736399527,0.157287527802951,5.51847185213604
8.88,0.154947313986572,5.52503323653228,0.156117937599556,5.5265676147685
8.89,0.153840088301958,5.53263036783247,0.15504890446612,5.53391517106987
8.9,0.152834692056985,5.53948246017036,0.154082215440194,5.54051811434159
8.91,0.151932749702295,5.54559292522957,0.153219429220021,5.54637974247812
8.92,0.151135668046516,5.5509648709748,0.152461890653549,5.55150304520688
8.93,0.150444649368061,5.55560109226273,0.151810743262947,5.55589069547655
8.94,0.149860701827177,5.55950407045323,0.151266938681757,5.55954505203706
8.95,0.149384644039605,5.5626760026842,0.150831238053333,5.56246820456548
8.96,0.149017087458809,5.56511896901181,0.150504174308716,5.56466225655794
8.97,0.148758257509358,5.56683615822219,0.150285597125576,5.56613216045619
8.98,0.148609721176435,5.56782045828922,0.150183831179862,5.56682909010068
8.99,0.148578422769328,5.56802776049946,0.1501796507106,5.56686997374668
9,0.148636755647159,5.56764136936718,0.150287838819226,5.56617473547867
9.01,0.148818973525685,5.56643357347724,0.150509372572347,5.56472237691337
9.02,0.14910844085004,5.5645122761819,0.15083908777711,5.56254857446833
9.03,0.149506367784224,5.56186580979824,0.151277167384226,5.55964770897739
9.04,0.150012387458137,5.55849153314422,0.151823095138227,5.55601757473799
9.05,0.150625806751186,5.55438751605553,0.152476095876619,5.55165623514051
9.06,0.151345722147649,5.549551730583,0.153235192722137,5.5465615801692
9.07,0.152171036129796,5.54398189182514,0.1540992134512,5.54073122684235
9.08,0.153100453973829,5.53767541960304,0.155066784491143,5.53416249532932
9.09,0.154132474250946,5.53062943300565,0.156136320213788,5.52685240809579
9.1,0.155265376255022,5.52284075662062,0.157306009609359,5.51879769798944
9.11,0.156497205362761,5.514305931973,0.158573801055085,5.50999482060799
9.12,0.157825756720275,5.50502123178615,0.159937385485861,5.50043996911361
9.13,0.159248557455168,5.49498267601511,0.161394178138827,5.4901290906287
9.14,0.16076284754735,5.48418604908892,0.162941298997661,5.47905790371474
9.15,0.162365559471888,5.47262691798648,0.164575552049819,5.4672219165803
9.16,0.164053296725464,5.46030065084184,0.166293403471252,5.45461644571877
9.17,0.165822311354299,5.44720243579731,0.168090958860732,5.44123663469191
9.18,0.167668480611454,5.4333272998238,0.16996393965654,5.42707747277331
9.19,0.169587282883231,5.41867012721834,0.171907658880257,5.41213381315589
9.2,0.171573773036927,5.40322567747639,0.173916996364858,5.39640039041538
9.21,0.173622557354761,5.38698860222303,0.175986373636574,5.37987183690899
9.22,0.175727768230821,5.36995346087529,0.178109728631664,5.3625426977783
9.23,0.177883038819061,5.3521147346994,0.180280490439796,5.34440744421847
9.24,0.18008147783023,5.33346683892197,0.182491554274973,5.3254604846736
9.25,0.182315644683931,5.31400413255509,0.184735256882499,5.30569617362122
9.26,0.184577525228538,5.29372092560219,0.187003352596198,5.28510881761865
9.27,0.186858508246258,5.27261148332533,0.189286990263879,5.26369267830101
9.28,0.189149362963326,5.25067002727623,0.191576691260962,5.24144197204502
9.29,0.191440217786093,5.22789073282292,0.193862328812325,5.21835086604639
9.3,0.193720540483129,5.20426772294256,0.196133108841258,5.19441347059982
9.31,0.19597912003173,5.17979505809794,0.198377552562467,5.16962382742221
9.32,0.198204050345253,5.15446672207227,0.200583481034109,5.1439758939196
9.33,0.20038271609657,5.12827660370298,0.2027380018831,5.11746352336857
9.34,0.202501780854188,5.10121847453109,0.20482749842007,5.09008044106262
9.35,0.204547177753725,5.07328596246917,0.206837621367809,5.06182021656432
9.36,0.206504102942642,5.0444725216874,0.208753283444606,5.0326762323052
9.37,0.208357012069176,5.01477139902586,0.210558657081375,5.00264164888859
9.38,0.210089620158508,4.98417559736176,0.212237175635228,4.97170936757725
9.39,0.211684905391247,4.95267783649652,0.213771538673792,4.93987199059003
9.4,0.213125117775467,4.92027051227969,0.215143722543611,4.9071217799924
9.41,0.214391795292749,4.88694565486069,0.216334999818172,4.87345061614939
9.42,0.215465796755889,4.85269488715733,0.217325982692675,4.83884995691965
9.43,0.216327398475824,4.81750938486021,0.218096785096411,4.80331079901469
9.44,0.216956860298075,4.78137983955927,0.218628524010227,4.76682364323306
9.45,0.217329155394497,4.74429642689406,0.218875593520371,4.72937846561703
9.46,0.217406457637806,4.70624878200112,0.218875773473991,4.6909646969785
9.47,0.21723696161808,4.66722598497287,0.218556272138549,4.65157121371407
9.48,0.216709582738742,4.62721655956606,0.217898736817904,4.61118634339045
9.49,0.215843103693324,4.58620848901683,0.216890430676112,4.56979788924323
9.5,0.214610104353891,4.54418925354789,0.215506313069294,4.52739317850711
9.51,0.212986451467962,4.50114589500293,0.21372248017452,4.48395914039469
9.52,0.210948369899709,4.45706511501948,0.211515261173327,4.43948242056503
9.53,0.208472288551054,4.41193341425413,0.208861228959388,4.39394954006608
9.54,0.205534963749326,4.36573728138437,0.205737363058475,4.34734710796979
9.55,0.202113684618284,4.31846344189071,0.202121277454717,4.29966209819115
9.56,0.198186532376152,4.27009917789557,0.197991500479922,4.25088220219801
9.57,0.19373269163466,4.22063273147715,0.193327808000722,4.2009962703243
9.58,0.188732817694065,4.17005380469094,0.188111614615823,4.149994854964
9.59,0.183169465239034,4.11835416973518,0.182326428178303,4.09787086871694
9.6,0.177027583553366,4.06552840188774,0.175958372147219,4.04462036912996
9.61,0.170295081844841,4.01157474549422,0.16899677819521,3.9902434784494
9.62,0.162963465377077,3.95649611874128,0.161434847937579,3.93474544107824
9.63,0.15502853853442,3.90030125545174,0.153270377278469,3.87813781245952
9.64,0.146491164359422,3.84300597092599,0.144506529388436,3.82043976018978
9.65,0.137358061255141,3.78463452332781,0.135152632589102,3.76167944088296
9.66,0.127642606440359,3.72522102210755,0.125224967609219,3.70189539481911
9.67,0.117365602839818,3.66481081112456,0.114747495517075,3.64113787588402
9.68,0.106555952509728,3.60346172837982,0.10375246459659,3.57947000929711
9.69,0.0952511674168972,3.54124512013658,0.0922808238500466,3.51696864836516
9.7,0.0834976402564127,3.47824646995452,0.0803823657769948,3.45372478976056
9.71,0.0713505974583869,3.4145654993274,0.0681155250209375,3.3898434111325
9.72,0.0588736669712291,3.35031561274898,0.0555467752941153,3.32544262092388
9.73,0.0461380170302358,3.28562260066132,0.0427495959015436,3.26065206075493
9.74,0.0332210587223603,3.22062257891213,0.0298030195762643,3.19561057305299
9.75,0.0202047511658511,3.1554592267381,0.0167898201835072,3.1304632317005
9.76,0.00717359652678105,3.09028047396419,0.00379444420488944,3.06535791665176
9.77,-0.00578754631700855,3.025234864813,-0.00909917534116463,3.00044167767284
9.78,-0.0185956748836691,2.96046787344965,-0.0218097674382801,2.93585716307219
9.79,-0.0311717244304259,2.89611845377084,-0.0342606845982918,2.87173937927326
9.8,-0.0434423778103833,2.83231607115573,-0.046381554216591,2.80821299885659
9.81,-0.0553415012836677,2.76917839530918,-0.0581095375184171,2.74539035962567
9.82,-0.0668111509530472,2.70680974660113,-0.0693901606793553,2.68337021165137
9.83,-0.0778021423254705,2.64530030123123,-0.0801777267476307,2.62223718935857
9.84,-0.0882742159472752,2.58472598796921,-0.0904353517965906,2.5620619235277
9.85,-0.0981958603071658,2.52514895985368,-0.100134691091744,2.50290166935558
9.86,-0.107543867964074,2.46661850006619,-0.10925543089252,2.44480131129442
9.87,-0.116302703669486,2.4091722189606,-0.117784620954232,2.38779460898232
9.88,-0.124463757242752,2.35283741277343,-0.12571591502453,2.33190556503203
9.89,-0.132024542659367,2.29763247711626,-0.133048774876274,2.27714981859916
9.9,-0.138987891340213,2.24356829414799,-0.139787680366355,2.22353599350707
9.91,-0.145361174273443,2.19064953719138,-0.145941375536405,2.17106695285564
9.92,-0.151155575762609,2.13887585806002,-0.151522169967733,2.11974093160654
9.93,-0.156385431932262,2.08824293946807,-0.156545305929792,2.06955253392929
9.94,-0.161067639763917,2.03874340754319,-0.161028395346939,2.02049359321707
9.95,-0.165221137192238,1.99036760814611,-0.164990926030343,1.97255390018039
9.96,-0.168866451325542,1.94310425615526,-0.168453833649301,1.92572180902048
9.97,-0.172025309798042,1.89694096987725,-0.171439134209328,1.879984734094
9.98,-0.174720309304961,1.85186470399313,-0.173969611099974,1.83532955035107
9.99,-0.176974635389557,1.8078620945233,-0.176068551046066,1.79174291067616
10,-0.178811829015888,1.76491972863332,-0.177759525410285,1.74921149248612
10.01,-0.180255601659103,1.72302435103174,-0.179066223017905,1.70772218482634
10.02,-0.181329733977857,1.68216301745301,-0.180012403714949,1.66726222595161
10.03,-0.182058394628959,1.64232320441973,-0.180622846557798,1.62781930011022
10.04,-0.182461572291606,1.60349288322893,-0.180900953508591,1.58938160104503
10.05,-0.182545434516936,1.5656605649572,-0.180916844125022,1.55193786862554
10.06,-0.182402341121268,1.52881532225219,-0.180657235575808,1.51547740404759
10.07,-0.181966116127953,1.49294679277979,-0.180139144161834,1.4799900681864
10.08,-0.18130048772121,1.45804516842182,-0.17939670923039,1.44546626695673
10.09,-0.180421752495275,1.42410117365947,-0.178448536555241,1.4118969269112
10.1,-0.179349359313466,1.39110603601811,-0.177314036338034,1.37927346378031
10.11,-0.178102497462017,1.35905145097727,-0.17601216870339,1.34758774621223
10.12,-0.176699749185683,1.32792954335116,-0.174561248430344,1.31683205659471
10.13,-0.175159006415891,1.29773282680831,-0.172978887686413,1.28699905052247
10.14,-0.173497439698026,1.26845416291279,-0.17128197229949,1.25808171620231
10.15,-0.171731483930587,1.24008672082479,-0.169486650672015,1.23007333485596
10.16,-0.169876832148422,1.21262393858753,-0.16760832949786,1.20296744297934
10.17,-0.167948434471289,1.18605948674442,-0.165661674167924,1.17675779714237
10.18,-0.165960501010028,1.16038723486965,-0.16366061289714,1.1514383418595
10.19,-0.16392650809251,1.13560122145394,-0.161618344022376,1.1270031809255
10.2,-0.161859207396025,1.11169562746152,-0.159547346093033,1.10344655249054
10.21,-0.159770637671228,1.08866475376278,-0.157459390454554,1.08076280804174
10.22,-0.157672138789091,1.06650300254783,-0.155365556062768,1.05894639536323
10.23,-0.155574367864677,1.04520486273843,-0.153276246285344,1.0379918454635
10.24,-0.153487317222012,1.02476489933883,-0.15120120745536,1.01789376338523
10.25,-0.151420333968927,1.0051777465993,-0.149149548945777,0.998646822750398
10.26,-0.149382140952495,0.986438104808989,-0.147129764535397,0.980245763839718
10.27,-0.147380858866619,0.968540740487793,-0.14514975483803,0.962685394962012
10.28,-0.145424029284533,0.951480489708292,-0.143216850568414,0.945960596834045
10.29,-0.14351863839119,0.93525226424949,-0.14133783642126,0.930066329665145
10.3,-0.141671141194197,0.919851060262795,-0.139518975344245,0.914997642622634
10.31,-0.139887485997299,0.905271969116991,-0.137766032991785,0.900749685343154
10.32,-0.13817313892744,0.891510190082283,-0.13608430215415,0.887317721150835
10.33,-0.136533108315087,0.878561044512878,-0.134478626965742,0.87469714164487
10.34,-0.134971968737613,0.866419991192404,-0.132953426706925,0.862883482325918
10.35,-0.133493884546756,0.855082642515309,-0.131512719025495,0.851872438941494
10.36,-0.132102632713285,0.844544781189402,-0.130160142416279,0.841659884244212
10.37,-0.130801624834487,0.834802377157762,-0.128898977810065,0.832241884871526
10.38,-0.12959392816233,0.82585160444939,-0.127732169135524,0.823614718068376
10.39,-0.128482285521171,0.817688857670956,-0.126662342728732,0.815774887978018
10.4,-0.127469133991218,0.810310767831819,-0.125691825471862,0.808719141203891
10.41,-0.126556622232068,0.803714217111483,-0.12482266153816,0.802444481246103
10.42,-0.125746626292337,0.797896351914803,-0.12405662758155,0.796948181078391
10.43,-0.125040763640751,0.792854592721326,-0.123395246052597,0.792227791966367
10.44,-0.124440404744663,0.788586636302698,-0.122839795692685,0.788281142126612
10.45,-0.123946679807137,0.785090433783778,-0.122391315273228,0.78510629769211
10.46,-0.123560469100281,0.782364063533854,-0.122050577449084,0.782701322685402
10.47,-0.123282289911607,0.780404888012351,-0.121817787217431,0.781062099392487
10.48,-0.123110988776275,0.779200328750425,-0.121698601537907,0.780224963429692
10.49,-0.123065822311453,0.778882949544345,-0.121683513050826,0.780120008040503
10.5,-0.12309705215655,0.779102390652683,-0.121772568310371,0.78074896336781
10.51,-0.123259168756012,0.780242219375205,-0.121977760972302,0.782196483293578
10.52,-0.123526658013825,0.782125733242793,-0.122290244779056,0.784404041300128
10.53,-0.123901905214438,0.784773977590659,-0.122710314576774,0.787378745577428
10.54,-0.124384483256547,0.78819002555527,-0.123237310371272,0.791122822555692
10.55,-0.124973527056564,0.79237569269541,-0.12387024316029,0.79563803383005
10.56,-0.12566790254178,0.797332769244929,-0.124607868771233,0.800926243010427
10.57,-0.126466230632036,0.803063243810082,-0.125448697078591,0.806989539758079
10.58,-0.127366885646697,0.809569357350521,-0.126390986541433,0.81383027068683
10.59,-0.128367986159999,0.816853613827634,-0.127432733481411,0.821451042943923
10.6,-0.129467382439775,0.824918776297623,-0.128571658585039,0.829854717604437
10.61,-0.130662641722058,0.833767856927947,-0.129805191472415,0.839044398445649
10.62,-0.131951031807687,0.843404103978527,-0.131130453698946,0.849023418273902
10.63,-0.133329503229235,0.853830987059899,-0.132544240401019,0.859795323824056
10.64,-0.134794670157237,0.865052181361224,-0.134043000744069,0.871363859819191
10.65,-0.13634279019013,0.877071551302334,-0.135622817316633,0.883732952606654
10.66,-0.137969743168703,0.88989313397007,-0.137279384614156,0.896906693718717
10.67,-0.139671009160964,0.903521122664603,-0.139007986763015,0.910889323681915
10.68,-0.141441645772246,0.917959850872495,-0.140803474644557,0.925685216394097
10.69,-0.143276264945696,0.933213776984687,-0.142660242589349,0.94129886439063
10.7,-0.145169009428894,0.949287470082715,-0.14457220482211,0.957734865325605
10.71,-0.147113529092579,0.966185597121048,-0.146532771847524,0.97499790999702
10.72,-0.149102957296681,0.98391291183556,-0.148534826975722,0.993092772244805
10.73,-0.151129887506926,1.00247424570592,-0.150570703193515,1.01202430104571
10.74,-0.153186350371763,1.0218745012923,-0.15263216059318,1.03179741511866
10.75,-0.15526379147431,1.04211864825282,-0.154710364574666,1.05241710033677
10.76,-0.15735304997724,1.0632117223275,-0.156795865039627,1.07388841021824
10.77,-0.159444338380297,1.08515882754584,-0.158878576796719,1.09621646973532
10.78,-0.161527223610636,1.10796514187842,-0.160947761397704,1.1194064826405
10.79,-0.163590609665941,1.1316359265076,-0.162992010623416,1.14346374245907
10.8,-0.165622722030054,1.15617653883802,-0.16499923183856,1.16839364723878
10.81,-0.167611094081741,1.181592449304,-0.166956635435794,1.19420171807925
10.82,-0.169542555720891,1.20788926195744,-0.16885072459439,1.22089362138568
10.83,-0.17140322444582,1.23507273873678,-0.170667287590215,1.24847519470329
10.84,-0.173178499135624,1.26314882722284,-0.172391392918177,1.27695247588908
10.85,-0.17485305683507,1.29212369158218,-0.174007387541358,1.30633173526601
10.86,-0.176410852938226,1.32200374627934,-0.175498898708527,1.33661951027905
10.87,-0.177835125420687,1.3527956920063,-0.176848840139692,1.36782264203072
10.88,-0.179108404538979,1.38450655312618,-0.178039424599139,1.3999483129136
10.89,-0.180212532264181,1.41714371575703,-0.17905219009764,1.43300408437369
10.9,-0.181128709326045,1.45071496542474,-0.179868077234532,1.46699793362769
10.91,-0.181837682323269,1.48522852298709,-0.180467885177622,1.50193828791262
10.92,-0.182321566335099,1.52069307726608,-0.180828227695403,1.53783405455971
10.93,-0.182531928925336,1.55711781251575,-0.180912220563288,1.57469464484906
10.94,-0.182514977643604,1.59451242848716,-0.180765794488647,1.61252998920463
10.95,-0.182188491784348,1.63288715042061,-0.180281143343739,1.65135054082147
10.96,-0.181542819653767,1.67225272578609,-0.179477206583102,1.69116726426559
10.97,-0.180562388371867,1.71262040399279,-0.178327141106118,1.73199160493963
10.98,-0.179222975147616,1.75400189458712,-0.176807403563599,1.77383543455453
10.99,-0.177501232344901,1.7964092986459,-0.174894762390007,1.81671096688115
11,-0.175373965709534,1.83985500714207,-0.172566126284392,1.86063063707675
11.01,-0.17281815824455,1.88435155902121,-0.169798648987734,1.90560693680049
11.02,-0.169811123554729,1.92991145059479,-0.166569912839851,1.95165219618026
11.03,-0.166330716566387,1.9765468866747,-0.162858162180608,1.99877830252816
11.04,-0.162355591322046,2.02426946271794,-0.15864258397209,2.04699634462207
11.05,-0.157865507429366,2.07308976624446,-0.153903639049092,2.09631617053154
11.06,-0.15284168976852,2.12301688512488,-0.148623448977833,2.14674584659671
11.07,-0.147267246683046,2.17405781028173,-0.142786243493958,2.19829100559158
11.08,-0.141127651322127,2.2262167212875,-0.136378872413873,2.25095407375252
11.09,-0.134411289185086,2.27949414576874,-0.129391383697579,2.30473336977379
11.1,-0.127110072044492,2.33388598804734,-0.121817665729882,2.35962207471034
11.11,-0.11922011399005,2.38938242975304,-0.113656146573412,2.41560708066264
11.12,-0.110742459034873,2.44596671590475,-0.104910535672258,2.47266773874519
11.13,-0.101683841353792,2.5036138546917,-0.0955905841585766,2.53077454346612
11.14,-0.0920574488163192,2.56228927797732,-0.085712828773,2.5898878109918
11.15,-0.081883648492744,2.62194753172164,-0.0753012722046477,2.64995643160991
11.16,-0.0711906203239058,2.68253108924357,-0.0643879408281825,2.7109167995074
11.17,-0.0600148339935605,2.74396940221934,-0.0530132515759179,2.77269204171446
11.18,-0.0484012968388396,2.80617831970457,-0.0412261158948481,2.83519167738536
11.19,-0.036403500505702,2.86906000834697,-0.0290837134813271,2.89831183260159
11.2,-0.0240830040229511,2.93250349144744,-0.0166508842633514,2.96193610964409
11.21,-0.0115086129781829,2.99638588663861,-0.00399911479571146,3.02593716117332
11.22,0.00124485170311115,3.06057436173103,0.00879486687302115,3.09017895181542
11.23,0.0140981595017221,3.12492875149085,0.021650830484392,3.15451961091054
11.24,0.0269695700920923,3.18930469641646,0.0344870181908894,3.21881470415405
11.25,0.0397769081502261,3.25355709351498,0.0472222243641502,3.28292069394449
11.26,0.0524396698383137,3.3175436040452,0.0597778360225333,3.3466983313186
11.27,0.0648810130584602,3.3811279546891,0.0720796950597351,3.41001573262722
11.28,0.077029499838941,3.44418279869691,0.0840596679829588,3.4727509390656
11.29,0.088820492568404,3.50659196510925,0.0956568466317656,3.53479382645293
11.3,0.100197148910144,3.56825200336012,0.106818346483635,3.59604731151184
11.31,0.111111004558794,3.62907301132573,0.117499709821512,3.65642787466584
11.32,0.121522171151497,3.6889788034474,0.127664953367958,3.71586547715921
11.33,0.131399203966915,3.74790652348041,0.137286321015018,3.77430298676867
11.34,0.140718709062747,3.80580583130613,0.146343811842806,3.83169524150098
11.35,0.149464763357488,3.86263779760062,0.154824553577755,3.88800787820048
11.36,0.157628216557088,3.91837362931727,0.16272208483165,3.94321603843925
11.37,0.165205933953765,3.97299332902707,0.1700355988228,3.99730304302963
11.38,0.172200026878232,4.02648436758889,0.176769189281058,4.05025910359474
11.39,0.178617105159779,4.07884042638619,0.182931127639494,4.10208011805911
11.4,0.18446757473502,4.13006024491017,0.188533190466358,4.15276657849466
11.41,0.189764994245125,4.18014659291861,0.193590047859747,4.20232260519823
11.42,0.194525497263984,4.22910537394788,0.1981187172758,4.25075511015299
11.43,0.198767281579237,4.2769448582337,0.20213808280962,4.29807308568634
11.44,0.202510163416935,4.32367503746716,0.205668477003271,4.34428700954285
11.45,0.205775192322072,4.36930709057549,0.208731320502395,4.38940835508395
11.46,0.208584321273178,4.41385294822,0.211348814051545,4.43344919431413
11.47,0.210960126311738,4.45732494339783,0.213543677266814,4.47642188142707
11.48,0.212925570570453,4.49973553599119,0.215338929613457,4.51833880518787
11.49,0.214503810183859,4.54109710000933,0.216757713133619,4.55921219944282
11.5,0.215718050913063,4.5814217633908,0.217823177785537,4.5990540021843
11.51,0.216591537466089,4.62072129142654,0.218558630243277,4.6378757547695
11.52,0.217148709627629,4.65900700603395,0.218988285306204,4.67568853401775
11.53,0.217390001150129,4.69628973420313,0.219100552355931,4.71250291095056
11.54,0.217390277045336,4.73257977992128,0.219016508596543,4.74832893086854
11.55,0.21712818761759,4.76788691475008,0.218642134377628,4.78317611027579
11.56,0.216626800263452,4.80222038298531,0.21805312185797,4.81705344686822
11.57,0.21591643794925,4.83558891797512,0.217263229563792,4.84996943940685
11.58,0.215015315737509,4.86800076672477,0.216291176331174,4.88193211481125
11.59,0.213942209039741,4.89946372038386,0.215155533723297,4.91294906024489
11.6,0.212715412291299,4.92998514860808,0.213874297033413,4.94302745833391
11.61,0.211352573614995,4.95957203612402,0.212464790971676,4.97217412397529
11.62,0.209870646445288,4.98823102011205,0.210943636888907,5.00039554145863
11.63,0.208285870034013,5.01596842726699,0.209326738707544,5.02769790085611
11.64,0.206613761065638,5.04279030960798,0.207629277331038,5.054087132834
11.65,0.204869111379814,5.06870247829207,0.205865710268837,5.07956894121255
11.66,0.203065989967698,5.09371053484639,0.204049775143232,5.10414883275288
11.67,0.201217748383919,5.11781989937487,0.202194496389449,5.1278321437829
11.68,0.199337029069894,5.14103583542011,0.200312194710087,5.15062406339312
11.69,0.19743577623025,5.1633634712713,0.198414498953307,5.17252965303731
11.7,0.195525248970355,5.18480781760691,0.196512360135239,5.19355386246574
11.71,0.193616036435041,5.20537378144675,0.194616067352247,5.21370154199965
11.72,0.191718074704465,5.22506617646353,0.192735265341565,5.23297745122647
11.73,0.189840665211153,5.24388972976903,0.190878973455463,5.2513862642557
11.74,0.187992494446448,5.26184908534557,0.189055605817921,5.26893257172674
11.75,0.186181654727341,5.27894880433948,0.187272992435675,5.28562087980172
11.76,0.184415665797189,5.29519336247062,0.185538401038468,5.30145560640998
11.77,0.182701497037008,5.31058714484107,0.183858559427178,5.31644107503592
11.78,0.181045590068346,5.32513443844682,0.182239678113526,5.33058150635943
11.79,0.179453881534396,5.33883942271044,0.180687473041489,5.34388100806895
11.8,0.177931825853141,5.35170615835998,0.179207188188381,5.35634356317122
11.81,0.176484417744792,5.36373857498074,0.177803617852689,5.36797301712097
11.82,0.175116214345472,5.37494045756431,0.176481128446033,5.3787730640884
11.83,0.173831356729659,5.38531543237298,0.175243679617663,5.38874723267403
11.84,0.172633590674889,5.39486695243218,0.174094844551245,5.39789887137292
11.85,0.171526286512768,5.40359828296246,0.173037829284318,5.40623113408813
11.86,0.170512457918618,5.41151248707897,0.172075490908557,5.41374696601286
11.87,0.169594779493844,5.41861241215139,0.17121035450782,5.42044909028393
11.88,0.168775602977949,5.42490067742161,0.170444628662449,5.4263399960887
11.89,0.16805697185184,5.43037966411256,0.169780219226955,5.43142192985697
11.9,0.167440633815772,5.43505151140993,0.169218740603873,5.43569689472907
11.91,0.166928049507911,5.43891813010691,0.168761521517733,5.43916667946489
11.92,0.166520390304065,5.44198128700935,0.168409588897169,5.44183303316343
11.93,0.166218478751562,5.44424310651454,0.168163477987396,5.44369904625508
11.94,0.166022025937078,5.44571180884898,0.168026188426408,5.44475020376295
11.95,0.16594334741663,5.44629936600964,0.167998767583545,5.44496990460495
11.96,0.165952566007037,5.44623053734017,0.168064447378717,5.44450411145861
11.97,0.166078725911471,5.44528816177194,0.168248561752965,5.44314522115904
11.98,0.166312632808376,5.44353834873361,0.168537493828975,5.44099789717996
11.99,0.166652130938054,5.44099253594951,0.168931874860569,5.43805097723456
12,0.167096885035474,5.4376464014059,0.169430960590945,5.43430200682326
12.01,0.167645928355696,5.43349813295538,0.170033602557262,5.42974936258241
12.02,0.168297961599644,5.42854615066525,0.170738347579384,5.42439141824029
12.03,0.169051392962865,5.42278875045071,0.171543451449026,5.41822637312869
12.04,0.169904340154277,5.41622402078861,0.172446874748134,5.41125220836548
12.05,0.170854622522698,5.40884982280661,0.173446272712532,5.40346667831883
12.06,0.171899749187838,5.4006637901168,0.17453898215191,5.39486731451446
12.07,0.173036904857271,5.39166333628935,0.175722006421161,5.3854514348336
12.08,0.174262933953066,5.38184566582403,0.176991998870874,5.37521615529305
12.09,0.175574323355253,5.37120778690903,0.178345245022537,5.36415840317135
12.1,0.176967183965295,5.35974652510503,0.179777643652592,5.35227493079091
12.11,0.178437231259171,5.34745853741617,0.181284686951059,5.33956232948301
12.12,0.179979764992248,5.3343403263398,0.182861439918711,5.32601704335198
12.13,0.181589648221037,5.32038825353962,0.184502519171929,5.31163538249144
12.14,0.183261285814019,5.30559855280722,0.186202071332128,5.29641353532005
12.15,0.184988602632326,5.28996734198433,0.187953751185221,5.28034757971001
12.16,0.186765021569714,5.27349063352136,0.189750699804828,5.26343349258549
12.17,0.188583441649355,5.25616434335174,0.191585522840425,5.24566715767425
12.18,0.190436216382061,5.23798429776816,0.193450269177944,5.227044371105
12.19,0.192315132596285,5.21894623799872,0.195336410185288,5.20756084455838
12.2,0.194211389954718,5.19904582219846,0.197234819758921,5.18721220570069
12.21,0.19611558137537,5.17827862459612,0.199135755390066,5.16599399565781
12.22,0.198017674577028,5.15664013156794,0.201028840470539,5.14390166332337
12.23,0.199906994970251,5.13412573444993,0.202903048059222,5.12093055633922
12.24,0.201772210116181,5.11073071894896,0.204746686331404,5.09707590864001
12.25,0.203601315977526,5.08645025106965,0.20654738593581,5.07233282451531
12.26,0.205381625190437,5.06127935954132,0.208292089489743,5.04669625921537
12.27,0.207099757595446,5.03521291480525,0.20996704345459,5.02016099620808
12.28,0.208741633285176,5.00824560470961,0.211557792658379,4.99272162128784
12.29,0.210292468468042,4.98037190715759,0.213049177785723,4.96437249384206
12.3,0.21173677454226,4.95158606006463,0.214425336287247,4.93510771569872
12.31,0.213058361022268,4.92188202910558,0.215669707541628,4.90492109811249
12.32,0.214240343721702,4.8912534738732,0.216765044439962,4.87380612759745
12.33,0.215265162459199,4.85969371322954,0.217693439470324,4.84175593148764
12.34,0.216114626438212,4.82719569081466,0.218436409175242,4.80876324430397
12.35,0.216770104227712,4.79375194188765,0.218975454386673,4.77482037623556
12.36,0.217214506306385,4.75935456291911,0.219283811219854,4.73991918530962
12.37,0.217398526177681,4.72399518563919,0.219342557090489,4.70405105513549
12.38,0.217374194163348,4.68766495757893,0.219166137183437,4.66720688047464
12.39,0.217050980971872,4.65035453153537,0.218676024882961,4.62937706331806
12.4,0.216427515391329,4.6120540668525,0.217880155373033,4.59055152265794
12.41,0.215485964398949,4.57275324595139,0.216753465440512,4.5507197217306
12.42,0.214202858586808,4.53244131017576,0.21527307150596,4.5098707171943
12.43,0.212555420079093,4.4911071197505,0.213416283578945,4.46799323549239
12.44,0.210520960030703,4.44873924348747,0.211160497137815,4.42507578254364
12.45,0.208076906442853,4.40532608481131,0.20848329882754,4.3811067938851
12.46,0.205200945920744,4.36085605170456,0.205362638997916,4.33607483344669
12.47,0.201871217104031,4.31531777925355,0.201777048917992,4.28996885021116
12.48,0.198066546856882,4.2687004145525,0.197705901126729,4.24277850302571
12.49,0.193766730781742,4.22099397469486,0.193129716307598,4.19449456465356
12.5,0.188952862376522,4.17218978929056,0.188030521428986,4.14510941658869
12.51,0.183607715815878,4.12228103917276,0.182392263942291,4.09461764593386
12.52,0.17771618699254,4.07126340237991,0.176201285979961,4.04301675438734
12.53,0.171265796219464,4.01913581670455,0.169446860675718,3.99030798662787
12.54,0.164247253701291,3.96590136456678,0.162121789708477,3.93649728056442
12.55,0.156655085264988,3.91156828009518,0.154223056668707,3.88159633441444
12.56,0.148488310605873,3.85615106945577,0.145752524605787,3.82562377482388
12.57,0.139751159227832,3.79967172312911,0.13671765800432,3.76860639587837
12.58,0.130453800280034,3.74216098276532,0.127132239577539,3.71058042096525
12.59,0.12061305187936,3.68365960577857,0.117017041191341,3.65159271886835
12.6,0.110253024013081,3.62421954922729,0.1064003970557,3.59170188413968
12.61,0.0994056381395139,3.56390497323516,0.095318617834569,3.5309790729316
12.62,0.0881109582556792,3.50279294710716,0.0838161789640103,3.4695084736033
12.63,0.0764172651714752,3.44097373344068,0.0719456180116615,3.40738729181394
12.64,0.0643808108728506,3.37855053241089,0.0597670868834498,3.34472514740453
12.65,0.0520652054423856,3.31563859454711,0.04734752648207,3.28164281807073
12.66,0.0395404157556262,3.2523636574061,0.0347594633830641,3.21827032174447
12.67,0.0268813913640133,3.1888597267018,0.0220794668851676,3.1547443998057
12.68,0.0141663740507012,3.12526629735785,0.00938634452816265,3.09120553591765
12.69,0.00147498661709949,3.06172518178617,-0.00324081248472712,3.02779470673018
12.7,-0.011113774178859,2.99837716696155,-0.015724602477783,2.96465009792423
12.71,-0.0235235023246878,2.93535874650669,-0.0279911712779923,2.90190402371458
12.72,-0.0356821725045575,2.87279916327146,-0.0399718369742626,2.83968025899566
12.73,-0.0475236465068032,2.8108179542847,-0.0516043938779157,2.77809193748808
12.74,-0.0589888234420124,2.74952312338349,-0.062834046647274,2.71724009863855
12.75,-0.0700264023764018,2.68900999132705,-0.0736139648679978,2.65721289440315
12.76,-0.0805932648801116,2.62936070274913,-0.0839054822255723,2.59808540608568
12.77,-0.0906545159077554,2.57064431425881,-0.0936779888438489,2.53991997830043
12.78,-0.100183241508816,2.51291735343382,-0.102908579125427,2.48276695402635
12.79,-0.109160050943821,2.45622472432382,-0.111581521435138,2.42666568964008
12.8,-0.117572470638118,2.40060083775739,-0.119687612460405,2.37164573733734
12.81,-0.125414250775618,2.34607085890271,-0.127223470754489,2.31772809929895
12.82,-0.132684635055964,2.29265198478748,-0.134190813312474,2.26492647862553
12.83,-0.139387632589361,2.24035468643612,-0.140595747979902,2.213248472888
12.84,-0.145531319772801,2.18918387088958,-0.146448104329947,2.16269667483312
12.85,-0.151127190276349,2.13913993593418,-0.151760817053875,2.11326966020411
12.86,-0.156189563405821,2.09021970422031,-0.156549369129692,2.0649628544752
12.87,-0.160735055146301,2.04241723364977,-0.160831297008127,2.01776927878712
12.88,-0.164782111949203,1.99572450789607,-0.164625756564441,1.97168018100816
12.89,-0.168350604518639,1.95013201530546,-0.167953146326534,1.92668556123057
12.9,-0.171461477175703,1.90562922683393,-0.170834783224656,1.88277460272063
12.91,-0.174136447564887,1.86220498466657,-0.173292625590032,1.83993601987229
12.92,-0.176397751343378,1.81984781320352,-0.17534903826137,1.79815833447213
12.93,-0.178267927134448,1.778546163533,-0.17702659574717,1.75743009086866
12.94,-0.179769639423597,1.73828860161071,-0.178347923624642,1.71774001967411
12.95,-0.18092554723409,1.69906394930355,-0.179335600543483,1.67907715856016
12.96,-0.18175829078298,1.66086138635735,-0.18001233726327,1.64143093763837
12.97,-0.182291479508758,1.62367052028561,-0.180399850488724,1.6047912359014
12.98,-0.182527787215291,1.58748143019233,-0.180495732216266,1.56914841427263
12.99,-0.182533287658639,1.5522846896585,-0.180399635227391,1.5344933299853
13,-0.182295751757145,1.51807137304158,-0.18003765905772,1.5008173362876
13.01,-0.181832323212563,1.48483304886232,-0.179475246255667,1.4681122708446
13.02,-0.181173669052419,1.45256176337115,-0.178726749390929,1.43637043567072
13.03,-0.180337348968609,1.42125001689037,-0.177810282932244,1.40558457096864
13.04,-0.179341496724356,1.39089073510578,-0.176743743006967,1.37574782486082
13.05,-0.178203770562218,1.36147723712138,-0.175544443851902,1.34685372066737
13.06,-0.176941191951309,1.3330032017852,-0.174229036153534,1.31889612310092
13.07,-0.175570099927776,1.30546263353115,-0.172813478940647,1.29186920450561
13.08,-0.174106133551434,1.27884982875725,-0.171313028150292,1.26576741205797
13.09,-0.172564225043225,1.2531593435652,-0.169742232894879,1.24058543666527
13.1,-0.170958598732723,1.22838596351646,-0.168114936519941,1.21631818413827
13.11,-0.169302774035703,1.20452467591167,-0.166444281238498,1.19296074907598
13.12,-0.167609571626054,1.1815706449692,-0.164742715699161,1.17050839177733
13.13,-0.16589112230648,1.15951919016336,-0.163022005067198,1.14895651838642
13.14,-0.164158878221914,1.13836576788099,-0.16129324329456,1.12830066438271
13.15,-0.162423626122899,1.11810595646578,-0.159566867300931,1.1085364814439
13.16,-0.160695502417055,1.09873544464061,-0.157852672811088,1.08965972763632
13.17,-0.15898400976277,1.08025002323092,-0.156159831606431,1.07166626082494
13.18,-0.15729803496793,1.0626455800532,-0.154496909955784,1.05455203514191
13.19,-0.155645867961954,1.04591809778435,-0.152871887995508,1.03831310030835
13.2,-0.154035221613447,1.03006365458687,-0.151292179833226,1.02294560356879
13.21,-0.152473252169808,1.01507842723372,-0.149764654153923,1.00844579396984
13.22,-0.150966580099716,1.00095869645209,-0.148295655112453,0.994810028695111
13.23,-0.149521311125037,0.987700854188661,-0.146891023302845,0.982034781155075
13.24,-0.148143057235433,0.975301412488363,-0.145556116602338,0.970116650523694
13.25,-0.146836957486907,0.963757013673146,-0.144295830696719,0.95905237241162
13.26,-0.145607698394434,0.953064441505807,-0.143114619103179,0.948838830367182
13.27,-0.144459533738398,0.943220633023149,-0.14201651251695,0.939473067898029
13.28,-0.143396303613904,0.934222690717498,-0.141005137317609,0.930952300701465
13.29,-0.142421452559577,0.926067894722852,-0.140083733077844,0.923273928762823
13.3,-0.141538046603663,0.918753714587972,-0.139255168915233,0.916435547879089
13.31,-0.14074878904789,0.912277819996453,-0.138521958496575,0.910434959832183
13.32,-0.140056034733749,0.906638089107616,-0.137886273373464,0.905270179306712
13.33,-0.139461802254364,0.90183261087256,-0.137349953800526,0.900939431346878
13.34,-0.138967782436348,0.897859668550147,-0.136914513726726,0.897441113369353
13.35,-0.138575335729481,0.894717646382059,-0.136581121333703,0.894773572935901
13.36,-0.138285430044028,0.892404474736172,-0.136350371548364,0.892933227477732
13.37,-0.138097816625632,0.890911032520962,-0.136226482767642,0.891948353143213
13.38,-0.138025461428027,0.890335783391702,-0.136205749376804,0.891784909870591
13.39,-0.138036721527765,0.890425285470141,-0.136279811551867,0.892378078799147
13.4,-0.138163338662684,0.891432285481013,-0.136466711306389,0.89387170890683
13.41,-0.138393962499841,0.893269681004841,-0.136755518373315,0.896183985195845
13.42,-0.138727054535538,0.895930880871573,-0.137146454876431,0.899323778343365
13.43,-0.13916209899587,0.899420007261472,-0.137638566173772,0.903293258865136
13.44,-0.139697941627132,0.903738730483541,-0.138230472570876,0.908093881068177
13.45,-0.140333059376352,0.908888461974841,-0.138920451943861,0.913727094385432
13.46,-0.141065596796211,0.914870705388082,-0.139706450443312,0.920194496492876
13.47,-0.141893367351523,0.921687140163146,-0.140586077572694,0.927497873590596
13.48,-0.142813845464898,0.929339642457282,-0.141556595898399,0.93563920869732
13.49,-0.143824154794106,0.937830286567005,-0.142614908058269,0.94462067856314
13.5,-0.144921054333958,0.947161338910182,-0.143757541980695,0.954444645806249
13.51,-0.146100922950603,0.957335248731809,-0.144980634726517,0.965113648832478
13.52,-0.14735974266064,0.968354637269138,-0.146279915204472,0.976630390733897
13.53,-0.148693080870377,0.980222286259876,-0.147650685956621,0.988997727851074
13.54,-0.150096071759327,0.992941126348698,-0.149087804194088,1.00221865847605
13.55,-0.151563396985024,1.00651422581241,-0.150585662262077,1.01629631208438
13.56,-0.153089265888667,1.02094477996588,-0.152138167717591,1.03123393944448
13.57,-0.154667395387139,1.03623610158461,-0.153738723209806,1.04703490393279
13.58,-0.15629098974402,1.05239161266537,-0.155380206359986,1.06370267436997
13.59,-0.157952720419238,1.06941483783549,-0.157054949844243,1.08124081968145
13.6,-0.159644706203228,1.08730939970891,-0.15875472188805,1.09965300567027
13.61,-0.16135849384676,1.10607901647125,-0.160470707385891,1.11894299417072
13.62,-0.163085039401739,1.12572750195403,-0.162193489862985,1.13911464482522
13.63,-0.164814690491576,1.14625876843059,-0.163913034498666,1.16017191969449
13.64,-0.166537169732232,1.1676768323304,-0.165618672433295,1.18211889087034
13.65,-0.168241559527503,1.18998582302521,-0.16729908658304,1.20495975121197
13.66,-0.169916288465296,1.21318999478879,-0.168942299190603,1.22869882826946
13.67,-0.171549119546903,1.23729374197085,-0.17053566134662,1.25334060139109
13.68,-0.173127140491325,1.26230161735598,-0.172065844729311,1.27888972193525
13.69,-0.174636756376417,1.28821835359764,-0.173518835836051,1.30535103641997
13.7,-0.176063684920354,1.31504888752607,-0.174879933038867,1.33272961234484
13.71,-0.177392954803831,1.34279838702579,-0.176133746944516,1.36103076630854
13.72,-0.178608907691585,1.3714722800616,-0.177264204988738,1.39026009391852
13.73,-0.179695205425554,1.40107628529995,-0.178254562844148,1.42042350084688
13.74,-0.180634847000922,1.43161644362241,-0.179087432930944,1.45152723422254
13.75,-0.181410215691435,1.46309914965705,-0.17974489105304,1.48357791336351
13.76,-0.182003295197295,1.49553118225688,-0.180209352021627,1.51658255863687
13.77,-0.182398328705297,1.52891973262718,-0.180447249575456,1.55054861698458
13.78,-0.182540395709977,1.56327242854021,-0.18046857906766,1.58548398236137
13.79,-0.182499680671505,1.59859735276731,-0.180240620647982,1.62139700899084
13.8,-0.18216188418954,1.63490305349834,-0.179724568144686,1.6582965149467
13.81,-0.181543481205864,1.672198544096,-0.178914662032379,1.69619177309962
13.82,-0.180621830715699,1.71049328903876,-0.177787542626786,1.73509248592629
13.83,-0.179374278345115,1.74979717233115,-0.176320986936915,1.77500874004704
13.84,-0.177778622088147,1.79012044399594,-0.174492845273559,1.81595093563703
13.85,-0.175812685335942,1.83147363950379,-0.172281005109245,1.85792968504021
13.86,-0.173454357819026,1.87386746614417,-0.169663501820517,1.90095567401464
13.87,-0.17068172994227,1.91731264940623,-0.166618683394767,1.94503947807168
13.88,-0.167473272553857,1.96181973144778,-0.163125414740827,1.99019132538095
13.89,-0.163808055466084,2.00739881273275,-0.15916332146306,2.03642079677037
13.9,-0.159666006512488,2.05405922699631,-0.154713076586957,2.08373645256487
13.91,-0.155028215251992,2.10180913898111,-0.149756734777731,2.13214537554876
13.92,-0.149877286047339,2.15065505406616,-0.144278118635375,2.18165261943828
13.93,-0.144197745025494,2.20060122924884,-0.138263260945111,2.23226055323741
13.94,-0.137976504459809,2.25164897629292,-0.131700905226306,2.28396809412826
13.95,-0.131203386249183,2.3037958506709,-0.124583064344224,2.33676982561964
13.96,-0.123871703168817,2.35703472473569,-0.116905633070419,2.39065500408889
13.97,-0.115978892163502,2.41135275092283,-0.108669045055411,2.44560646613577
13.98,-0.10752718791659,2.46673023122498,-0.0998789575603692,2.50159946170254
13.99,-0.0985243171492712,2.52313942300394,-0.090546938531754,2.55860045373056
14,-0.08898418472302,2.58054332828989,-0.0806911205810586,2.61656594364103
14.01,-0.0789275121644937,2.63889453321578,-0.0703367760231105,2.67544140165599
14.02,-0.0683823787767856,2.69813418428665,-0.0595167577982851,2.73516039928812
14.03,-0.0573846067451508,2.75819120570324,-0.0482717449228507,2.79564405441556
14.04,-0.0459779268728291,2.81898187269011,-0.0366502305478025,2.85680090255929
14.05,-0.0342138633825003,2.88040985478481,-0.0247081981747462,2.91852729662969
14.06,-0.0221512869229983,2.94236682575087,-0.0125084487182019,2.98070840818043
14.07,-0.00985560579586542,3.00473370051881,-0.000119567944233037,3.04321985574424
14.08,0.00260240419012075,3.06738250523887,0.0123854418949523,3.10592992403567
14.09,0.0151480940535,3.13017881977054,0.0249308053279997,3.16870227019653
14.1,0.027704685332588,3.19298466292416,0.0374397974204567,3.23139895165552
14.11,0.0401951566633992,3.25566163241226,0.0498366302610067,3.29388356695249
14.12,0.0525441476415894,3.3180740760472,0.0620482761880669,3.35602428541276
14.13,0.0646797519536652,3.38009206621112,0.0740061104281595,3.41769655727759
14.14,0.0765350866156805,3.44159397707756,0.0856472794071567,3.47878533917732
14.15,0.0880495529908963,3.50246851725721,0.0969157344629871,3.53918673121059
14.16,0.0991697420156084,3.56261613802893,0.107762907474054,3.59880898906561
14.17,0.109849973762611,3.62194980597457,0.118148038785475,3.65757293593112
14.18,0.120052494079545,3.68039518744055,0.128038194272683,3.71541184609059
14.19,0.129747374708103,3.73789033380627,0.137408025296932,3.77227090126559
14.2,0.138912176715788,3.7943849789096,0.146239332749239,3.82810633233733
14.21,0.14753144107773,3.84983956500471,0.154520495955532,3.88288435625809
14.22,0.155596066967424,3.90422410554181,0.162245821267189,3.93658000531131
14.23,0.163102630348886,3.95751697684653,0.169414856080123,3.98917592794248
14.24,0.170052685223989,4.0097037109695,0.176031703820943,4.0406612209092
14.25,0.176452079257615,4.06077584201564,0.18210436555105,4.09103033410437
14.26,0.182310305720402,4.11072984033588,0.187644125137955,4.14028207359563
14.27,0.187639905420081,4.15956615417156,0.192664987828149,4.18841871582007
14.28,0.192455925765431,4.20728836697027,0.19718317659459,4.23544523647877
14.29,0.196775439265293,4.25390247042284,0.201216686689156,4.28136865114293
14.3,0.20061712039634,4.29941624782271,0.204784896171407,4.32619746040215
14.31,0.204000877604465,4.34383875905275,0.207908228547657,4.36994119001365
14.32,0.206947535964909,4.38717991681344,0.210607862796948,4.41261001545919
14.33,0.20947856548836,4.42945014314215,0.212905485798948,4.45421446016573
14.34,0.211615850088171,4.47066009545905,0.214823082457001,4.49476515707841
14.35,0.213381492907636,4.51082045201725,0.216382759978623,4.53427266404335
14.36,0.21479765599432,4.54994174752684,0.217606607136399,4.57274732439745
14.37,0.215886441836638,4.58803425071942,0.218516612610854,4.61019916515403
14.38,0.216669884544349,4.62510787662717,0.219134878649428,4.64663782614579
14.39,0.217170877725098,4.66117212731249,0.219480610752554,4.68207251439585
14.4,0.21739264570703,4.69623605566633,0.219560273059774,4.71651197881221
14.41,0.217397837623346,4.73030824768519,0.219453118035349,4.74996450103306
14.42,0.217175545298841,4.76339681933083,0.219103844497168,4.7824378988887
14.43,0.216742500487812,4.7955094246808,0.218568601308878,4.81393953949964
14.44,0.216127990068471,4.82665327259714,0.217862093015421,4.84447635950381
14.45,0.215348994739975,4.85683514958517,0.217001802807357,4.87405489031281
14.46,0.214422998500701,4.88606144689448,0.216004930753568,4.90268128664315
14.47,0.213367005416107,4.91433819023824,0.214888089768385,4.93036135686565
14.48,0.212197389612451,4.94167107078545,0.213667235883228,4.95710059397064
14.49,0.210929853649796,4.96806547631852,0.212357644612501,4.98290420616539
14.5,0.209579413245407,4.99352652165544,0.210973902040411,5.00777714631085
14.51,0.208160391996437,5.01805907761417,0.209529902839448,5.0317241395694
14.52,0.206686421527394,5.04166779795297,0.208038852645575,5.05474970878007
14.53,0.205170445382231,5.06435714385753,0.206513273691414,5.07685819720454
14.54,0.203624725863799,5.08613140566528,0.204965013099561,5.09805378839869
14.55,0.202060853340696,5.106994721624,0.203405253434045,5.11834052306261
14.56,0.200489757671555,5.12695109357385,0.201844525193902,5.13772231280752
14.57,0.19892172145598,5.1460043995241,0.200292720974162,5.15620295085339
14.58,0.197366394850729,5.16415840316597,0.198759111041191,5.17378611973492
14.59,0.19583281170547,5.18141676042394,0.197252360081546,5.19047539614894
14.6,0.194329406781815,5.19778302319915,0.195780544891476,5.20627425312167
14.61,0.192864033825738,5.21326064050098,0.194351172780168,5.22118605971186
14.62,0.191443984268862,5.2278529571972,0.192971200465452,5.23521407849459
14.63,0.190076006339434,5.24156321063951,0.191647053246538,5.24836146109292
14.64,0.188766324369732,5.25439452544107,0.190384644244949,5.26063124203918
14.65,0.187520658093401,5.26634990669611,0.189189393512393,5.27202633125749
14.66,0.186344241733851,5.27743223194087,0.188066246812671,5.28254950546425
14.67,0.185241842693243,5.28764424216203,0.187019693893771,5.29220339878773
14.68,0.184217779659985,5.29698853216932,0.186053786074982,5.30099049291771
14.69,0.183275939959851,5.3054675406739,0.185172152980283,5.30891310712862
14.7,0.182419795977852,5.31308354048557,0.184378018247238,5.31597338862401
14.71,0.181652420464605,5.31983862944661,0.183674214011349,5.32217330398032
14.72,0.180976500478665,5.32573472334014,0.183063193841752,5.3275146335776
14.73,0.180394349484189,5.33077355407242,0.182547043302542,5.33199897509809
14.74,0.179907916197893,5.33495668436547,0.182127484974045,5.33562778128467
14.75,0.179518784294793,5.33828558830535,0.181805860240909,5.33840257412398
14.76,0.179228126396677,5.34076210730898,0.181582914647323,5.34032670228554
14.77,0.179036151397546,5.34239318861748,0.181462716206806,5.3413757839227
14.78,0.178952593740853,5.34310200836309,0.181442203857089,5.3415664737541
14.79,0.178955581205893,5.34307667128298,0.181512625023432,5.34099569842985
14.8,0.179064008765068,5.34215673261143,0.181691917310948,5.3394910729451
14.81,0.179274878710217,5.34036433037514,0.181969267774345,5.3371457304572
14.82,0.17958431358356,5.33772608004914,0.182344788490458,5.33394985115883
14.83,0.179991806369111,5.33423700365765,0.18281739340219,5.32990127531348
14.84,0.180496097789779,5.32989544281214,0.183385537867119,5.3249986776683
14.85,0.181095515241023,5.32470013423105,0.184047299427329,5.31924078511936
14.86,0.181788016585097,5.31864977485999,0.184800388333571,5.31262620960984
14.87,0.182571193237838,5.31174292017739,0.18564214288158,5.30515340317131
14.88,0.183442263106858,5.30397795716943,0.186569519568948,5.29682064707361
14.89,0.184398059613852,5.29535309976346,0.187579080679553,5.28762605287086
14.9,0.185435018562075,5.28586639250587,0.188666980195447,5.27756756827395
14.91,0.186549163509912,5.27551571768611,0.189828948450972,5.26664298512876
14.92,0.187736089986775,5.26429880394997,0.191060275787345,5.25484994823903
14.93,0.188990948781771,5.25221323543083,0.192355795413366,5.2421859643207
14.94,0.190308428500983,5.23925646080716,0.193709865662039,5.22864841059962
14.95,0.191682737580537,5.22542580185181,0.19511635183113,5.21423454266322
14.96,0.193107585943731,5.2107184611097,0.196568607799297,5.19894150122477
14.97,0.194576166495396,5.19513152837582,0.198059457614946,5.18276631748591
14.98,0.196081136652549,5.17866198566717,0.199581177260744,5.16570591680317
14.99,0.197614600116257,5.16130671040086,0.201125476802071,5.14775712038448
15,0.19916808909492,5.14306247650995,0.202683483132371,5.12891664476395
15.01,0.200732547193675,5.12392595325286,0.204245723532305,5.10918109883185
15.02,0.202298313188516,5.10389370150145,0.205802110263084,5.08854697823078
15.03,0.203855105907325,5.08296216732957,0.207341926417884,5.06701065697108
15.04,0.205392010443913,5.0611276727678,0.208853813259456,5.04456837616831
15.05,0.206897465936527,5.03838640364233,0.210325759278532,5.02121622986405
15.06,0.208359255151011,5.0147343944777,0.211745091218831,4.99695014795926
15.07,0.209764496124909,4.99016751051283,0.21309846733625,4.97176587636715
15.08,0.211099636161426,4.96468142696204,0.21437187320719,4.94565895458124
15.09,0.21235044853592,4.93827160574344,0.21555062051932,4.91862469095504
15.1,0.213502032468386,4.91093327000287,0.216619349627659,4.8906581361038
15.11,0.214538817495808,4.88266137687889,0.217562037907723,4.86175405496863
15.12,0.215444575517392,4.85345058908928,0.2183620215483,4.83190689823029
15.13,0.216202453847832,4.82329524607221,0.219002073104882,4.80111077392873
15.14,0.216795110465006,4.7921893355903,0.21946495317224,4.76935942033749
15.15,0.217205952351079,4.76012646690689,0.219724436066253,4.73664618136582
15.16,0.217396881278212,4.72709984687631,0.219768670528452,4.7029639860194
15.17,0.21739337748672,4.69310226056012,0.21959927736445,4.66830533375263
15.18,0.217141267135297,4.6581260582953,0.219153816100127,4.63266228789594
15.19,0.216619729859181,4.62216315150786,0.218434948799289,4.59602647975189
15.2,0.215817102777572,4.58520501999286,0.217419416646347,4.55838912643002
15.21,0.214711018186514,4.5472427338802,0.21608554927868,4.51974106604257
15.22,0.213279828228891,4.50826699408084,0.214411736810941,4.48007281451677
15.23,0.211501880227148,4.46826819566797,0.212376345384811,4.43937464899752
15.24,0.209355511386652,4.42723651939343,0.209957805547051,4.39763672361484
15.25,0.206819157727542,4.38516205736601,0.207134755594719,4.35484922425856
15.26,0.20387150888449,4.34203497981042,0.20388622172152,4.31100256991256
15.27,0.200491698412816,4.29784575074889,0.200191833673781,4.26608766899902
15.28,0.196659530172999,4.25258540134538,0.196032078784436,4.22009623998838
15.29,0.192355744264706,4.20624587043099,0.191388598528923,4.17302120611726
15.3,0.187562326878949,4.15882042224975,0.186244532021605,4.12485717424062
15.31,0.182262868525164,4.11030415152707,0.180584910507724,4.07560100737687
15.32,0.176442974562039,4.06069458529267,0.174397105874683,4.02525249905214
15.33,0.170090730731731,4.00999238913422,0.167671334342095,3.97381515470343
15.34,0.163197224274641,3.95820218227422,0.160401213567525,3.92129708067956
15.35,0.155757117948757,3.90533346055692,0.152584367188184,3.86771197428755
15.36,0.147769269655187,3.85140161859454,0.144223065114812,3.81308019843337
15.37,0.13923738420263,3.79642905153997,0.135324880633698,3.75742991147535
15.38,0.13017067599896,3.74044630306583,0.125903336718585,3.70079820712952
15.39,0.12058451237467,3.68349320945139,0.115978504429207,3.64323220148656
15.4,0.110500997457967,3.62561997126867,0.105577506883987,3.58478998618005
15.41,0.0999494471914904,3.56688806606125,0.0947348745973841,3.52554135130712
15.42,0.0889666989318465,3.50737090078723,0.0834926940159948,3.46556817266071
15.43,0.077597196296959,3.44715409576113,0.0719004931487107,3.40496435951666
15.44,0.0658927938593066,3.3863352968719,0.0600148182707788,3.34383527555879
15.45,0.0539122388288427,3.32502343375077,0.0478984748213985,3.28229657870313
15.46,0.0417203087475944,3.26333737994361,0.035619433146956,3.22047247464539
15.47,0.0293866142433089,3.201404025065,0.0232494328515506,3.1584934388832
15.48,0.0169841106072562,3.13935583210993,0.010862353358337,3.09649352384487
15.49,0.00458739594866703,3.0773280154997,-0.00146755314274667,3.03460742039327
15.5,-0.007729099370307,3.01545552519234,-0.0136674525577413,2.97296747568326
15.51,-0.0198929129399267,2.95387004882209,-0.0256676267884225,2.91170087508559
15.52,-0.0318352223965052,2.89269724141181,-0.0374029741871824,2.8509271734339
15.53,-0.0434922883964442,2.83205436126152,-0.0488142329523892,2.79075631520935
15.54,-0.0548065960187557,2.77204843798176,-0.0598488801784601,2.73128722403874
15.55,-0.0657276567239152,2.71277503524073,-0.0704616930513601,2.6726069803206
15.56,-0.0762124673262483,2.6543176084049,-0.0806149885702145,2.61479055186054
15.57,-0.0862256513474902,2.59674740545742,-0.0902785806189906,2.55790100263858
15.58,-0.0957393285151484,2.54012382396539,-0.0994295067861059,2.50199008172902
15.59,-0.104732769212139,2.48449511872685,-0.108051582474978,2.44709908690411
15.6,-0.113191893342255,2.42989935198324,-0.116134838223328,2.39325990228314
15.61,-0.121108669380727,2.37636548672713,-0.123674889926104,2.34049612233655
15.62,-0.128480461684243,2.32391453916614,-0.130672282956022,2.2888241916065
15.63,-0.135309364580033,2.27256072481923,-0.137131841726036,2.23825450744824
15.64,-0.141601551978499,2.22231255102976,-0.143062047248432,2.18879244975217
15.65,-0.147366662326938,2.17317382500502,-0.148474457423916,2.14043931576231
15.66,-0.152617231206019,2.12514455991248,-0.153383178448125,2.09319314930272
15.67,-0.157368177948191,2.07822177186425,-0.157804390879236,2.04704946201955
15.68,-0.161636348265043,2.03240016801797,-0.161755930429646,2.00200184998096
15.69,-0.165440111811499,1.98767273096113,-0.165256921207688,1.95804251262677
15.7,-0.168799011640665,1.94403120753682,-0.16832745770445,1.91516268310528
15.71,-0.171733461367742,1.90146651180937,-0.170988331077335,1.87335297991826
15.72,-0.174264485354376,1.85996905238236,-0.173260795055533,1.83260368988214
15.73,-0.176413497203027,1.8195289941149,-0.1751663670054,1.79290499198894
15.74,-0.178202112313955,1.78013646369553,-0.176726660531217,1.75424713102918
15.75,-0.179651991675415,1.74178170771487,-0.177963248777138,1.71662054896869
15.76,-0.180784719175444,1.70445521096218,-0.178897570778671,1.68001598115725
15.77,-0.181621742027416,1.66814778174036,-0.179550994027306,1.64442452355039
15.78,-0.182184655911595,1.63285061010378,-0.179947095891539,1.60983767628779
15.79,-0.182490601112101,1.59855530410293,-0.180073622630364,1.57624736821039
15.8,-0.182551021656458,1.56525390838209,-0.18003854777066,1.54364596622099
15.81,-0.182432659908503,1.53293890882599,-0.179762936515326,1.51202627280059
15.82,-0.182092530556204,1.50160322638381,-0.179310335747381,1.48138151447756
15.83,-0.181579705060552,1.47124020270969,-0.178694748129326,1.45170532360441
15.84,-0.18090901171109,1.44184357983717,-0.177932925384194,1.42299171541548
15.85,-0.180097344610384,1.41340747574457,-0.177041549152459,1.39523506201352
15.86,-0.179161254938506,1.38592635735837,-0.176036755753155,1.36843006465239
15.87,-0.178116699786386,1.3593950122765,-0.174934044467971,1.3425717254427
15.88,-0.176978984227251,1.33380852026408,-0.173748249565713,1.31765531939874
15.89,-0.175762742201822,1.30916222537656,-0.172493530360624,1.29367636756488
15.9,-0.174481930050775,1.28545170939312,-0.171183368950773,1.27063061180218
15.91,-0.173149826129788,1.26267276709302,-0.169830572447584,1.24851399167867
15.92,-0.171779034306558,1.24082138377645,-0.168447278417625,1.22732262378623
15.93,-0.170381490378339,1.21989371531586,-0.167044962876593,1.20705278370143
15.94,-0.168968470869543,1.19988607092284,-0.165634450408613,1.18770089071509
15.95,-0.167550603833817,1.18079489872684,-0.164225926083495,1.16926349537464
15.96,-0.166137881357727,1.16261677418509,-0.162828948891799,1.15173726981356
15.97,-0.164739673498591,1.14534839127618,-0.161452466442206,1.13511900078229
15.98,-0.163364743408174,1.12898655637294,-0.160104830680054,1.11940558524446
15.99,-0.162021263405464,1.11352818464258,-0.158793814395428,1.10459402836066
16,-0.160716831769907,1.09897029878222,-0.157526628296645,1.09068144364816
16.01,-0.159458490033175,1.08531002986692,-0.156309938431806,1.07766505507939
16.02,-0.15825274055411,1.0725446200626,-0.155149883748067,1.06554220086195
16.03,-0.157105564168263,1.06067142693749,-0.1540520935858,1.05431033862996
16.04,-0.15602243771088,1.04968792909194,-0.153021704912898,1.04396705176544
16.05,-0.155008351219945,1.03959173281239,-0.152063379112917,1.03451005655787
16.06,-0.154067824633468,1.03038057943635,-0.151181318148283,1.02593720988714
16.07,-0.15320492380052,1.02205235307138,-0.150379279923498,1.01824651705337
16.08,-0.152423275623631,1.01460508819785,-0.149660592663795,1.01143613919119
16.09,-0.151726082125353,1.00803697636169,-0.149028168071013,1.00550439911384
16.1,-0.151116133132609,1.00234637016169,-0.148484512802727,1.00044978235593
16.11,-0.15059581689859,0.997531779243417,-0.148031736905722,0.996270921709268
16.12,-0.150167126394874,0.993591838519183,-0.147671553091829,0.992966510008776
16.13,-0.149831650402412,0.990525150731056,-0.147405225147489,0.990534759245936
16.14,-0.149590466277826,0.988329250389175,-0.147232823897719,0.988966491695609
16.15,-0.149443448492334,0.986994286342538,-0.147166357426003,0.988365614508101
16.16,-0.14940585401926,0.986653323626946,-0.147175782664176,0.988453587508659
16.17,-0.149437745782738,0.986942558672183,-0.147292848630197,0.989523337317215
16.18,-0.149583372515608,0.988264773316413,-0.147504935760598,0.991462031949228
16.19,-0.149821696607887,0.990434379157307,-0.147810946401068,0.994268033263112
16.2,-0.150154090278092,0.993472403535805,-0.148210097502484,0.99794540815396
16.21,-0.150579526263332,0.997381623076157,-0.148700927458749,1.0024956292882
16.22,-0.151096421782745,1.00216332484152,-0.149281539104606,1.00791982156438
16.23,-0.151702776816242,1.00781861823274,-0.149949633483199,1.01421913470513
16.24,-0.152396193379929,1.01434868068753,-0.150702511313099,1.02139483599415
16.25,-0.153173873388596,1.02175482127326,-0.15153706585259,1.02944833661213
16.26,-0.154032610159083,1.03003849795567,-0.152449772303705,1.03838119733588
16.27,-0.154968777091972,1.03920131982566,-0.153436675284838,1.04819512658201
16.28,-0.155978314656916,1.04924504359821,-0.154493374977358,1.05889197531882
16.29,-0.157056716163835,1.06017156776797,-0.155615012272066,1.07047373073916
16.3,-0.158199012603163,1.07198292590417,-0.156796253148398,1.08294250965002
16.31,-0.159399756772524,1.08468127987585,-0.158031272488612,1.09630055216434
16.32,-0.160653006886651,1.09826891352123,-0.159313737521283,1.1105502161213
16.33,-0.161952309863563,1.11274822715306,-0.160636791089226,1.12569397258464
16.34,-0.163290684482556,1.12812173323285,-0.161993034941108,1.14173440272737
16.35,-0.164660604614422,1.14439205351182,-0.16337451325102,1.15867419638125
16.36,-0.1660539827296,1.16156191791074,-0.164772696575374,1.17651615250397
16.37,-0.16746215389516,1.17963416538519,-0.166178466461243,1.19526318178841
16.38,-0.16887586047631,1.19861174699472,-0.167582100924695,1.21491831160617
16.39,-0.170285237762783,1.21849773136097,-0.168973261022296,1.23548469343854
16.4,-0.17167980074542,1.23929531265945,-0.170340978744238,1.25696561290218
16.41,-0.173048432274645,1.26100782124255,-0.17167364646523,1.27936450242275
16.42,-0.174379372842096,1.28363873693466,-0.17295900820182,1.30268495654637
16.43,-0.175660212243718,1.30719170497611,-0.174184152949118,1.32693074980672
16.44,-0.176877883416647,1.3316705545171,-0.175335510423775,1.35210585698195
16.45,-0.178018658820258,1.35707931947761,-0.176398849680469,1.37821447548106
16.46,-0.179068149938592,1.38342226149196,-0.177359281504345,1.40526104949188
16.47,-0.180011311129456,1.41070389454582,-0.178201267122965,1.43325029540005
16.48,-0.180832451516682,1.43892901078807,-0.178908643671271,1.4621872278495
16.49,-0.181515270774696,1.46810270685654,-0.179464730973713,1.4920771856554
16.5,-0.182043022738764,1.4982304098935,-0.179853322411473,1.52292585659876
16.51,-0.182400341587917,1.52931790223858,-0.180040204007585,1.55473929992085
16.52,-0.182542938050515,1.56137134357134,-0.180045237849682,1.58752396509401
16.53,-0.182517737695201,1.59439728902484,-0.179819993299921,1.62128670516247
16.54,-0.182240719196067,1.62840270150154,-0.179342729995444,1.65603478262045
16.55,-0.181713832612871,1.66339495608524,-0.178602617217756,1.69177586541393
16.56,-0.180918911097773,1.69938183404989,-0.177577941664114,1.72851801021107
16.57,-0.179834507200969,1.73637150351133,-0.176247676251757,1.7662696295776
16.58,-0.178439563777154,1.77437248324229,-0.174590746870299,1.8050394391092
16.59,-0.176712954102182,1.81339358557066,-0.172586015447789,1.84483637991393
16.6,-0.174633500112968,1.85344383360133,-0.170212374680942,1.88566951110165
16.61,-0.1721800782408,1.89453234724899,-0.167448885935124,1.92754786614078
16.62,-0.169331764408704,1.93666819175341,-0.164274949527306,1.97048026610454
16.63,-0.166068010973462,1.97986018149836,-0.160670507491244,2.014475081997
16.64,-0.162368856652782,2.02411663111888,-0.156616281835765,2.05953993759381
16.65,-0.158215172789191,2.06944504513456,-0.152094052266133,2.10568134366115
16.66,-0.153588950069048,2.11585173680848,-0.147086977556515,2.15290425419031
16.67,-0.148473629932103,2.16334136676901,-0.14157996446112,2.20121153561897
16.68,-0.142854484512706,2.21191639237908,-0.135560087181988,2.25060334119595
16.69,-0.136719047967571,2.26157642019814,-0.129017058818675,2.30107638504226
16.7,-0.13005760029699,2.31231745653591,-0.121943753706008,2.35262311449327
16.71,-0.122863702043413,2.36413105548511,-0.114336775882964,2.40523078542685
16.72,-0.115134774332293,2.41700337040379,-0.106197063942111,2.45888045389961
16.73,-0.106872713422327,2.4709141240068,-0.0975305160928049,2.51354590878484
16.74,-0.0980845221834386,2.52583552424308,-0.0883486115283056,2.56919258415365
16.75,-0.0887829328543541,2.58173116784501,-0.0786689955097449,2.62577650625046
16.76,-0.0789869865051878,2.63855499009961,-0.0685159867733396,2.6832433466928
16.77,-0.0687225257380864,2.69625033645484,-0.0579209582216796,2.74152766865178
16.78,-0.0580225497024559,2.75474924649079,-0.0469225371337854,2.80055246298768
16.79,-0.0469273763473795,2.81397205008197,-0.0355665713635886,2.86022907276494
16.8,-0.0354845581004933,2.8738273752147,-0.0239058151295209,2.92045759349254
16.81,-0.0237485057795138,2.93421265312718,-0.0119993032747574,2.98112781028653
16.82,-0.0117797926244883,2.99501517688334,8.85938039667166e-05,3.0421206918672
16.83,0.00035586449290469,3.05611372462351,0.0122894129547788,3.10331040829606
16.84,0.0125889187215804,3.11738070273778,0.0245320855735883,3.16456678171282
16.85,0.0248475414399251,3.17868470501118,0.0367445875845482,3.22575802676151
16.86,0.0370593164862628,3.2398933317849,0.0488556500844043,3.28675360004429
16.87,0.0491529732503026,3.30087607872315,0.0607964209771092,3.34742696358603
16.88,0.0610600463421469,3.3615070952572,0.0725019743850485,3.40765807899939
16.89,0.0727163590464538,3.4216676303121,0.0839125837903233,3.46733548420483
16.9,0.084063249844672,3.48124802366357,0.0949747027692823,3.52635785575374
16.91,0.0950484914172601,3.54014915665717,0.105641628519799,3.58463501705491
16.92,0.105626884041493,3.59828333535548,0.115873852924152,3.64208840635233
16.93,0.115760534882039,3.65557463257819,0.125639129701926,3.69865106085199
16.94,0.125418857569206,3.71195875586362,0.134912302211555,3.75426720120664
16.95,0.134578340941459,3.76738253309579,0.143674944409337,3.80889151337136
16.96,0.143222142032928,3.82180311692239,0.15191486848208,3.86248822490871
16.97,0.151339557752993,3.87518700604808,0.159625548570668,3.9150300637335
16.98,0.158925424288086,3.92750897001003,0.166805502789387,3.96649717285436
16.99,0.165979485140027,3.97875094806971,0.173457667171705,4.01687603817227
17,0.172505759647179,4.02890097562249,0.17958878655754,4.06615847025507
17.01,0.178511935062636,4.07795217527231,0.185208839628905,4.11434066671303
17.02,0.184008797541281,4.12590183574008,0.190330508742468,4.16142237007964
17.03,0.189009711059789,4.17275059059236,0.194968700035176,4.20740612710099
17.04,0.193530148418906,4.21850170040244,0.199140115432016,4.25229664886161
17.05,0.197587274937181,4.26316043608176,0.202862875493174,4.29610026683725
17.06,0.201199583035992,4.30673355731194,0.206156190289463,4.33882447732787
17.07,0.204386574408043,4.34922887779926,0.209040074477808,4.38047756536087
17.08,0.207168485639847,4.39065490803718,0.211535102277526,4.42106829869559
17.09,0.209566052845559,4.43102056604198,0.21366219798493,4.46060568270864
17.1,0.211600310947896,4.47033494683484,0.21544245795763,4.49909876746359
17.11,0.213292423723058,4.50860714207265,0.216897000851928,4.53655649900377
17.12,0.214663542038804,4.54584610202305,0.218046845623292,4.57298760773415
17.13,0.215734692299944,4.58206053293599,0.218912829753348,4.60840052760151
17.14,0.216526721203093,4.61725882371563,0.219515680997041,4.6428033405927
17.15,0.21706054063279,4.6514489966013,0.219878407713226,4.67620374182078
17.16,0.217353736997615,4.68463867730486,0.219988098366431,4.70860902114619
17.17,0.217414294997618,4.71683508071133,0.219951653694278,4.74002605787962
17.18,0.217310999156492,4.74804500883269,0.219689200263096,4.77046132563854
17.19,0.216999358902435,4.77827485821146,0.21926480361979,4.7999209048849
17.2,0.216527747088697,4.80753063440994,0.218690902989976,4.82841050106431
17.21,0.215910301252519,4.83581797159955,0.217983631812021,4.85593546660599
17.22,0.215163271357498,4.86314215558923,0.217158988372426,4.88250082533325
17.23,0.214302565300937,4.88950814891264,0.216232420756476,4.90811129808595
17.24,0.213343503492139,4.91492061683412,0.215218746072214,4.93277132857199
17.25,0.212300763912781,4.93938395334259,0.214132126332353,4.9564851086536
17.26,0.211188364789161,4.96290230638257,0.212986060562857,4.97925660243656
17.27,0.210019659343696,4.98547960172977,0.211793383873185,5.00108956867354
17.28,0.208807336272166,5.00711956505519,0.210566270602204,5.02198758111671
17.29,0.207563423824933,5.02782574184288,0.209316240364761,5.04195404656413
17.3,0.206299296563835,5.04760151493123,0.208054166380451,5.06099222043941
17.31,0.205025684269664,5.06645011953994,0.206790285676691,5.07910521982712
17.32,0.203752682632448,5.08437465572522,0.205534210848579,5.09629603395854
17.33,0.202489765426288,5.10137809827478,0.204294943101552,5.1125675322034
17.34,0.201245797904821,5.117463304114,0.203080886326273,5.12792246967599
17.35,0.200029051172511,5.13263301734434,0.201899861969544,5.14236349060684
17.36,0.198847217299121,5.14688987207738,0.200759124475268,5.15589312966654
17.37,0.197707424953808,5.1602363932611,0.199665377077946,5.16851381145624
17.38,0.196616255343109,5.17267499572265,0.198624787739195,5.18022784840027
17.39,0.195579758244654,5.18420798167333,0.197643005025746,5.19103743729378
17.4,0.194603467936092,5.19483753694032,0.196725173735613,5.20094465477327
17.41,0.193692418826218,5.20456572621141,0.195875950086733,5.20995145200056
17.42,0.192851160601598,5.21339448761477,0.195099516287568,5.2180596489009
17.43,0.192083772703902,5.22132562703952,0.19439959430521,5.22527092843463
17.44,0.19139387794105,5.22836081282589,0.193779458612742,5.23158683180735
17.45,0.190784654978827,5.2345015721128,0.19324194755678,5.23700875695541
17.46,0.190258849247331,5.23974929230705,0.192789472406017,5.24153796818081
17.47,0.189818780946778,5.24410523951609,0.192424020328113,5.24517565104289
17.48,0.189466344704502,5.24757064607383,0.192147128867645,5.24792321798283
17.49,0.189202967046296,5.25014719534874,0.191959578142887,5.24978513409812
17.5,0.189029091789269,5.25184208181833,0.191867667952156,5.25071277256757
17.51,0.188953909667765,5.25257348581804,0.191859717593466,5.25080863227782
17.52,0.188957109077725,5.25254237021705,0.191941986541413,5.25003643663472
17.53,0.189056565824962,5.25157459570347,0.192119549069914,5.24832457027028
17.54,0.189248963682954,5.24969802741122,0.192386175494605,5.24573231923637
17.55,0.189530723183733,5.24693914431939,0.192741352666637,5.24225265914543
17.56,0.189901085753397,5.24329301251957,0.193183646724837,5.23788385927657
17.57,0.190358521786917,5.23875816112307,0.193711137275323,5.23262487018048
17.58,0.190901033520724,5.23333358326665,0.194321470923733,5.22647470637519
17.59,0.191526194338156,5.22701828588698,0.195011867212206,5.21943230471017
17.6,0.192231151535477,5.21981118218099,0.19577911340595,5.21149648360543
17.61,0.193012619991181,5.21171106075853,0.196619555263716,5.20266593139306
17.62,0.193866872370191,5.20271657761454,0.19752908576179,5.19293920485071
17.63,0.194789727475179,5.19282625623121,0.198503132500076,5.18231473171383
17.64,0.195776537367593,5.18203849085123,0.199536644157334,5.17079081471299
17.65,0.196822173589191,5.17035155090749,0.200624076244734,5.15836563597518
17.66,0.19792101272,5.15776358562138,0.201759376367503,5.14503726112642
17.67,0.19906692147763,5.14427262818217,0.202935969193015,5.13080364264527
17.68,0.200253241554991,5.12987659909201,0.20414674132299,5.11566262211678
17.69,0.201472774394209,5.11457330834387,0.205384026270828,5.09961193109175
17.7,0.202717766098555,5.09836045614716,0.206639589749847,5.08264919029366
17.71,0.203979892689325,5.08123563194932,0.207904615483415,5.0647719069479
17.72,0.205250245919958,5.06319631153328,0.209169691753148,5.04597747004163
17.73,0.206519319865208,5.04423985200336,0.21042479890699,5.02626314336003
17.74,0.207776998509228,5.02436348451054,0.21165929805549,5.00562605618864
17.75,0.20901254456398,5.00356430461231,0.212861921193779,4.9840631916224
17.76,0.210214589760515,4.98183926021465,0.214020763001696,4.96157137248188
17.77,0.211371126875067,4.959185137104,0.215123274603947,4.93814724490547
17.78,0.212469503791252,4.9355985421477,0.216156259640314,4.91378725976563
17.79,0.213496419992808,4.91107588432117,0.217105873184166,4.88848765214725
17.8,0.214437926139486,4.88561335381236,0.217957624671128,4.86224441922907
17.81,0.215279428231115,4.85920689955837,0.218696388540737,4.83505329702618
17.82,0.216005701327992,4.83185220568814,0.219306439854461,4.80690973658477
17.83,0.216600936400344,4.80354466748086,0.21977164302688,4.77780888037298
17.84,0.217049001167817,4.77427936760451,0.220078368688609,4.74774553978574
17.85,0.217334978152452,4.74405105357664,0.22017400028226,4.71671417488278
17.86,0.217410023318527,4.71285411759354,0.220132267417165,4.68470887770963
17.87,0.217339747677207,4.68068258010961,0.219833078074572,4.65172336082
17.88,0.217013308440576,4.64753007882185,0.219304114434184,4.61775095292754
17.89,0.216453359454734,4.61338986502956,0.218520624816602,4.58278460397437
17.9,0.21563568391103,4.57825480970697,0.217462004222381,4.54681690231922
17.91,0.214539711417001,4.54211742204816,0.216107807785736,4.50984010722518
17.92,0.213144951477532,4.50496988373245,0.214437469417263,4.47184620037285
17.93,0.211430787105302,4.46680410271262,0.212430335282327,4.43282696073905
17.94,0.209376521804612,4.42761179095593,0.210065765104826,4.3927740678638
17.95,0.206961486257873,4.3873845712624,0.207323267303393,4.35167923926771
17.96,0.204165177364113,4.34611411903537,0.2041826629756,4.30953440855456
17.97,0.200967426044945,4.3037923456649,0.200624280012243,4.26633195150219
17.98,0.197348595527225,4.26041163095841,0.196629180490739,4.22206496814092
17.99,0.193289813432044,4.21596511275223,0.19217942516132,4.17672762934662
18,0.188773241579677,4.17044704235561,0.187258378975265,4.13031559669064
18.01,0.183782387509319,4.12385321467,0.181851061312851,4.08282652399737
18.02,0.178302461376441,4.07618148148568,0.175944543777303,4.03426064800044
18.03,0.172320781042343,4.02743235531782,0.169528396982955,3.98462147333926
18.04,0.165827226654048,3.97760970886937,0.162595185494813,3.93391655351649
18.05,0.158814743635343,3.9267215714055,0.155141006774366,3.88215836393417
18.06,0.151279889568925,3.87478101757711,0.147166065479372,3.82936525536799
18.07,0.143223415770359,3.82180713615274,0.138675268660075,3.77556246597342
18.08,0.134650868349715,3.76782605547219,0.129678820357223,3.72078315718103
18.09,0.125573186306809,3.71287198927154,0.120192786160578,3.6650694241245
18.1,0.116007266063127,3.65698825140085,0.110239590111547,3.60847321572538
18.11,0.105976453522811,3.60022817210939,0.0998483990415596,3.55105708522436
18.12,0.0955109174502758,3.54265583412608,0.0890553445694395,3.4928946816422
18.13,0.0846478532628113,3.48434653669473,0.077903532364991,3.43407088982226
18.14,0.073431466156573,3.42538689362489,0.0664427937220675,3.37468153482504
18.15,0.0619126886482354,3.36587448085353,0.0547291472472869,3.31483258808294
18.16,0.0501486013718334,3.30591697252056,0.0428239587230552,3.25463884841172
18.17,0.0382015473786537,3.24563074248883,0.0307928135095141,3.19422211825403
18.18,0.0261379576157377,3.18513895774215,0.0187041450194064,3.13370894859868
18.19,0.0140269352641468,3.12456924486925,0.00662769027884029,3.07322807643731
18.2,0.00193867439571191,3.06405106191901,-0.00536713559587152,3.01290771707164
18.21,-0.0100571911808452,3.00371294562373,-0.0172128441230173,2.95287289231749
18.22,-0.0218932040806882,2.94367982054738,-0.028845358266142,2.89324297074675
18.23,-0.0335055641373425,2.88407054854502,-0.040205293187307,2.83412956866045
18.24,-0.0448353903195532,2.82499586578182,-0.0512389728959751,2.77563491626839
18.25,-0.0558297060966355,2.76655680699288,-0.0618991513481927,2.71785074122373
18.26,-0.0664421204451187,2.70884366199835,-0.0721454347779656,2.66085767036646
18.27,-0.0766332055174612,2.65193545721246,-0.081944425913006,2.60472510766637
18.28,-0.0863705957785327,2.59589991240474,-0.0912696278376147,2.54951151630634
18.29,-0.0956288498849641,2.54079379435463,-0.100101154916479,2.4952650167521
18.3,-0.104389125253376,2.4866635749629,-0.108425301061188,2.44202420907046
18.31,-0.112638717046574,2.43354629992354,-0.116234013218597,2.38981913370547
18.32,-0.120370509909248,2.38147058186499,-0.123524312094343,2.33867229692237
18.33,-0.127582384134911,2.33045764525799,-0.130297694487341,2.28859970199454
18.34,-0.134276609784757,2.28052236610399,-0.136559543548551,2.23961184244879
18.35,-0.140459253940487,2.23167426503602,-0.142318565712052,2.19171462765171
18.36,-0.146139618634047,2.18391842643939,-0.147586266508695,2.14491022281373
18.37,-0.151329720525944,2.13725632776849,-0.152376472180697,2.09919779479882
18.38,-0.156043818261686,2.09168657219688,-0.156704899974549,2.05457416202957
18.39,-0.160297989580589,2.04720552425241,-0.160588777077352,2.01103435156519
18.4,-0.164109757527409,2.00380785251204,-0.164046506195793,1.96857206949346
18.41,-0.167497763323566,1.9614869861754,-0.167097374561591,1.92718009251061
18.42,-0.170481482385298,1.9202354938164,-0.169761302499987,1.88685058932759
18.43,-0.173080979448327,1.88004539318132,-0.172058627467944,1.84757538063406
18.44,-0.175316698627091,1.84090840085662,-0.174009919552023,1.8093461460099
18.45,-0.177209284414539,1.80281613019373,-0.17563582479885,1.77215458557451
18.46,-0.178779430151285,1.76576024521713,-0.176956933701927,1.7359925434307
18.47,-0.180047751813799,1.72973257747658,-0.177993675284502,1.70085209918286
18.48,-0.181034689608586,1.69472521200816,-0.178766252962289,1.66672563303953
18.49,-0.18176046481183,1.66073054779696,-0.179294772758971,1.63360586928609
18.5,-0.182245354418408,1.62774133741156,-0.179599236935773,1.60148590224926
18.51,-0.18250482463913,1.59575070982512,-0.179676883412619,1.57035920828085
18.52,-0.182553453973822,1.56475217985295,-0.179612332200926,1.54021964676299
18.53,-0.182444720298447,1.53473964712202,-0.179345517393621,1.51106145267833
18.54,-0.182147245048842,1.50570738704031,-0.178931055458388,1.48287922289101
18.55,-0.181702849624739,1.47765003584502,-0.178381375175033,1.45566789793936
18.56,-0.181125598410633,1.45056257147391,-0.177712026819182,1.42942274084493
18.57,-0.180431089980874,1.42444029171463,-0.176938282851258,1.40413931418551
18.58,-0.179634539099149,1.39927879083764,-0.176074847879541,1.37981345645853
18.59,-0.178750571411661,1.37507393570205,-0.175135797910547,1.3564412585689
18.6,-0.177793176924901,1.35182184213726,-0.17413456217541,1.33401904110869
18.61,-0.176775695831601,1.32951885223992,-0.173083917934048,1.31254333295045
18.62,-0.175710814951719,1.30816151308438,-0.171995991114978,1.2920108515491
18.63,-0.174610569271713,1.28774655722077,-0.170882260465435,1.27241848523674
18.64,-0.173486346702049,1.26827088522629,-0.169753564219834,1.25376327769741
18.65,-0.172348895209933,1.2497315504813,-0.168620108738797,1.23604241472555
18.66,-0.171208331837599,1.23212574625896,-0.167491478742618,1.21925321329818
18.67,-0.170074153255695,1.21545079514666,-0.166376648838434,1.20339311292944
18.68,-0.168955247563583,1.19970414075598,-0.165283996077905,1.18845966922252
18.69,-0.167859907080102,1.18488334162657,-0.164221313303425,1.17445054949048
18.7,-0.166795841886661,1.17098606718627,-0.163195823054898,1.16136353028134
18.71,-0.16577019389705,1.15801009559369,-0.162214191819719,1.14919649661378
18.72,-0.164789551238076,1.14595331326099,-0.161282544417979,1.13794744270676
18.73,-0.163859962733864,1.1348137158289,-0.160406478323586,1.1276144739656
18.74,-0.162986952294699,1.124589410342,-0.159591077730305,1.11819580996357
18.75,-0.162175533018482,1.11527861833862,-0.158840927178189,1.10968978811454
18.76,-0.161430220817237,1.10687967950503,-0.158160124556691,1.10209486762539
18.77,-0.160755047376847,1.09939105538486,-0.157552293282543,1.09540963300529
18.78,-0.160153572226969,1.0928113321898,-0.157020593366762,1.08963279540015
18.79,-0.159628893576285,1.08713922036139,-0.156567730745688,1.08476318630469
18.8,-0.159183657098746,1.08237354349793,-0.156195962711315,1.08079972178135
18.81,-0.158820059761473,1.07851318722931,-0.155907088244614,1.07774121945701
18.82,-0.158539833432872,1.0755568493604,-0.155702326272425,1.0755850382079
18.83,-0.158344070717496,1.07350115403963,-0.155583574737994,1.07434086645293
18.84,-0.158235798095336,1.07236750295323,-0.155556228885948,1.07405665495443
18.85,-0.158216401487317,1.07216465228738,-0.155599558489516,1.07451731486695
18.86,-0.158271730896017,1.07274348198458,-0.155740077575219,1.07600026683794
18.87,-0.158422253027292,1.07432120530905,-0.155964030444668,1.07836993380576
18.88,-0.158656777565242,1.07678861631624,-0.156271644290378,1.08164039382427
18.89,-0.158975174898738,1.08015665434922,-0.156661569571892,1.08581392666852
18.9,-0.159376022868247,1.08442730577622,-0.157131896546153,1.09089157858543
18.91,-0.15985736300473,1.08960156077041,-0.157680250116194,1.0968742120807
18.92,-0.160416776830304,1.09568027567701,-0.158303803268433,1.10376272179897
18.93,-0.161051395819156,1.10266435478546,-0.158999274435367,1.11155809492903
18.94,-0.161757897687311,1.11055480129067,-0.159762919814442,1.12026143015162
18.95,-0.162532498228237,1.11935273285638,-0.160590523402062,1.12987394286381
18.96,-0.163370941054323,1.12905938538372,-0.161477385677347,1.14039696526136
18.97,-0.164268486065272,1.1396761123743,-0.162418311366908,1.1518319444848
18.98,-0.165219897036431,1.15120438268314,-0.163407596562749,1.16418044025713
18.99,-0.166219428584896,1.16364577792708,-0.164439015412117,1.17744412277314
19,-0.167260812726714,1.17700199023958,-0.165505806581673,1.19162477132279
19.01,-0.168337245225518,1.19127482082124,-0.16660065969555,1.20672427400123
19.02,-0.169441371931813,1.20646617962289,-0.167715701949541,1.22274462878817
19.03,-0.170565275315454,1.22257808643553,-0.168842485108357,1.23968794623319
19.04,-0.171700461399063,1.23961267361884,-0.169971973098521,1.25755645394458
19.05,-0.172837847306138,1.25757219066325,-0.171094530415839,1.27635250304134
19.06,-0.173967749644444,1.27645901074249,-0.172199911573954,1.29607857668516
19.07,-0.175079873953821,1.29627563937199,-0.173277251831024,1.31673730076165
19.08,-0.176163305459812,1.31702472523967,-0.174315059448839,1.33833145672377
19.09,-0.177206501395665,1.3387090732202,-0.175301209773419,1.36086399654669
19.1,-0.178197285198428,1.3613316595184,-0.17622294151017,1.38433805966877
19.11,-0.179122842989611,1.38489564881359,-0.177066855811663,1.40875699170914
19.12,-0.179969723051063,1.40940441319088,-0.177818919658309,1.43412436465516
19.13,-0.180723840038093,1.43486155254804,-0.178464478793118,1.46044399810256
19.14,-0.181370490075203,1.46127091605549,-0.178988307893257,1.48771998100571
19.15,-0.181894408309847,1.48863662411998,-0.179374948731468,1.51595669325051
19.16,-0.182280146862451,1.51696309015802,-0.179604725494344,1.545158826199
19.17,-0.182507966815467,1.54625504131896,-0.179654616122505,1.57533140116435
19.18,-0.182553183330919,1.57651753710776,-0.179544006537883,1.60647978455845
19.19,-0.18243818266501,1.60775598463833,-0.179204310136745,1.63860969820248
19.2,-0.182092615573742,1.63997614899502,-0.178641719610744,1.67172722300102
19.21,-0.181522719109087,1.67318415688882,-0.177834735749171,1.70583879384573
19.22,-0.180706978246441,1.70738649145624,-0.176763525437415,1.7409511832281
19.23,-0.179625520760295,1.74258997566093,-0.175408198606181,1.77707147059897
19.24,-0.178258411662451,1.77880174131072,-0.173748696584386,1.81420699400765
19.25,-0.176585547386757,1.81602918019518,-0.171764846812948,1.85236527998697
19.26,-0.174586712850019,1.85427987327482,-0.169436464065476,1.89155394702086
19.27,-0.17224168413689,1.89356149321852,-0.166743479775635,1.93178057725104
19.28,-0.169530359102043,1.93388167489673,-0.163666097362931,1.97305255036513
19.29,-0.166432914021466,1.97524784771532,-0.160184975379131,2.01537683289751
19.3,-0.162929988226698,2.01766702295493,-0.156281441590576,2.05875971552271
19.31,-0.159002899907901,2.06114552861755,-0.151937741613897,2.10320649041354
19.32,-0.154633896759692,2.10568868376634,-0.147137325831039,2.14872106049993
19.33,-0.149806445246219,2.15130040409892,-0.141865178065561,2.1953054726675
19.34,-0.144505562012978,2.19798273069503,-0.136108188827845,2.24295936780794
19.35,-0.138718190290371,2.24573527475495,-0.129855574697456,2.29167934245868
19.36,-0.132433622879577,2.29455457298834,-0.123099343438256,2.34145821988839
19.37,-0.125643971313354,2.3444333514672,-0.115834801555276,2.39228423326347
19.38,-0.118344677857724,2.39535970060011,-0.108061097037281,2.44414013032244
19.39,-0.110535062996031,2.44731617077998,-0.0997817848835837,2.49700221804196
19.4,-0.102218895809238,2.50027880746425,-0.0910053967152749,2.55083937712766
19.41,-0.0934049682595687,2.55421615600552,-0.081745988558514,2.60561208945515
19.42,-0.0841076470407121,2.60908828010289,-0.0720236333049721,2.66127153589688
19.43,-0.0743473689282786,2.6648458523611,-0.0618648173215262,2.71775883566646
19.44,-0.0641510383893787,2.72142938944677,-0.0513026955121286,2.77500450898015
19.45,-0.0535522809353649,2.77876871524708,-0.0403771574442193,2.83292824944882
19.46,-0.0425915039867839,2.83678274014451,-0.0291346606136504,2.89143908796199
19.47,-0.0313157205898362,2.89537963969642,-0.0176277968627572,2.95043601327471
19.48,-0.0197781015500685,2.95445749892547,-0.00591457485204512,3.00980908498873
19.49,-0.0080372389190809,3.01390545795926,0.00594257555310307,3.06944103354569
19.5,0.00384387261559296,3.07360535238741,0.0178780445327812,3.12920929363704
19.51,0.0157991025643477,3.13343379201876,0.029824470369995,3.18898836914703
19.52,0.0277606387653388,3.19326457210528,0.0417142738160479,3.24865238780893
19.53,0.0396605457745237,3.2529712703275,0.0534812054060938,3.30807767988953
19.54,0.0514323315663424,3.31242985893505,0.0650618108816104,3.36714521229271
19.55,0.0630124255083863,3.37152115939556,0.076396730039126,3.42574272805978
19.56,0.0743414815438176,3.43013298716755,0.0874317640478476,3.48376647744609
19.57,0.0853654413022496,3.48816187253944,0.0981186717455663,3.54112247341153
19.58,0.0960363184204779,3.54551429222571,0.1084156821572,3.59772725308382
19.59,0.106312692991521,3.60210739675867,0.118287734466936,3.65350817004983
19.6,0.116159929595352,3.6578692628787,0.12770647514042,3.70840327509466
19.61,0.125550150969052,3.71273873294822,0.136650053609986,3.76236086308452
19.62,0.134462010862524,3.76666492287,0.145102763062685,3.81533877153669
19.63,0.142880314273446,3.81960648680217,0.153054572528541,3.86730351428837
19.64,0.15079553232181,3.8715307236625,0.160500592233909,3.91822932462911
19.65,0.158203254213536,3.92241260029459,0.167440507677114,3.96809716936885
19.66,0.165103611755883,3.97223375244614,0.173878010477469,4.01689378114586
19.67,0.171500704140461,4.0209815099965,0.179820246756577,4.06461074267265
19.68,0.177402043218896,4.06864797899408,0.185277297271879,4.11124364469247
19.69,0.182818032878031,4.115229201078,0.190261698057524,4.15679132968276
19.7,0.187761490665328,4.16072440120681,0.194788006025004,4.20125522587917
19.71,0.192247215575753,4.2051353273187,0.198872410772772,4.24463877081678
19.72,0.19629160279834,4.24846568036319,0.202532391605986,4.28694691997338
19.73,0.199912304070267,4.29072062972444,0.205786417299406,4.32818573389179
19.74,0.203127930910101,4.3319064070156,0.208653685273157,4.36836203600549
19.75,0.205957797219508,4.3720299702101,0.211153896438063,4.40748313299529
19.76,0.208421697397659,4.41109872978481,0.213307061879684,4.44555658961715
19.77,0.210539716084197,4.44912032874179,0.215133337706752,4.48259005037645
19.78,0.212332065864638,4.48610246886374,0.216652884789634,4.51859110104048
19.79,0.213818949771174,4.52205277621118,0.217885751015289,4.55356716368292
19.8,0.215020446579518,4.55697869959287,0.218851776566579,4.58752541967508
19.81,0.215956420848362,4.59088743647276,0.219570537241518,4.62047275573613
19.82,0.216646480292231,4.62378588148011,0.220061464555175,4.65241572880604
19.83,0.217110189438706,4.65568059333962,0.220343857374609,4.68336054609611
19.84,0.217364172105445,4.68657777662839,0.220415852007514,4.71331305720064
19.85,0.217416632901669,4.71648327528965,0.220356484194868,4.74227875561821
19.86,0.217328184444658,4.74540257529471,0.220110743022088,4.77026278743835
19.87,0.21706159238655,4.77334081424599,0.219729799738008,4.79726996530261
19.88,0.21665970745967,4.8003027960628,0.219225686033935,4.82330478605511
19.89,0.216135722770487,4.82629300919377,0.218613291429223,4.84837145076312
19.9,0.215504587019541,4.85131564706043,0.217907206967409,4.872473886017
19.91,0.214780878228104,4.87537462966306,0.217121457477311,4.8956157656183
19.92,0.2139785934964,4.89847362547533,0.216269446311344,4.91780053193695
19.93,0.213111103422209,4.92061607292503,0.215363939467269,4.93903141636936
19.94,0.212191138930101,4.94180520090601,0.214417061668744,4.95931145845987
19.95,0.211230788434463,4.96204404789611,0.213440297781976,4.97864352336221
19.96,0.21024149983064,4.98133547936839,0.212444497404476,4.99703031741788
19.97,0.209234085460188,4.99968220328146,0.211439881695447,5.0144744017137
19.98,0.208218729224559,5.01708678352047,0.210436051928033,5.0309782035568
19.99,0.20720521711632,5.03354172380092,0.209442309788876,5.04653450214134
20,0.206201776521031,5.04907959035416,0.208465834544435,5.06117468030729
