time,x,y,psi,u,v,r,left,right,distance
0,0,0,0,0,0,0,100,100,20
0.05,0.001382059477,0,0,0.05514120691,0,0,100,100,19.99861794
0.1,0.005499111484,0,0,0.1093821173,0,0,100,100,19.99450089
0.15,0.01230356927,0,0,0.1626211889,0,0,100,100,19.98769643
0.2,0.0217429741,0,0,0.2147651779,0,0,100,100,19.97825703
0.25,0.03376042312,0,0,0.265729636,0,0,100,100,19.96623958
0.3,0.04829501868,0,0,0.3154392655,0,0,100,100,19.95170498
0.35,0.06528233179,0,0,0.3638281367,0,0,100,100,19.93471767
0.4,0.08465487317,0,0,0.4108397711,0,0,100,100,19.91534513
0.45,0.1063425653,0,0,0.4564270987,0,0,100,100,19.89365743
0.5,0.1302732093,0,0,0.5005522995,0,0,100,100,19.86972679
0.55,0.1563729411,0,0,0.5431865417,0,0,100,100,19.84362706
0.6,0.1845666729,0,0,0.584309629,0,0,100,100,19.81543333
0.65,0.214778514,0,0,0.6239095721,0,0,100,100,19.78522149
0.7,0.2469321692,0,0,0.661982097,0,0,100,100,19.75306783
0.75,0.2809513114,0,0,0.6985301064,0,0,100,100,19.71904869
0.8,0.3167599263,0,0,0.7335631054,0,0,100,100,19.68324007
0.85,0.3542826274,0,0,0.7670966061,0,0,100,100,19.64571737
0.9,0.3934449412,0,0,0.7991515217,0,0,100,100,19.60655506
0.95,0.4341735626,0,0,0.8297535605,0,0,100,100,19.56582644
1,0.476396579,0,0,0.8589326297,0,0,100,100,19.52360342
1.05,0.5200436664,0,0,0.8867222555,0,0,100,100,19.47995633
1.1,0.5650462556,0,0,0.9131590272,0,0,100,100,19.43495374
1.15,0.6113376725,0,0,0.9382820691,0,0,100,100,19.38866233
1.2,0.6588532523,0,0,0.962132545,0,0,100,100,19.34114675
1.25,0.7075304294,0,0,0.9847531973,0,0,100,100,19.29246957
1.3,0.7573088061,0,0,1.006187923,0,0,100,100,19.24269119
1.35,0.8081302004,0,0,1.026481386,0,0,100,100,19.1918698
1.4,0.859938675,0,0,1.04567867,0,0,100,100,19.14006132
1.45,0.912680551,0,0,1.063824964,0,0,100,100,19.08731945
1.5,0.9663044055,0,0,1.080965286,0,0,100,100,19.03369559
1.55,1.020761057,0,0,1.097144241,0,0,100,100,18.97923894
1.6,1.07600354,0,0,1.11240581,0,0,100,100,18.92399646
1.65,1.131987069,0,0,1.126793174,0,0,100,100,18.86801293
1.7,1.188668992,0,0,1.140348557,0,0,100,100,18.81133101
1.75,1.246008744,0,0,1.153113106,0,0,100,100,18.75399126
1.8,1.303967789,0,0,1.165126785,0,0,100,100,18.69603221
1.85,1.362509554,0,0,1.1764283,0,0,100,100,18.63749045
1.9,1.421599373,0,0,1.187055032,0,0,100,100,18.57840063
1.95,1.481204412,0,0,1.197042998,0,0,100,100,18.51879559
2,1.541293605,0,0,1.206426822,0,0,100,100,18.4587064
2.05,1.60183758,0,0,1.215239717,0,0,100,100,18.39816242
2.1,1.662808592,0,0,1.223513484,0,0,100,100,18.33719141
2.15,1.72418045,0,0,1.231278519,0,0,100,100,18.27581955
2.2,1.785928449,0,0,1.238563824,0,0,100,100,18.21407155
2.25,1.848029298,0,0,1.245397035,0,0,100,100,18.1519707
2.3,1.910461056,0,0,1.251804443,0,0,100,100,18.08953894
2.35,1.973203063,0,0,1.257811033,0,0,100,100,18.02679694
2.4,2.036235875,0,0,1.263440517,0,0,100,100,17.96376412
2.45,2.099541205,0,0,1.268715375,0,0,100,100,17.9004588
2.5,2.163101858,0,0,1.273656897,0,0,100,100,17.83689814
2.55,2.226901675,0,0,1.278285227,0,0,100,100,17.77309832
2.6,2.290925478,0,0,1.282619408,0,0,100,100,17.70907452
2.65,2.355159014,0,0,1.286677427,0,0,100,100,17.64484099
2.7,2.419588902,0,0,1.290476258,0,0,100,100,17.5804111
2.75,2.484202587,0,0,1.294031913,0,0,100,100,17.51579741
2.8,2.548988292,0,0,1.297359482,0,0,100,100,17.45101171
2.85,2.613934971,0,0,1.300473179,0,0,100,100,17.38606503
2.9,2.679032269,0,0,1.303386385,0,0,100,100,17.32096773
2.95,2.744270479,0,0,1.306111689,0,0,100,100,17.25572952
3,2.809640504,0,0,1.308660933,0,0,100,100,17.1903595
3.05,2.875133823,0,0,1.311045245,0,0,100,100,17.12486618
3.1,2.940742454,0,0,1.313275082,0,0,100,100,17.05925755
3.15,3.006458921,0,0,1.315360265,0,0,100,100,16.99354108
3.2,3.072276224,0,0,1.317310015,0,0,100,100,16.92772378
3.25,3.13818781,0,0,1.319132984,0,0,100,100,16.86181219
3.3,3.204187545,0,0,1.320837291,0,0,100,100,16.79581246
3.35,3.270269689,0,0,1.322430552,0,0,100,100,16.72973031
3.4,3.336428869,0,0,1.323919906,0,0,100,100,16.66357113
3.45,3.402660059,0,0,1.325312045,0,0,100,100,16.59733994
3.5,3.468958558,0,0,1.326613243,0,0,100,100,16.53104144
3.55,3.535319966,0,0,1.327829377,0,0,100,100,16.46468003
3.6,3.60174017,0,0,1.328965952,0,0,100,100,16.39825983
3.65,3.668215321,0,0,1.330028123,0,0,100,100,16.33178468
3.7,3.734741823,0,0,1.33102072,0,0,100,100,16.26525818
3.75,3.801316309,0,0,1.331948262,0,0,100,100,16.19868369
3.8,3.867935635,0,0,1.332814982,0,0,100,100,16.13206436
3.85,3.93459686,0,0,1.333624838,0,0,100,100,16.06540314
3.9,4.001297233,0,0,1.334381537,0,0,100,100,15.99870277
3.95,4.068034185,0,0,1.335088546,0,0,100,100,15.93196581
4,4.134805314,0,0,1.33574911,0,0,100,100,15.86519469
4.05,4.201608373,0,0,1.336366264,0,0,100,100,15.79839163
4.1,4.268441264,0,0,1.336942845,0,0,100,100,15.73155874
4.15,4.335302026,0,0,1.337481509,0,0,100,100,15.66469797
4.2,4.402188824,0,0,1.337984738,0,0,100,100,15.59781118
4.25,4.469099947,0,0,1.338454853,0,0,100,100,15.53090005
4.3,4.536033794,0,0,1.338894027,0,0,100,100,15.46396621
4.35,4.602988868,0,0,1.339304286,0,0,100,100,15.39701113
4.4,4.669963773,0,0,1.33968753,0,0,100,100,15.33003623
4.45,4.736957201,0,0,1.340045531,0,0,100,100,15.2630428
4.5,4.803967933,0,0,1.340379947,0,0,100,100,15.19603207
4.55,4.870994828,0,0,1.340692328,0,0,100,100,15.12900517
4.6,4.938036822,0,0,1.340984122,0,0,100,100,15.06196318
4.65,5.00509292,0,0,1.341256683,0,0,100,100,14.99490708
4.7,5.072162191,0,0,1.341511275,0,0,100,100,14.92783781
4.75,5.139243768,0,0,1.34174908,0,0,100,100,14.86075623
4.8,5.206336838,0,0,1.341971204,0,0,100,100,14.79366316
4.85,5.273440644,0,0,1.342178679,0,0,100,100,14.72655936
4.9,5.340554478,0,0,1.342372469,0,0,100,100,14.65944552
4.95,5.407677678,0,0,1.342553475,0,0,100,100,14.59232232
5,5.474809626,0,0,1.342722539,0,0,100,100,14.52519037
5.05,5.541949746,0,0,1.342880449,0,0,100,100,14.45805025
5.1,5.609097497,0,0,1.343027939,0,0,100,100,14.3909025
5.15,5.676252378,0,0,1.343165696,0,0,100,100,14.32374762
5.2,5.743413916,0,0,1.343294361,0,0,100,100,14.25658608
5.25,5.810581672,0,0,1.343414534,0,0,100,100,14.18941833
5.3,5.877755237,0,0,1.343526775,0,0,100,100,14.12224476
5.35,5.944934226,0,0,1.343631608,0,0,100,100,14.05506577
5.4,6.012118282,0,0,1.343729519,0,0,100,100,13.98788172
5.45,6.07930707,0,0,1.343820967,0,0,100,100,13.92069293
5.5,6.146500278,0,0,1.343906377,0,0,100,100,13.85349972
5.55,6.213697614,0,0,1.343986149,0,0,100,100,13.78630239
5.6,6.280898805,0,0,1.344060653,0,0,100,100,13.71910119
5.65,6.348103597,0,0,1.344130237,0,0,100,100,13.6518964
5.7,6.415311753,0,0,1.344195227,0,0,100,100,13.58468825
5.75,6.482523049,0,0,1.344255925,0,0,100,100,13.51747695
5.8,6.549737278,0,0,1.344312615,0,0,100,100,13.45026272
5.85,6.616954248,0,0,1.344365561,0,0,100,100,13.38304575
5.9,6.684173776,0,0,1.34441501,0,0,100,100,13.31582622
5.95,6.751395694,0,0,1.344461194,0,0,100,100,13.24860431
6,6.818619845,0,0,1.344504327,0,0,100,100,13.18138016
6.05,6.88584608,0,0,1.344544612,0,0,100,100,13.11415392
6.1,6.953074262,0,0,1.344582236,0,0,100,100,13.04692574
6.15,7.020304262,0,0,1.344617374,0,0,100,100,12.97969574
6.2,7.08753596,0,0,1.344650192,0,0,100,100,12.91246404
6.25,7.154769245,0,0,1.344680842,0,0,100,100,12.84523076
6.3,7.222004011,0,0,1.344709468,0,0,100,100,12.77799599
6.35,7.28924016,0,0,1.344736203,0,0,100,100,12.71075984
6.4,7.356477602,0,0,1.344761171,0,0,100,100,12.6435224
6.45,7.42371625,0,0,1.344784491,0,0,100,100,12.57628375
6.5,7.490956025,0,0,1.34480627,0,0,100,100,12.50904397
6.55,7.558196853,0,0,1.34482661,0,0,100,100,12.44180315
6.6,7.625438664,0,0,1.344845607,0,0,100,100,12.37456134
6.65,7.692681393,0,0,1.344863348,0,0,100,100,12.30731861
6.7,7.759924979,0,0,1.344879918,0,0,100,100,12.24007502
6.75,7.827169366,0,0,1.344895393,0,0,100,100,12.17283063
6.8,7.894414501,0,0,1.344909846,0,0,100,100,12.1055855
6.85,7.961660335,0,0,1.344923344,0,0,100,100,12.03833967
6.9,8.028906821,0,0,1.34493595,0,0,100,100,11.97109318
6.95,8.096153916,0,0,1.344947724,0,0,100,100,11.90384608
7,8.16340158,0,0,1.34495872,0,0,100,100,11.83659842
7.05,8.230649776,0,0,1.344968989,0,0,100,100,11.76935022
7.1,8.297898468,0,0,1.34497858,0,0,100,100,11.70210153
7.15,8.365147623,0,0,1.344987537,0,0,100,100,11.63485238
7.2,8.432397212,0,0,1.344995902,0,0,100,100,11.56760279
7.25,8.499647204,0,0,1.345003715,0,0,100,100,11.5003528
7.3,8.566897575,0,0,1.345011012,0,0,100,100,11.43310243
7.35,8.634148297,0,0,1.345017826,0,0,100,100,11.3658517
7.4,8.70139935,0,0,1.345024191,0,0,100,100,11.29860065
7.45,8.76865071,0,0,1.345030135,0,0,100,100,11.23134929
7.5,8.835902357,0,0,1.345035686,0,0,100,100,11.16409764
7.55,8.903154272,0,0,1.34504087,0,0,100,100,11.09684573
7.6,8.970406438,0,0,1.345045712,0,0,100,100,11.02959356
7.65,9.037658838,0,0,1.345050234,0,0,100,100,10.96234116
7.7,9.104911456,0,0,1.345054458,0,0,100,100,10.89508854
7.75,9.172164279,0,0,1.345058402,0,0,100,100,10.82783572
7.8,9.239417292,0,0,1.345062086,0,0,100,100,10.76058271
7.85,9.306670484,0,0,1.345065526,0,0,100,100,10.69332952
7.9,9.373923841,0,0,1.345068739,0,0,100,100,10.62607616
7.95,9.441177354,0,0,1.34507174,0,0,100,100,10.55882265
8,9.508431012,0,0,1.345074542,0,0,100,100,10.49156899
8.05,9.575684805,0,0,1.345077159,0,0,100,100,10.4243152
8.1,9.642938725,0,0,1.345079604,0,0,100,100,10.35706128
8.15,9.710192763,0,0,1.345081887,0,0,100,100,10.28980724
8.2,9.777446911,0,0,1.345084019,0,0,100,100,10.22255309
8.25,9.844701162,0,0,1.34508601,0,0,100,100,10.15529884
8.3,9.91195551,0,0,1.34508787,0,0,100,100,10.08804449
8.35,9.979209947,0,0,1.345089607,0,0,100,100,10.02079005
8.4,10.04646447,0,0,1.345091229,0,0,100,100,9.953535532
8.45,10.11371907,0,0,1.345092743,0,0,100,100,9.886280932
8.5,10.18097374,0,0,1.345094158,0,0,100,100,9.819026259
8.55,10.24822848,0,0,1.34509548,0,0,100,100,9.751771518
8.6,10.31548329,0,0,1.345096714,0,0,100,100,9.684516712
8.65,10.38273815,0,0,1.345097866,0,0,100,100,9.617261848
8.7,10.44999307,0,0,1.345098942,0,0,100,100,9.550006927
8.75,10.51724805,0,0,1.345099948,0,0,100,100,9.482751954
8.8,10.58450307,0,0,1.345100886,0,0,100,100,9.415496933
8.85,10.65175813,0,0,1.345101763,0,0,100,100,9.348241867
8.9,10.71901324,0,0,1.345102582,0,0,100,100,9.280986758
8.95,10.78626839,0,0,1.345103347,0,0,100,100,9.21373161
9,10.85352358,0,0,1.345104061,0,0,100,100,9.146476424
9.05,10.9207788,0,0,1.345104728,0,0,100,100,9.079221204
9.1,10.98803405,0,0,1.345105351,0,0,100,100,9.011965952
9.15,11.05528933,0,0,1.345105933,0,0,100,100,8.94471067
9.2,11.12254464,0,0,1.345106476,0,0,100,100,8.877455359
9.25,11.18979998,0,0,1.345106984,0,0,100,100,8.810200023
9.3,11.25705534,0,0,1.345107458,0,0,100,100,8.742944662
9.35,11.32431072,0,0,1.3451079,0,0,100,100,8.675689278
9.4,11.39156613,0,0,1.345108314,0,0,100,100,8.608433872
9.45,11.45882155,0,0,1.3451087,0,0,100,100,8.541178447
9.5,11.526077,0,0,1.34510906,0,0,100,100,8.473923002
9.55,11.59333246,0,0,1.345109397,0,0,100,100,8.406667541
9.6,11.66058794,0,0,1.345109712,0,0,100,100,8.339412063
9.65,11.72784343,0,0,1.345110005,0,0,100,100,8.27215657
9.7,11.79509894,0,0,1.34511028,0,0,100,100,8.204901063
9.75,11.86235446,0,0,1.345110536,0,0,100,100,8.137645542
9.8,11.92960999,0,0,1.345110775,0,0,100,100,8.07039001
9.85,11.99686553,0,0,1.345110999,0,0,100,100,8.003134465
9.9,12.06412109,0,0,1.345111207,0,0,100,100,7.93587891
9.95,12.13137666,0,0,1.345111402,0,0,100,100,7.868623345
10,12.19863223,0,0,1.345111584,0,0,100,100,7.80136777
10.05,12.26588781,0,0,1.345111754,0,0,100,100,7.734112187
10.1,12.33314341,0,0,1.345111913,0,0,100,100,7.666856595
10.15,12.400399,0,0,1.345112061,0,0,100,100,7.599600995
10.2,12.46765461,0,0,1.3451122,0,0,100,100,7.532345389
10.25,12.53491022,0,0,1.345112329,0,0,100,100,7.465089776
10.3,12.60216584,0,0,1.34511245,0,0,100,100,7.397834156
10.35,12.66942147,0,0,1.345112563,0,0,100,100,7.330578531
10.4,12.7366771,0,0,1.345112668,0,0,100,100,7.2633229
10.45,12.80393274,0,0,1.345112766,0,0,100,100,7.196067264
10.5,12.87118838,0,0,1.345112858,0,0,100,100,7.128811623
10.55,12.93844402,0,0,1.345112944,0,0,100,100,7.061555978
10.6,13.00569967,0,0,1.345113024,0,0,100,100,6.994300329
10.65,13.07295532,0,0,1.345113099,0,0,100,100,6.927044676
10.7,13.14021098,0,0,1.345113169,0,0,100,100,6.859789019
10.75,13.20746664,0,0,1.345113234,0,0,100,100,6.792533359
10.8,13.2747223,0,0,1.345113295,0,0,100,100,6.725277696
10.85,13.34197797,0,0,1.345113352,0,0,100,100,6.65802203
10.9,13.40923364,0,0,1.345113405,0,0,100,100,6.590766361
10.95,13.47648931,0,0,1.345113455,0,0,100,100,6.523510689
11,13.54374498,0,0,1.345113501,0,0,100,100,6.456255015
11.05,13.61100066,0,0,1.345113545,0,0,100,100,6.388999339
11.1,13.67825634,0,0,1.345113585,0,0,100,100,6.321743661
11.15,13.74551202,0,0,1.345113623,0,0,100,100,6.254487981
11.2,13.8127677,0,0,1.345113658,0,0,100,100,6.187232299
11.25,13.88002339,0,0,1.345113691,0,0,100,100,6.119976615
11.3,13.94727907,0,0,1.345113722,0,0,100,100,6.05272093
11.35,14.01453476,0,0,1.345113751,0,0,100,100,5.985465243
11.4,14.08179045,0,0,1.345113778,0,0,100,100,5.918209555
11.45,14.14904613,0,0,1.345113803,0,0,100,100,5.850953865
11.5,14.21630183,0,0,1.345113826,0,0,100,100,5.783698174
11.55,14.28355752,0,0,1.345113848,0,0,100,100,5.716442482
11.6,14.35081321,0,0,1.345113868,0,0,100,100,5.64918679
11.65,14.4180689,0,0,1.345113888,0,0,100,100,5.581931096
11.7,14.4853246,0,0,1.345113905,0,0,100,100,5.514675401
11.75,14.55258029,0,0,1.345113922,0,0,100,100,5.447419705
11.8,14.61983599,0,0,1.345113938,0,0,100,100,5.380164009
11.85,14.68709169,0,0,1.345113952,0,0,100,100,5.312908311
11.9,14.75434739,0,0,1.345113966,0,0,100,100,5.245652613
11.95,14.82160309,0,0,1.345113978,0,0,100,100,5.178396915
12,14.88885878,0,0,1.34511399,0,0,100,100,5.111141216
12.05,14.95611448,0,0,1.345114001,0,0,100,100,5.043885516
12.1,15.02337018,0,0,1.345114011,0,0,100,100,4.976629816
12.15,15.09062589,0,0,1.345114021,0,0,100,100,4.909374115
12.2,15.15788159,0,0,1.34511403,0,0,100,100,4.842118413
12.25,15.22513729,0,0,1.345114038,0,0,100,100,4.774862712
12.3,15.29239299,0,0,1.345114046,0,0,100,100,4.70760701
12.35,15.35964869,0,0,1.345114054,0,0,100,100,4.640351307
12.4,15.4269044,0,0,1.34511406,0,0,100,100,4.573095604
12.45,15.4941601,0,0,1.345114067,0,0,100,100,4.505839901
12.5,15.5614158,0,0,1.345114073,0,0,100,100,4.438584198
12.55,15.62867151,0,0,1.345114078,0,0,100,100,4.371328494
12.6,15.69592721,0,0,1.345114084,0,0,100,100,4.30407279
12.65,15.76318291,0,0,1.345114088,0,0,100,100,4.236817085
12.7,15.83043862,0,0,1.345114093,0,0,100,100,4.169561381
12.75,15.89769432,0,0,1.345114097,0,0,100,100,4.102305676
12.8,15.96495003,0,0,1.345114101,0,0,100,100,4.035049971
12.85,16.03220573,0,0,1.345114105,0,0,100,100,3.967794266
12.9,16.09946144,0,0,1.345114108,0,0,100,100,3.900538561
12.95,16.16671714,0,0,1.345114112,0,0,100,100,3.833282855
13,16.23397285,0,0,1.345114115,0,0,100,100,3.76602715
13.05,16.30122856,0,0,1.345114117,0,0,100,100,3.698771444
13.1,16.36848426,0,0,1.34511412,0,0,100,100,3.631515738
13.15,16.43573997,0,0,1.345114122,0,0,100,100,3.564260032
13.2,16.50299567,0,0,1.345114125,0,0,100,100,3.497004326
13.25,16.57025138,0,0,1.345114127,0,0,100,100,3.429748619
13.3,16.63750709,0,0,1.345114129,0,0,100,100,3.362492913
13.35,16.70476279,0,0,1.345114131,0,0,100,100,3.295237206
13.4,16.7720185,0,0,1.345114133,0,0,100,100,3.2279815
13.45,16.83927421,0,0,1.345114134,0,0,100,100,3.160725793
13.5,16.90652991,0,0,1.345114136,0,0,100,100,3.093470086
13.55,16.97378562,0,0,1.345114137,0,0,100,100,3.02621438
13.6,17.04104133,0,0,1.345114138,0,0,100,100,2.958958673
13.65,17.10829703,0,0,1.34511414,0,0,100,100,2.891702966
13.7,17.17555274,0,0,1.345114141,0,0,100,100,2.824447259
13.75,17.24280845,0,0,1.345114142,0,0,100,100,2.757191552
13.8,17.31006416,0,0,1.345114143,0,0,100,100,2.689935845
13.85,17.37715881,0,0,1.326342132,0,0,0,0,2.622841186
13.9,17.44214877,0,0,1.273838107,0,0,0,0,2.557851235
13.95,17.50459809,0,0,1.224663324,0,0,0,0,2.495401911
14,17.56466553,0,0,1.1785154,0,0,0,0,2.435334474
14.05,17.62249561,0,0,1.135127483,0,0,0,0,2.377504388
14.1,17.67822032,0,0,1.094263188,0,0,0,0,2.32177968
14.15,17.73196048,0,0,1.055712362,0,0,0,0,2.268039524
14.2,17.78382698,0,0,1.019287551,0,0,0,0,2.216173021
14.25,17.83392186,0,0,0.9848210099,0,0,0,0,2.166078141
14.3,17.8823392,0,0,0.952162181,0,0,0,0,2.1176608
14.35,17.92916594,0,0,0.9211755472,0,0,0,0,2.07083406
14.4,17.97448258,0,0,0.8917387991,0,0,0,0,2.02551742
14.45,18.0183638,0,0,0.8637412641,0,0,0,0,1.981636199
14.5,18.06087901,0,0,0.8370825548,0,0,0,0,1.939120985
14.55,18.10209284,0,0,0.8116714006,0,0,0,0,1.897907155
14.6,18.14206556,0,0,0.787424636,0,0,0,0,1.857934443
14.65,18.18085345,0,0,0.7642663204,0,0,0,0,1.819146555
14.7,18.21850917,0,0,0.7421269696,0,0,0,0,1.781490831
14.75,18.25508206,0,0,0.7209428843,0,0,0,0,1.744917939
14.8,18.2906184,0,0,0.70065556,0,0,0,0,1.709381599
14.85,18.32516166,0,0,0.681211168,0,0,0,0,1.674838337
14.9,18.35875274,0,0,0.6625600974,0,0,0,0,1.641247263
14.95,18.39143013,0,0,0.6446565494,0,0,0,0,1.60856987
15,18.42323014,0,0,0.6274581786,0,0,0,0,1.576769856
15.05,18.45418705,0,0,0.610925773,0,0,0,0,1.545812955
15.1,18.48433321,0,0,0.5950229694,0,0,0,0,1.515666787
15.15,18.51369927,0,0,0.5797159994,0,0,0,0,1.486300728
15.2,18.54231422,0,0,0.5649734618,0,0,0,0,1.457685781
15.25,18.57020554,0,0,0.5507661186,0,0,0,0,1.429794463
15.3,18.5973993,0,0,0.5370667121,0,0,0,0,1.402600705
15.35,18.62392025,0,0,0.5238497996,0,0,0,0,1.376079752
15.4,18.64979192,0,0,0.5110916049,0,0,0,0,1.35020808
15.45,18.67503668,0,0,0.4987698842,0,0,0,0,1.324963317
15.5,18.69967583,0,0,0.4868638041,0,0,0,0,1.300324165
15.55,18.72372966,0,0,0.475353832,0,0,0,0,1.276270336
15.6,18.74721751,0,0,0.4642216357,0,0,0,0,1.252782486
15.65,18.77015784,0,0,0.4534499926,0,0,0,0,1.229842164
15.7,18.79256825,0,0,0.4430227072,0,0,0,0,1.207431748
15.75,18.81446559,0,0,0.4329245354,0,0,0,0,1.185534408
15.8,18.83586595,0,0,0.4231411156,0,0,0,0,1.164134049
15.85,18.85678472,0,0,0.4136589056,0,0,0,0,1.143215277
15.9,18.87723665,0,0,0.4044651254,0,0,0,0,1.122763352
15.95,18.89723584,0,0,0.3955477037,0,0,0,0,1.102764159
16,18.91679583,0,0,0.3868952298,0,0,0,0,1.083204166
16.05,18.9359296,0,0,0.378496909,0,0,0,0,1.0640704
16.1,18.95464959,0,0,0.3703425213,0,0,0,0,1.04535041
16.15,18.97296776,0,0,0.3624223836,0,0,0,0,1.027032244
16.2,18.99089558,0,0,0.3547273152,0,0,0,0,1.009104421
16.25,19.00844409,0,0,0.3472486055,0,0,0,0,0.9915559068
16.3,19.02562391,0,0,0.3399779841,0,0,0,0,0.9743760924
16.35,19.04244523,0,0,0.3329075932,0,0,0,0,0.9575547715
16.4,19.05891788,0,0,0.3260299628,0,0,0,0,0.9410821207
16.45,19.07505132,0,0,0.3193379861,0,0,0,0,0.9249486811
16.5,19.09085466,0,0,0.3128248987,0,0,0,0,0.9091453407
16.55,19.10633668,0,0,0.3064842572,0,0,0,0,0.8936633173
16.6,19.12150586,0,0,0.3003099212,0,0,0,0,0.8784941434
16.65,19.13637035,0,0,0.2942960352,0,0,0,0,0.8636296512
16.7,19.15093804,0,0,0.2884370122,0,0,0,0,0.849061959
16.75,19.16521654,0,0,0.2827275189,0,0,0,0,0.834783458
16.8,19.1792132,0,0,0.277162461,0,0,0,0,0.8207868
16.85,19.19293511,0,0,0.2717369703,0,0,0,0,0.8070648859
16.9,19.20638915,0,0,0.2664463918,0,0,0,0,0.7936108545
16.95,19.21958193,0,0,0.2612862728,0,0,0,0,0.7804180725
17,19.23251988,0,0,0.2562523514,0,0,0,0,0.767480124
17.05,19.2452092,0,0,0.2513405467,0,0,0,0,0.7547908021
17.1,19.2576559,0,0,0.2465469493,0,0,0,0,0.7423440993
17.15,19.2698658,0,0,0.2418678121,0,0,0,0,0.7301341996
17.2,19.28184453,0,0,0.2372995423,0,0,0,0,0.7181554704
17.25,19.29359754,0,0,0.2328386934,0,0,0,0,0.7064024551
17.3,19.30513013,0,0,0.2284819576,0,0,0,0,0.6948698659
17.35,19.31644742,0,0,0.2242261593,0,0,0,0,0.6835525771
17.4,19.32755438,0,0,0.220068248,0,0,0,0,0.6724456186
17.45,19.33845583,0,0,0.2160052929,0,0,0,0,0.6615441698
17.5,19.34915645,0,0,0.2120344764,0,0,0,0,0.6508435537
17.55,19.35966077,0,0,0.2081530891,0,0,0,0,0.6403392317
17.6,19.3699732,0,0,0.2043585245,0,0,0,0,0.6300267978
17.65,19.38009803,0,0,0.2006482741,0,0,0,0,0.6199019741
17.7,19.39003939,0,0,0.197019923,0,0,0,0,0.6099606055
17.75,19.39980134,0,0,0.1934711455,0,0,0,0,0.6001986556
17.8,19.4093878,0,0,0.1899997009,0,0,0,0,0.5906122021
17.85,19.41880257,0,0,0.1866034298,0,0,0,0,0.5811974327
17.9,19.42804936,0,0,0.1832802502,0,0,0,0,0.571950641
17.95,19.43713178,0,0,0.1800281546,0,0,0,0,0.5628682229
18,19.44605333,0,0,0.176845206,0,0,0,0,0.5539466731
18.05,19.45481742,0,0,0.1737295353,0,0,0,0,0.5451825811
18.1,19.46342737,0,0,0.1706793381,0,0,0,0,0.5365726284
18.15,19.47188641,0,0,0.1676928723,0,0,0,0,0.5281135851
18.2,19.48019769,0,0,0.1647684549,0,0,0,0,0.519802307
18.25,19.48836427,0,0,0.1619044598,0,0,0,0,0.5116357326
18.3,19.49638912,0,0,0.1590993155,0,0,0,0,0.5036108802
18.35,19.50427515,0,0,0.1563515026,0,0,0,0,0.4957248456
18.4,19.5120252,0,0,0.153659552,0,0,0,0,0.487974799
18.45,19.51964202,0,0,0.1510220422,0,0,0,0,0.4803579831
18.5,19.52712829,0,0,0.1484375982,0,0,0,0,0.4728717103
18.55,19.53448664,0,0,0.145904889,0,0,0,0,0.465513361
18.6,19.54171962,0,0,0.1434226261,0,0,0,0,0.4582803807
18.65,19.54882972,0,0,0.1409895618,0,0,0,0,0.4511702785
18.7,19.55581938,0,0,0.1386044875,0,0,0,0,0.4441806247
18.75,19.56269095,0,0,0.1362662324,0,0,0,0,0.4373090494
18.8,19.56944676,0,0,0.1339736618,0,0,0,0,0.4305532401
18.85,19.57608906,0,0,0.1317256757,0,0,0,0,0.4239109402
18.9,19.58262005,0,0,0.1295212079,0,0,0,0,0.4173799472
18.95,19.58904189,0,0,0.1273592242,0,0,0,0,0.4109581113
19,19.59535667,0,0,0.1252387213,0,0,0,0,0.4046433335
19.05,19.60156644,0,0,0.123158726,0,0,0,0,0.3984335641
19.1,19.6076732,0,0,0.1211182939,0,0,0,0,0.3923268015
19.15,19.61367891,0,0,0.119116508,0,0,0,0,0.3863210906
19.2,19.61958548,0,0,0.1171524783,0,0,0,0,0.3804145214
19.25,19.62539477,0,0,0.1152253404,0,0,0,0,0.3746052279
19.3,19.63110861,0,0,0.1133342547,0,0,0,0,0.3688913865
19.35,19.63672878,0,0,0.1114784057,0,0,0,0,0.3632712152
19.4,19.64225703,0,0,0.1096570007,0,0,0,0,0.3577429719
19.45,19.64769505,0,0,0.1078692696,0,0,0,0,0.3523049539
19.5,19.6530445,0,0,0.1061144635,0,0,0,0,0.3469554962
19.55,19.65830703,0,0,0.1043918546,0,0,0,0,0.3416929709
19.6,19.66348421,0,0,0.1027007349,0,0,0,0,0.336515786
19.65,19.66857762,0,0,0.1010404158,0,0,0,0,0.3314223841
19.7,19.67358876,0,0,0.0994102275,0,0,0,0,0.3264112422
19.75,19.67851913,0,0,0.09780951821,0,0,0,0,0.3214808701
19.8,19.68337019,0,0,0.09623765366,0,0,0,0,0.3166298096
19.85,19.68814337,0,0,0.09469401646,0,0,0,0,0.3118566342
19.9,19.69284005,0,0,0.09317800558,0,0,0,0,0.3071599476
19.95,19.69746162,0,0,0.09168903581,0,0,0,0,0.302538383
20,19.7020094,0,0,0.09022653722,0,0,0,0,0.2979906028
20.05,19.7064847,0,0,0.08878995469,0,0,0,0,0.2935152974
20.1,19.71088882,0,0,0.08737874743,0,0,0,0,0.2891111844
20.15,19.71522299,0,0,0.08599238852,0,0,0,0,0.2847770085
20.2,19.71948846,0,0,0.08463036449,0,0,0,0,0.28051154
20.25,19.72368643,0,0,0.08329217487,0,0,0,0,0.2763135748
20.3,19.72781807,0,0,0.08197733181,0,0,0,0,0.2721819334
20.35,19.73188454,0,0,0.08068535965,0,0,0,0,0.2681154604
20.4,19.73588698,0,0,0.07941579461,0,0,0,0,0.264113024
20.45,19.73982648,0,0,0.07816818435,0,0,0,0,0.2601735151
20.5,19.74370415,0,0,0.07694208767,0,0,0,0,0.256295847
20.55,19.74752105,0,0,0.07573707418,0,0,0,0,0.2524789549
20.6,19.7512782,0,0,0.07455272392,0,0,0,0,0.2487217952
20.65,19.75497666,0,0,0.07338862713,0,0,0,0,0.245023345
20.7,19.7586174,0,0,0.07224438387,0,0,0,0,0.2413826016
20.75,19.76220142,0,0,0.07111960376,0,0,0,0,0.2377985822
20.8,19.76572968,0,0,0.07001390573,0,0,0,0,0.2342703232
20.85,19.76920312,0,0,0.0689269177,0,0,0,0,0.2307968798
20.9,19.77262267,0,0,0.06785827634,0,0,0,0,0.2273773257
20.95,19.77598925,0,0,0.06680762683,0,0,0,0,0.2240107523
21,19.77930373,0,0,0.06577462261,0,0,0,0,0.2206962689
21.05,19.782567,0,0,0.06475892511,0,0,0,0,0.2174330016
21.1,19.78577991,0,0,0.06376020359,0,0,0,0,0.2142200935
21.15,19.7889433,0,0,0.06277813487,0,0,0,0,0.2110567037
21.2,19.79205799,0,0,0.06181240312,0,0,0,0,0.2079420077
21.25,19.7951248,0,0,0.06086269968,0,0,0,0,0.2048751963
21.3,19.79814452,0,0,0.05992872285,0,0,0,0,0.2018554756
21.35,19.80111793,0,0,0.0590101777,0,0,0,0,0.1988820668
21.4,19.80404579,0,0,0.05810677588,0,0,0,0,0.1959542055
21.45,19.80692886,0,0,0.05721823545,0,0,0,0,0.1930711415
21.5,19.80976786,0,0,0.05634428069,0,0,0,0,0.1902321388
21.55,19.81256353,0,0,0.05548464196,0,0,0,0,0.1874364749
21.6,19.81531656,0,0,0.05463905551,0,0,0,0,0.1846834404
21.65,19.81802766,0,0,0.05380726334,0,0,0,0,0.1819723394
21.7,19.82069751,0,0,0.05298901304,0,0,0,0,0.1793024884
21.75,19.82332678,0,0,0.05218405765,0,0,0,0,0.1766732165
21.8,19.82591613,0,0,0.05139215553,0,0,0,0,0.1740838651
21.85,19.82846621,0,0,0.05061307017,0,0,0,0,0.1715337874
21.9,19.83097765,0,0,0.04984657012,0,0,0,0,0.1690223483
21.95,19.83345108,0,0,0.04909242884,0,0,0,0,0.1665489244
22,19.8358871,0,0,0.04835042453,0,0,0,0,0.1641129032
22.05,19.83828632,0,0,0.04762034008,0,0,0,0,0.1617136833
22.1,19.84064933,0,0,0.04690196292,0,0,0,0,0.159350674
22.15,19.8429767,0,0,0.04619508487,0,0,0,0,0.1570232953
22.2,19.84526902,0,0,0.0454995021,0,0,0,0,0.1547309773
22.25,19.84752684,0,0,0.04481501497,0,0,0,0,0.1524731602
22.3,19.84975071,0,0,0.04414142794,0,0,0,0,0.1502492941
22.35,19.85194116,0,0,0.04347854947,0,0,0,0,0.1480588389
22.4,19.85409874,0,0,0.04282619192,0,0,0,0,0.1459012638
22.45,19.85622395,0,0,0.04218417146,0,0,0,0,0.1437760474
22.5,19.85831732,0,0,0.04155230798,0,0,0,0,0.1416826774
22.55,19.86037935,0,0,0.04093042499,0,0,0,0,0.1396206503
22.6,19.86241053,0,0,0.04031834953,0,0,0,0,0.1375894714
22.65,19.86441135,0,0,0.03971591209,0,0,0,0,0.1355886547
22.7,19.86638228,0,0,0.03912294654,0,0,0,0,0.1336177224
22.75,19.8683238,0,0,0.03853929004,0,0,0,0,0.1316762049
22.8,19.87023636,0,0,0.03796478295,0,0,0,0,0.1297636409
22.85,19.87212042,0,0,0.03739926879,0,0,0,0,0.1278795767
22.9,19.87397643,0,0,0.03684259411,0,0,0,0,0.1260235667
22.95,19.87580483,0,0,0.03629460849,0,0,0,0,0.1241951725
23,19.87760604,0,0,0.0357551644,0,0,0,0,0.1223939635
23.05,19.87938048,0,0,0.03522411719,0,0,0,0,0.1206195161
23.1,19.88112859,0,0,0.03470132497,0,0,0,0,0.1188714142
23.15,19.88285075,0,0,0.03418664862,0,0,0,0,0.1171492484
23.2,19.88454738,0,0,0.03367995164,0,0,0,0,0.1154526163
23.25,19.88621888,0,0,0.03318110016,0,0,0,0,0.1137811224
23.3,19.88786562,0,0,0.03268996285,0,0,0,0,0.1121343777
23.35,19.889488,0,0,0.03220641086,0,0,0,0,0.1105119997
23.4,19.89108639,0,0,0.03173031778,0,0,0,0,0.1089136123
23.45,19.89266115,0,0,0.03126155959,0,0,0,0,0.1073388457
23.5,19.89421266,0,0,0.03080001457,0,0,0,0,0.1057873362
23.55,19.89574127,0,0,0.03034556329,0,0,0,0,0.104258726
23.6,19.89724734,0,0,0.02989808855,0,0,0,0,0.1027526636
23.65,19.8987312,0,0,0.02945747531,0,0,0,0,0.1012688028
23.7,19.9001932,0,0,0.02902361067,0,0,0,0,0.09980680355
23.75,19.90163367,0,0,0.02859638382,0,0,0,0,0.09836633112
23.8,19.90305294,0,0,0.02817568596,0,0,0,0,0.09694705636
23.85,19.90445134,0,0,0.02776141031,0,0,0,0,0.09554865549
23.9,19.90582919,0,0,0.02735345204,0,0,0,0,0.09417081004
23.95,19.90718679,0,0,0.02695170821,0,0,0,0,0.09281320671
24,19.90852446,0,0,0.02655607777,0,0,0,0,0.09147553733
24.05,19.9098425,0,0,0.02616646149,0,0,0,0,0.0901574987
24.1,19.91114121,0,0,0.02578276194,0,0,0,0,0.08885879257
24.15,19.91242087,0,0,0.02540488342,0,0,0,0,0.08757912549
24.2,19.91368179,0,0,0.02503273197,0,0,0,0,0.08631820877
24.25,19.91492424,0,0,0.02466621531,0,0,0,0,0.08507575838
24.3,19.91614851,0,0,0.0243052428,0,0,0,0,0.08385149484
24.35,19.91735486,0,0,0.02394972541,0,0,0,0,0.08264514318
24.4,19.91854357,0,0,0.0235995757,0,0,0,0,0.08145643284
24.45,19.9197149,0,0,0.02325470776,0,0,0,0,0.08028509758
24.5,19.92086912,0,0,0.02291503722,0,0,0,0,0.07913087544
24.55,19.92200649,0,0,0.02258048117,0,0,0,0,0.07799350862
24.6,19.92312726,0,0,0.02225095816,0,0,0,0,0.07687274344
24.65,19.92423167,0,0,0.02192638819,0,0,0,0,0.07576833025
24.7,19.92531998,0,0,0.02160669263,0,0,0,0,0.07468002338
24.75,19.92639242,0,0,0.02129179422,0,0,0,0,0.07360758104
24.8,19.92744923,0,0,0.02098161705,0,0,0,0,0.07255076527
24.85,19.92849066,0,0,0.02067608652,0,0,0,0,0.07150934189
24.9,19.92951692,0,0,0.02037512933,0,0,0,0,0.0704830804
24.95,19.93052825,0,0,0.02007867344,0,0,0,0,0.06947175394
25,19.93152486,0,0,0.01978664803,0,0,0,0,0.06847513922
25.05,19.93250698,0,0,0.01949898351,0,0,0,0,0.06749301645
25.1,19.93347483,0,0,0.01921561149,0,0,0,0,0.06652516932
25.15,19.93442862,0,0,0.01893646472,0,0,0,0,0.06557138488
25.2,19.93536855,0,0,0.01866147713,0,0,0,0,0.06463145353
25.25,19.93629483,0,0,0.01839058374,0,0,0,0,0.06370516894
25.3,19.93720767,0,0,0.01812372068,0,0,0,0,0.06279232799
25.35,19.93810727,0,0,0.01786082518,0,0,0,0,0.06189273074
25.4,19.93899382,0,0,0.01760183551,0,0,0,0,0.06100618037
25.45,19.93986752,0,0,0.01734669098,0,0,0,0,0.06013248311
25.5,19.94072855,0,0,0.01709533192,0,0,0,0,0.05927144818
25.55,19.94157711,0,0,0.01684769967,0,0,0,0,0.0584228878
25.6,19.94241338,0,0,0.01660373654,0,0,0,0,0.05758661706
25.65,19.94323755,0,0,0.0163633858,0,0,0,0,0.05676245394
25.7,19.94404978,0,0,0.01612659169,0,0,0,0,0.05595021921
25.75,19.94485026,0,0,0.01589329934,0,0,0,0,0.05514973641
25.8,19.94563917,0,0,0.01566345481,0,0,0,0,0.05436083181
25.85,19.94641667,0,0,0.01543700507,0,0,0,0,0.05358333435
25.9,19.94718292,0,0,0.01521389792,0,0,0,0,0.05281707559
25.95,19.94793811,0,0,0.01499408207,0,0,0,0,0.0520618897
26,19.94868239,0,0,0.01477750704,0,0,0,0,0.05131761337
26.05,19.94941591,0,0,0.01456412319,0,0,0,0,0.05058408581
26.1,19.95013885,0,0,0.0143538817,0,0,0,0,0.04986114868
26.15,19.95085135,0,0,0.01414673454,0,0,0,0,0.04914864607
26.2,19.95155358,0,0,0.01394263447,0,0,0,0,0.04844642444
26.25,19.95224567,0,0,0.01374153502,0,0,0,0,0.04775433261
26.3,19.95292778,0,0,0.01354339046,0,0,0,0,0.04707222169
26.35,19.95360005,0,0,0.01334815582,0,0,0,0,0.04639994507
26.4,19.95426264,0,0,0.01315578686,0,0,0,0,0.04573735835
26.45,19.95491568,0,0,0.01296624005,0,0,0,0,0.04508431935
26.5,19.95555931,0,0,0.01277947257,0,0,0,0,0.04444068802
26.55,19.95619367,0,0,0.01259544227,0,0,0,0,0.04380632647
26.6,19.9568189,0,0,0.01241410769,0,0,0,0,0.04318109887
26.65,19.95743513,0,0,0.01223542806,0,0,0,0,0.04256487145
26.7,19.95804249,0,0,0.01205936323,0,0,0,0,0.04195751248
26.75,19.95864111,0,0,0.0118858737,0,0,0,0,0.04135889221
26.8,19.95923112,0,0,0.01171492062,0,0,0,0,0.04076888284
26.85,19.95981264,0,0,0.01154646575,0,0,0,0,0.04018735851
26.9,19.9603858,0,0,0.01138047144,0,0,0,0,0.03961419526
26.95,19.96095073,0,0,0.01121690068,0,0,0,0,0.03904927097
27,19.96150753,0,0,0.01105571701,0,0,0,0,0.0384924654
27.05,19.96205634,0,0,0.01089688457,0,0,0,0,0.03794366009
27.1,19.96259726,0,0,0.01074036806,0,0,0,0,0.03740273835
27.15,19.96313041,0,0,0.01058613274,0,0,0,0,0.03686958526
27.2,19.96365591,0,0,0.01043414441,0,0,0,0,0.03634408763
27.25,19.96417387,0,0,0.01028436944,0,0,0,0,0.03582613393
27.3,19.96468439,0,0,0.0101367747,0,0,0,0,0.03531561434
27.35,19.96518758,0,0,0.009991327581,0,0,0,0,0.03481242067
27.4,19.96568355,0,0,0.009847996002,0,0,0,0,0.03431644633
27.45,19.96617241,0,0,0.009706748376,0,0,0,0,0.03382758634
27.5,19.96665426,0,0,0.009567553615,0,0,0,0,0.03334573728
27.55,19.9671292,0,0,0.009430381112,0,0,0,0,0.03287079727
27.6,19.96759733,0,0,0.009295200744,0,0,0,0,0.03240266596
27.65,19.96805876,0,0,0.009161982853,0,0,0,0,0.03194124449
27.7,19.96851356,0,0,0.009030698246,0,0,0,0,0.03148643546
27.75,19.96896186,0,0,0.008901318185,0,0,0,0,0.03103814292
27.8,19.96940373,0,0,0.008773814375,0,0,0,0,0.03059627237
27.85,19.96983927,0,0,0.008648158963,0,0,0,0,0.03016073068
27.9,19.97026857,0,0,0.008524324529,0,0,0,0,0.02973142612
27.95,19.97069173,0,0,0.008402284073,0,0,0,0,0.02930826833
28,19.97110883,0,0,0.008282011018,0,0,0,0,0.02889116826
28.05,19.97151996,0,0,0.008163479193,0,0,0,0,0.0284800382
28.1,19.97192521,0,0,0.008046662834,0,0,0,0,0.02807479175
28.15,19.97232466,0,0,0.007931536572,0,0,0,0,0.02767534375
28.2,19.97271839,0,0,0.00781807543,0,0,0,0,0.02728161034
28.25,19.97310649,0,0,0.007706254813,0,0,0,0,0.02689350887
28.3,19.97348904,0,0,0.007596050506,0,0,0,0,0.02651095792
28.35,19.97386612,0,0,0.007487438665,0,0,0,0,0.02613387728
28.4,19.97423781,0,0,0.007380395811,0,0,0,0,0.0257621879
28.45,19.97460419,0,0,0.007274898823,0,0,0,0,0.02539581193
28.5,19.97496533,0,0,0.007170924937,0,0,0,0,0.02503467264
28.55,19.97532131,0,0,0.007068451733,0,0,0,0,0.02467869443
28.6,19.9756722,0,0,0.006967457137,0,0,0,0,0.02432780282
28.65,19.97601808,0,0,0.006867919408,0,0,0,0,0.02398192443
28.7,19.97635901,0,0,0.006769817138,0,0,0,0,0.02364098695
28.75,19.97669508,0,0,0.006673129244,0,0,0,0,0.02330491914
28.8,19.97702635,0,0,0.006577834965,0,0,0,0,0.0229736508
28.85,19.97735289,0,0,0.006483913852,0,0,0,0,0.02264711276
28.9,19.97767476,0,0,0.006391345771,0,0,0,0,0.02232523687
28.95,19.97799204,0,0,0.006300110888,0,0,0,0,0.02200795596
29,19.9783048,0,0,0.006210189673,0,0,0,0,0.02169520388
29.05,19.97861308,0,0,0.006121562891,0,0,0,0,0.02138691542
29.1,19.97891697,0,0,0.006034211595,0,0,0,0,0.02108302634
29.15,19.97921653,0,0,0.005948117128,0,0,0,0,0.02078347332
29.2,19.97951181,0,0,0.005863261112,0,0,0,0,0.02048819398
29.25,19.97980287,0,0,0.005779625446,0,0,0,0,0.02019712687
29.3,19.98008979,0,0,0.005697192303,0,0,0,0,0.0199102114
29.35,19.98037261,0,0,0.005615944123,0,0,0,0,0.01962738789
29.4,19.9806514,0,0,0.005535863612,0,0,0,0,0.01934859752
29.45,19.98092622,0,0,0.005456933733,0,0,0,0,0.01907378235
29.5,19.98119711,0,0,0.005379137707,0,0,0,0,0.01880288525
29.55,19.98146415,0,0,0.005302459006,0,0,0,0,0.01853584996
29.6,19.98172738,0,0,0.005226881349,0,0,0,0,0.018272621
29.65,19.98198686,0,0,0.005152388699,0,0,0,0,0.01801314374
29.7,19.98224264,0,0,0.005078965261,0,0,0,0,0.01775736431
29.75,19.98249477,0,0,0.005006595474,0,0,0,0,0.01750522965
29.8,19.98274331,0,0,0.004935264009,0,0,0,0,0.01725668746
29.85,19.98298831,0,0,0.004864955768,0,0,0,0,0.0170116862
29.9,19.98322982,0,0,0.004795655878,0,0,0,0,0.01677017508
29.95,19.9834679,0,0,0.004727349685,0,0,0,0,0.01653210405
30,19.98370258,0,0,0.004660022757,0,0,0,0,0.01629742379
30.05,19.98393391,0,0,0.004593660874,0,0,0,0,0.01606608569
30.1,19.98416196,0,0,0.00452825003,0,0,0,0,0.01583804185
30.15,19.98438675,0,0,0.004463776424,0,0,0,0,0.01561324506
30.2,19.98460835,0,0,0.004400226464,0,0,0,0,0.01539164881
30.25,19.98482679,0,0,0.004337586757,0,0,0,0,0.01517320725
30.3,19.98504212,0,0,0.004275844109,0,0,0,0,0.01495787519
30.35,19.98525439,0,0,0.004214985523,0,0,0,0,0.0147456081
30.4,19.98546364,0,0,0.004154998193,0,0,0,0,0.01453636211
30.45,19.98566991,0,0,0.004095869504,0,0,0,0,0.01433009397
30.5,19.98587324,0,0,0.004037587026,0,0,0,0,0.01412676106
30.55,19.98607368,0,0,0.003980138515,0,0,0,0,0.01392632137
30.6,19.98627127,0,0,0.003923511907,0,0,0,0,0.01372873351
30.65,19.98646604,0,0,0.003867695315,0,0,0,0,0.01353395668
30.7,19.98665805,0,0,0.003812677029,0,0,0,0,0.01334195067
30.75,19.98684732,0,0,0.003758445511,0,0,0,0,0.01315267586
30.8,19.98703391,0,0,0.003704989395,0,0,0,0,0.0129660932
30.85,19.98721784,0,0,0.00365229748,0,0,0,0,0.01278216419
30.9,19.98739915,0,0,0.00360035873,0,0,0,0,0.0126008509
30.95,19.98757788,0,0,0.003549162275,0,0,0,0,0.01242211594
31,19.98775408,0,0,0.0034986974,0,0,0,0,0.01224592248
31.05,19.98792777,0,0,0.003448953551,0,0,0,0,0.01207223419
31.1,19.98809898,0,0,0.003399920328,0,0,0,0,0.01190101528
31.15,19.98826777,0,0,0.003351587484,0,0,0,0,0.01173223048
31.2,19.98843415,0,0,0.003303944922,0,0,0,0,0.01156584503
31.25,19.98859818,0,0,0.003256982694,0,0,0,0,0.01140182465
31.3,19.98875986,0,0,0.003210690997,0,0,0,0,0.01124013558
31.35,19.98891926,0,0,0.003165060173,0,0,0,0,0.01108074454
31.4,19.98907638,0,0,0.003120080703,0,0,0,0,0.01092361871
31.45,19.98923127,0,0,0.00307574321,0,0,0,0,0.01076872577
31.5,19.98938397,0,0,0.003032038454,0,0,0,0,0.01061603384
31.55,19.98953449,0,0,0.002988957328,0,0,0,0,0.01046551153
31.6,19.98968287,0,0,0.002946490861,0,0,0,0,0.01031712786
31.65,19.98982915,0,0,0.002904630212,0,0,0,0,0.01017085234
31.7,19.98997335,0,0,0.002863366667,0,0,0,0,0.01002665489
31.75,19.99011549,0,0,0.002822691644,0,0,0,0,0.009884505868
31.8,19.99025562,0,0,0.002782596682,0,0,0,0,0.009744376059
31.85,19.99039376,0,0,0.002743073446,0,0,0,0,0.009606236671
31.9,19.99052994,0,0,0.002704113721,0,0,0,0,0.009470059323
31.95,19.99066418,0,0,0.002665709412,0,0,0,0,0.009335816042
32,19.99079652,0,0,0.002627852544,0,0,0,0,0.009203479258
32.05,19.99092698,0,0,0.002590535255,0,0,0,0,0.009073021795
32.1,19.99105558,0,0,0.0025537498,0,0,0,0,0.008944416868
32.15,19.99118236,0,0,0.002517488545,0,0,0,0,0.008817638078
32.2,19.99130734,0,0,0.002481743969,0,0,0,0,0.008692659403
32.25,19.99143054,0,0,0.002446508659,0,0,0,0,0.008569455194
32.3,19.991552,0,0,0.002411775309,0,0,0,0,0.008448000171
32.35,19.99167173,0,0,0.002377536721,0,0,0,0,0.008328269417
32.4,19.99178976,0,0,0.002343785801,0,0,0,0,0.008210238371
32.45,19.99190612,0,0,0.002310515558,0,0,0,0,0.008093882825
32.5,19.99202082,0,0,0.002277719103,0,0,0,0,0.007979178919
32.55,19.9921339,0,0,0.002245389644,0,0,0,0,0.007866103132
32.6,19.99224537,0,0,0.002213520492,0,0,0,0,0.007754632283
32.65,19.99235526,0,0,0.002182105052,0,0,0,0,0.007644743521
32.7,19.99246359,0,0,0.002151136826,0,0,0,0,0.007536414324
32.75,19.99257038,0,0,0.00212060941,0,0,0,0,0.007429622491
32.8,19.99267565,0,0,0.002090516491,0,0,0,0,0.007324346141
32.85,19.99277944,0,0,0.00206085185,0,0,0,0,0.007220563704
32.9,19.99288175,0,0,0.002031609357,0,0,0,0,0.007118253921
32.95,19.9929826,0,0,0.00200278297,0,0,0,0,0.007017395834
33,19.99308203,0,0,0.001974366735,0,0,0,0,0.006917968788
33.05,19.99318005,0,0,0.001946354785,0,0,0,0,0.006819952422
33.1,19.99327667,0,0,0.001918741336,0,0,0,0,0.006723326668
33.15,19.99337193,0,0,0.00189152069,0,0,0,0,0.006628071742
33.2,19.99346583,0,0,0.001864687229,0,0,0,0,0.006534168146
33.25,19.9935584,0,0,0.001838235417,0,0,0,0,0.006441596658
33.3,19.99364966,0,0,0.001812159799,0,0,0,0,0.006350338334
33.35,19.99373963,0,0,0.001786454997,0,0,0,0,0.006260374498
33.4,19.99382831,0,0,0.001761115711,0,0,0,0,0.006171686742
33.45,19.99391574,0,0,0.00173613672,0,0,0,0,0.006084256922
33.5,19.99400193,0,0,0.001711512875,0,0,0,0,0.005998067151
33.55,19.9940869,0,0,0.001687239102,0,0,0,0,0.0059130998
33.6,19.99417066,0,0,0.001663310402,0,0,0,0,0.00582933749
33.65,19.99425324,0,0,0.001639721846,0,0,0,0,0.005746763091
33.7,19.99433464,0,0,0.001616468577,0,0,0,0,0.005665359717
33.75,19.99441489,0,0,0.001593545808,0,0,0,0,0.005585110725
33.8,19.994494,0,0,0.00157094882,0,0,0,0,0.005505999707
33.85,19.99457199,0,0,0.001548672964,0,0,0,0,0.005428010491
33.9,19.99464887,0,0,0.001526713656,0,0,0,0,0.005351127135
33.95,19.99472467,0,0,0.001505066378,0,0,0,0,0.005275333925
34,19.99479938,0,0,0.001483726678,0,0,0,0,0.005200615371
34.05,19.99487304,0,0,0.001462690168,0,0,0,0,0.005126956204
34.1,19.99494566,0,0,0.001441952523,0,0,0,0,0.005054341373
34.15,19.99501724,0,0,0.00142150948,0,0,0,0,0.004982756041
34.2,19.99508781,0,0,0.001401356836,0,0,0,0,0.004912185585
34.25,19.99515738,0,0,0.001381490451,0,0,0,0,0.004842615587
34.3,19.99522597,0,0,0.001361906243,0,0,0,0,0.004774031837
34.35,19.99529358,0,0,0.001342600188,0,0,0,0,0.004706420327
34.4,19.99536023,0,0,0.001323568321,0,0,0,0,0.004639767248
34.45,19.99542594,0,0,0.001304806735,0,0,0,0,0.00457405899
34.5,19.99549072,0,0,0.001286311575,0,0,0,0,0.004509282134
34.55,19.99555458,0,0,0.001268079047,0,0,0,0,0.004445423455
34.6,19.99561753,0,0,0.001250105406,0,0,0,0,0.004382469915
34.65,19.99567959,0,0,0.001232386964,0,0,0,0,0.004320408661
34.7,19.99574077,0,0,0.001214920085,0,0,0,0,0.004259227026
34.75,19.99580109,0,0,0.001197701186,0,0,0,0,0.00419891252
34.8,19.99586055,0,0,0.001180726734,0,0,0,0,0.004139452833
34.85,19.99591916,0,0,0.001163993248,0,0,0,0,0.00408083583
34.9,19.99597695,0,0,0.001147497295,0,0,0,0,0.00402304955
34.95,19.99603392,0,0,0.001131235493,0,0,0,0,0.003966082199
35,19.99609008,0,0,0.001115204508,0,0,0,0,0.003909922153
35.05,19.99614544,0,0,0.001099401053,0,0,0,0,0.003854557956
35.1,19.99620002,0,0,0.00108382189,0,0,0,0,0.00379997831
35.15,19.99625383,0,0,0.001068463825,0,0,0,0,0.003746172082
35.2,19.99630687,0,0,0.001053323711,0,0,0,0,0.003693128295
35.25,19.99635916,0,0,0.001038398446,0,0,0,0,0.00364083613
35.3,19.99641072,0,0,0.001023684973,0,0,0,0,0.00358928492
35.35,19.99646154,0,0,0.001009180277,0,0,0,0,0.003538464153
35.4,19.99651164,0,0,0.0009948813878,0,0,0,0,0.003488363463
35.45,19.99656103,0,0,0.000980785377,0,0,0,0,0.003438972633
35.5,19.99660972,0,0,0.000966889358,0,0,0,0,0.003390281592
35.55,19.99665772,0,0,0.000953190486,0,0,0,0,0.003342280411
35.6,19.99670504,0,0,0.0009396859563,0,0,0,0,0.003294959304
35.65,19.99675169,0,0,0.0009263730048,0,0,0,0,0.003248308623
35.7,19.99679768,0,0,0.0009132489066,0,0,0,0,0.003202318856
35.75,19.99684302,0,0,0.0009003109758,0,0,0,0,0.003156980629
35.8,19.99688772,0,0,0.0008875565651,0,0,0,0,0.0031122847
35.85,19.99693178,0,0,0.0008749830648,0,0,0,0,0.003068221958
35.9,19.99697522,0,0,0.0008625879025,0,0,0,0,0.003024783421
35.95,19.99701804,0,0,0.0008503685428,0,0,0,0,0.002981960237
36,19.99706026,0,0,0.0008383224861,0,0,0,0,0.002939743679
36.05,19.99710187,0,0,0.000826447269,0,0,0,0,0.002898125141
36.1,19.9971429,0,0,0.0008147404629,0,0,0,0,0.002857096145
36.15,19.99718335,0,0,0.000803199674,0,0,0,0,0.002816648328
36.2,19.99722323,0,0,0.0007918225428,0,0,0,0,0.00277677345
36.25,19.99726254,0,0,0.0007806067432,0,0,0,0,0.002737463385
36.3,19.99730129,0,0,0.0007695499825,0,0,0,0,0.002698710125
36.35,19.99733949,0,0,0.0007586500009,0,0,0,0,0.002660505774
36.4,19.99737716,0,0,0.0007479045704,0,0,0,0,0.002622842549
36.45,19.99741429,0,0,0.0007373114951,0,0,0,0,0.002585712778
36.5,19.99745089,0,0,0.0007268686105,0,0,0,0,0.002549108896
36.55,19.99748698,0,0,0.0007165737826,0,0,0,0,0.002513023449
36.6,19.99752255,0,0,0.0007064249083,0,0,0,0,0.002477449085
36.65,19.99755762,0,0,0.0006964199143,0,0,0,0,0.00244237856
36.7,19.9975922,0,0,0.0006865567566,0,0,0,0,0.00240780473
36.75,19.99762628,0,0,0.0006768334208,0,0,0,0,0.002373720554
36.8,19.99765988,0,0,0.000667247921,0,0,0,0,0.002340119091
36.85,19.99769301,0,0,0.0006577982995,0,0,0,0,0.002306993497
36.9,19.99772566,0,0,0.0006484826267,0,0,0,0,0.002274337028
36.95,19.99775786,0,0,0.0006392990005,0,0,0,0,0.002242143034
37,19.9977896,0,0,0.0006302455457,0,0,0,0,0.002210404959
37.05,19.99782088,0,0,0.0006213204141,0,0,0,0,0.002179116341
37.1,19.99785173,0,0,0.0006125217836,0,0,0,0,0.002148270809
37.15,19.99788214,0,0,0.0006038478582,0,0,0,0,0.002117862084
37.2,19.99791212,0,0,0.0005952968674,0,0,0,0,0.002087883974
37.25,19.99794167,0,0,0.000586867066,0,0,0,0,0.002058330377
37.3,19.9979708,0,0,0.0005785567336,0,0,0,0,0.002029195277
37.35,19.99799953,0,0,0.0005703641743,0,0,0,0,0.002000472741
37.4,19.99802784,0,0,0.0005622877165,0,0,0,0,0.001972156924
37.45,19.99805576,0,0,0.0005543257121,0,0,0,0,0.001944242062
37.5,19.99808328,0,0,0.0005464765367,0,0,0,0,0.001916722472
37.55,19.99811041,0,0,0.000538738589,0,0,0,0,0.001889592554
37.6,19.99813715,0,0,0.0005311102904,0,0,0,0,0.001862846786
37.65,19.99816352,0,0,0.0005235900849,0,0,0,0,0.001836479724
37.7,19.99818951,0,0,0.0005161764386,0,0,0,0,0.001810486002
37.75,19.99821514,0,0,0.0005088678393,0,0,0,0,0.001784860329
37.8,19.9982404,0,0,0.0005016627965,0,0,0,0,0.001759597492
37.85,19.99826531,0,0,0.0004945598407,0,0,0,0,0.001734692348
37.9,19.99828986,0,0,0.0004875575237,0,0,0,0,0.00171013983
37.95,19.99831407,0,0,0.0004806544175,0,0,0,0,0.001685934942
38,19.99833793,0,0,0.0004738491145,0,0,0,0,0.001662072759
38.05,19.99836145,0,0,0.0004671402273,0,0,0,0,0.001638548424
38.1,19.99838464,0,0,0.0004605263881,0,0,0,0,0.001615357152
38.15,19.99840751,0,0,0.0004540062485,0,0,0,0,0.001592494223
38.2,19.99843005,0,0,0.0004475784794,0,0,0,0,0.001569954987
38.25,19.99845227,0,0,0.0004412417706,0,0,0,0,0.001547734858
38.3,19.99847417,0,0,0.0004349948305,0,0,0,0,0.001525829314
38.35,19.99849577,0,0,0.0004288363857,0,0,0,0,0.0015042339
38.4,19.99851706,0,0,0.0004227651812,0,0,0,0,0.001482944222
38.45,19.99853804,0,0,0.0004167799796,0,0,0,0,0.001461955948
38.5,19.99855874,0,0,0.0004108795613,0,0,0,0,0.001441264811
38.55,19.99857913,0,0,0.0004050627238,0,0,0,0,0.001420866599
38.6,19.99859924,0,0,0.0003993282819,0,0,0,0,0.001400757165
38.65,19.99861907,0,0,0.0003936750671,0,0,0,0,0.001380932417
38.7,19.99863861,0,0,0.0003881019276,0,0,0,0,0.001361388324
38.75,19.99865788,0,0,0.000382607728,0,0,0,0,0.001342120909
38.8,19.99867687,0,0,0.0003771913489,0,0,0,0,0.001323126254
38.85,19.9986956,0,0,0.0003718516868,0,0,0,0,0.001304400495
38.9,19.99871406,0,0,0.0003665876541,0,0,0,0,0.001285939825
38.95,19.99873226,0,0,0.0003613981785,0,0,0,0,0.001267740487
39,19.9987502,0,0,0.0003562822028,0,0,0,0,0.001249798782
39.05,19.99876789,0,0,0.0003512386851,0,0,0,0,0.001232111059
39.1,19.99878533,0,0,0.0003462665982,0,0,0,0,0.001214673723
39.15,19.99880252,0,0,0.0003413649293,0,0,0,0,0.001197483226
39.2,19.99881946,0,0,0.0003365326802,0,0,0,0,0.001180536073
39.25,19.99883617,0,0,0.0003317688669,0,0,0,0,0.001163828817
39.3,19.99885264,0,0,0.0003270725192,0,0,0,0,0.001147358062
39.35,19.99886888,0,0,0.0003224426808,0,0,0,0,0.001131120457
39.4,19.99888489,0,0,0.0003178784089,0,0,0,0,0.001115112701
39.45,19.99890067,0,0,0.0003133787742,0,0,0,0,0.001099331539
39.5,19.99891623,0,0,0.0003089428605,0,0,0,0,0.001083773762
39.55,19.99893156,0,0,0.0003045697647,0,0,0,0,0.001068436206
39.6,19.99894668,0,0,0.0003002585965,0,0,0,0,0.001053315753
39.65,19.99896159,0,0,0.000296008478,0,0,0,0,0.001038409329
39.7,19.99897629,0,0,0.0002918185442,0,0,0,0,0.001023713902
39.75,19.99899077,0,0,0.000287687942,0,0,0,0,0.001009226485
39.8,19.99900506,0,0,0.0002836158306,0,0,0,0,0.0009949441331
39.85,19.99901914,0,0,0.0002796013811,0,0,0,0,0.0009808639413
39.9,19.99903302,0,0,0.0002756437763,0,0,0,0,0.0009669830476
39.95,19.9990467,0,0,0.0002717422108,0,0,0,0,0.0009532986297
40,19.99906019,0,0,0.0002678958903,0,0,0,0,0.0009398079058
40.05,19.99907349,0,0,0.0002641040322,0,0,0,0,0.000926508133
40.1,19.9990866,0,0,0.0002603658645,0,0,0,0,0.0009133966077
40.15,19.99909953,0,0,0.0002566806266,0,0,0,0,0.0009004706644
40.2,19.99911227,0,0,0.0002530475684,0,0,0,0,0.0008877276754
40.25,19.99912483,0,0,0.0002494659506,0,0,0,0,0.0008751650502
40.3,19.99913722,0,0,0.0002459350444,0,0,0,0,0.0008627802351
40.35,19.99914943,0,0,0.0002424541312,0,0,0,0,0.0008505707126
40.4,19.99916147,0,0,0.0002390225028,0,0,0,0,0.0008385340006
40.45,19.99917333,0,0,0.0002356394609,0,0,0,0,0.0008266676525
40.5,19.99918503,0,0,0.000232304317,0,0,0,0,0.0008149692562
40.55,19.99919656,0,0,0.0002290163926,0,0,0,0,0.0008034364338
40.6,19.99920793,0,0,0.0002257750188,0,0,0,0,0.0007920668411
40.65,19.99921914,0,0,0.000222579536,0,0,0,0,0.0007808581671
40.7,19.99923019,0,0,0.0002194292942,0,0,0,0,0.0007698081335
40.75,19.99924109,0,0,0.0002163236524,0,0,0,0,0.0007589144944
40.8,19.99925182,0,0,0.0002132619788,0,0,0,0,0.0007481750355
40.85,19.99926241,0,0,0.0002102436505,0,0,0,0,0.0007375875741
40.9,19.99927285,0,0,0.0002072680536,0,0,0,0,0.0007271499582
40.95,19.99928314,0,0,0.0002043345827,0,0,0,0,0.0007168600666
41,19.99929328,0,0,0.0002014426411,0,0,0,0,0.0007067158078
41.05,19.99930328,0,0,0.0001985916406,0,0,0,0,0.0006967151201
41.1,19.99931314,0,0,0.0001957810011,0,0,0,0,0.0006868559711
41.15,19.99932286,0,0,0.0001930101511,0,0,0,0,0.0006771363569
41.2,19.99933245,0,0,0.0001902785269,0,0,0,0,0.0006675543022
41.25,19.99934189,0,0,0.0001875855729,0,0,0,0,0.0006581078597
41.3,19.9993512,0,0,0.0001849307414,0,0,0,0,0.0006487951096
41.35,19.99936039,0,0,0.0001823134925,0,0,0,0,0.0006396141592
41.4,19.99936944,0,0,0.0001797332938,0,0,0,0,0.0006305631428
41.45,19.99937836,0,0,0.0001771896206,0,0,0,0,0.000621640221
41.5,19.99938716,0,0,0.0001746819556,0,0,0,0,0.0006128435806
41.55,19.99939583,0,0,0.0001722097888,0,0,0,0,0.0006041714339
41.6,19.99940438,0,0,0.0001697726174,0,0,0,0,0.0005956220185
41.65,19.99941281,0,0,0.0001673699458,0,0,0,0,0.0005871935971
41.7,19.99942112,0,0,0.0001650012855,0,0,0,0,0.000578884457
41.75,19.99942931,0,0,0.0001626661547,0,0,0,0,0.0005706929098
41.8,19.99943738,0,0,0.0001603640786,0,0,0,0,0.0005626172907
41.85,19.99944534,0,0,0.0001580945892,0,0,0,0,0.0005546559588
41.9,19.99945319,0,0,0.0001558572248,0,0,0,0,0.0005468072963
41.95,19.99946093,0,0,0.0001536515306,0,0,0,0,0.0005390697085
42,19.99946856,0,0,0.0001514770582,0,0,0,0,0.0005314416229
42.05,19.99947608,0,0,0.0001493333652,0,0,0,0,0.0005239214897
42.1,19.99948349,0,0,0.000147220016,0,0,0,0,0.0005165077807
42.15,19.9994908,0,0,0.0001451365808,0,0,0,0,0.0005091989895
42.2,19.99949801,0,0,0.000143082636,0,0,0,0,0.0005019936311
42.25,19.99950511,0,0,0.000141057764,0,0,0,0,0.0004948902414
42.3,19.99951211,0,0,0.0001390615532,0,0,0,0,0.000487887377
42.35,19.99951902,0,0,0.0001370935976,0,0,0,0,0.0004809836151
42.4,19.99952582,0,0,0.0001351534973,0,0,0,0,0.000474177553
42.45,19.99953253,0,0,0.0001332408577,0,0,0,0,0.0004674678077
42.5,19.99953915,0,0,0.0001313552901,0,0,0,0,0.000460853016
42.55,19.99954567,0,0,0.0001294964111,0,0,0,0,0.0004543318339
42.6,19.9995521,0,0,0.0001276638428,0,0,0,0,0.0004479029364
42.65,19.99955843,0,0,0.0001258572127,0,0,0,0,0.0004415650173
42.7,19.99956468,0,0,0.0001240761536,0,0,0,0,0.000435316789
42.75,19.99957084,0,0,0.0001223203033,0,0,0,0,0.0004291569818
42.8,19.99957692,0,0,0.000120589305,0,0,0,0,0.0004230843444
42.85,19.9995829,0,0,0.0001188828067,0,0,0,0,0.000417097643
42.9,19.9995888,0,0,0.0001172004617,0,0,0,0,0.0004111956612
42.95,19.99959462,0,0,0.0001155419279,0,0,0,0,0.0004053772
43,19.99960036,0,0,0.0001139068682,0,0,0,0,0.0003996410772
43.05,19.99960601,0,0,0.0001122949503,0,0,0,0,0.0003939861275
43.1,19.99961159,0,0,0.0001107058465,0,0,0,0,0.0003884112019
43.15,19.99961708,0,0,0.0001091392338,0,0,0,0,0.000382915168
43.2,19.9996225,0,0,0.0001075947938,0,0,0,0,0.000377496909
43.25,19.99962784,0,0,0.0001060722127,0,0,0,0,0.0003721553243
43.3,19.99963311,0,0,0.0001045711808,0,0,0,0,0.0003668893286
43.35,19.9996383,0,0,0.0001030913932,0,0,0,0,0.0003616978521
43.4,19.99964342,0,0,0.0001016325491,0,0,0,0,0.0003565798402
43.45,19.99964847,0,0,0.000100194352,0,0,0,0,0.0003515342531
43.5,19.99965344,0,0,9.877650953e-05,0,0,0,0,0.0003465600658
43.55,19.99965834,0,0,9.737873363e-05,0,0,0,0,0.0003416562677
43.6,19.99966318,0,0,9.600074019e-05,0,0,0,0,0.0003368218627
43.65,19.99966794,0,0,9.464224916e-05,0,0,0,0,0.0003320558686
43.7,19.99967264,0,0,9.330298444e-05,0,0,0,0,0.0003273573173
43.75,19.99967727,0,0,9.198267387e-05,0,0,0,0,0.0003227252543
43.8,19.99968184,0,0,9.068104912e-05,0,0,0,0,0.0003181587385
43.85,19.99968634,0,0,8.939784568e-05,0,0,0,0,0.0003136568424
43.9,19.99969078,0,0,8.813280276e-05,0,0,0,0,0.0003092186513
43.95,19.99969516,0,0,8.688566329e-05,0,0,0,0,0.0003048432637
44,19.99969947,0,0,8.565617384e-05,0,0,0,0,0.0003005297908
44.05,19.99970372,0,0,8.444408454e-05,0,0,0,0,0.0002962773563
44.1,19.99970791,0,0,8.324914909e-05,0,0,0,0,0.0002920850964
44.15,19.99971205,0,0,8.207112467e-05,0,0,0,0,0.0002879521596
44.2,19.99971612,0,0,8.090977189e-05,0,0,0,0,0.0002838777061
44.25,19.99972014,0,0,7.976485475e-05,0,0,0,0,0.0002798609084
44.3,19.9997241,0,0,7.863614062e-05,0,0,0,0,0.0002759009506
44.35,19.999728,0,0,7.752340012e-05,0,0,0,0,0.0002719970282
44.4,19.99973185,0,0,7.642640715e-05,0,0,0,0,0.0002681483481
44.45,19.99973565,0,0,7.53449388e-05,0,0,0,0,0.0002643541287
44.5,19.99973939,0,0,7.427877533e-05,0,0,0,0,0.0002606135992
44.55,19.99974307,0,0,7.322770009e-05,0,0,0,0,0.0002569259997
44.6,19.99974671,0,0,7.219149951e-05,0,0,0,0,0.0002532905812
44.65,19.99975029,0,0,7.116996305e-05,0,0,0,0,0.0002497066053
44.7,19.99975383,0,0,7.016288314e-05,0,0,0,0,0.000246173344
44.75,19.99975731,0,0,6.917005515e-05,0,0,0,0,0.0002426900795
44.8,19.99976074,0,0,6.819127736e-05,0,0,0,0,0.0002392561043
44.85,19.99976413,0,0,6.722635089e-05,0,0,0,0,0.0002358707209
44.9,19.99976747,0,0,6.627507969e-05,0,0,0,0,0.0002325332416
44.95,19.99977076,0,0,6.533727048e-05,0,0,0,0,0.0002292429886
45,19.999774,0,0,6.441273271e-05,0,0,0,0,0.0002259992934
45.05,19.9997772,0,0,6.350127855e-05,0,0,0,0,0.0002228014972
45.1,19.99978035,0,0,6.260272279e-05,0,0,0,0,0.0002196489506
45.15,19.99978346,0,0,6.171688289e-05,0,0,0,0,0.000216541013
45.2,19.99978652,0,0,6.084357886e-05,0,0,0,0,0.0002134770534
45.25,19.99978954,0,0,5.998263327e-05,0,0,0,0,0.0002104564492
45.3,19.99979252,0,0,5.91338712e-05,0,0,0,0,0.000207478587
45.35,19.99979546,0,0,5.829712022e-05,0,0,0,0,0.0002045428619
45.4,19.99979835,0,0,5.747221032e-05,0,0,0,0,0.0002016486776
45.45,19.9998012,0,0,5.66589739e-05,0,0,0,0,0.0001987954463
45.5,19.99980402,0,0,5.585724576e-05,0,0,0,0,0.0001959825884
45.55,19.99980679,0,0,5.5066863e-05,0,0,0,0,0.0001932095326
45.6,19.99980952,0,0,5.428766505e-05,0,0,0,0,0.0001904757157
45.65,19.99981222,0,0,5.351949361e-05,0,0,0,0,0.0001877805823
45.7,19.99981488,0,0,5.276219262e-05,0,0,0,0,0.0001851235852
45.75,19.9998175,0,0,5.201560823e-05,0,0,0,0,0.0001825041845
45.8,19.99982008,0,0,5.127958876e-05,0,0,0,0,0.0001799218483
45.85,19.99982262,0,0,5.055398469e-05,0,0,0,0,0.000177376052
45.9,19.99982513,0,0,4.983864862e-05,0,0,0,0,0.0001748662787
45.95,19.99982761,0,0,4.913343521e-05,0,0,0,0,0.0001723920184
46,19.99983005,0,0,4.84382012e-05,0,0,0,0,0.0001699527688
46.05,19.99983245,0,0,4.775280536e-05,0,0,0,0,0.0001675480343
46.1,19.99983482,0,0,4.707710844e-05,0,0,0,0,0.0001651773266
46.15,19.99983716,0,0,4.641097319e-05,0,0,0,0,0.0001628401641
46.2,19.99983946,0,0,4.575426428e-05,0,0,0,0,0.0001605360722
46.25,19.99984174,0,0,4.51068483e-05,0,0,0,0,0.0001582645828
46.3,19.99984397,0,0,4.446859374e-05,0,0,0,0,0.0001560252347
46.35,19.99984618,0,0,4.383937093e-05,0,0,0,0,0.0001538175729
46.4,19.99984836,0,0,4.321905206e-05,0,0,0,0,0.0001516411492
46.45,19.9998505,0,0,4.260751111e-05,0,0,0,0,0.0001494955214
46.5,19.99985262,0,0,4.200462386e-05,0,0,0,0,0.0001473802539
46.55,19.99985471,0,0,4.141026783e-05,0,0,0,0,0.0001452949169
46.6,19.99985676,0,0,4.08243223e-05,0,0,0,0,0.0001432390869
46.65,19.99985879,0,0,4.024666822e-05,0,0,0,0,0.0001412123464
46.7,19.99986079,0,0,3.967718826e-05,0,0,0,0,0.0001392142838
46.75,19.99986276,0,0,3.911576675e-05,0,0,0,0,0.0001372444933
46.8,19.9998647,0,0,3.856228963e-05,0,0,0,0,0.0001353025748
46.85,19.99986661,0,0,3.801664447e-05,0,0,0,0,0.0001333881338
46.9,19.9998685,0,0,3.747872044e-05,0,0,0,0,0.0001315007816
46.95,19.99987036,0,0,3.694840828e-05,0,0,0,0,0.0001296401349
47,19.99987219,0,0,3.642560025e-05,0,0,0,0,0.0001278058157
47.05,19.999874,0,0,3.591019015e-05,0,0,0,0,0.0001259974516
47.1,19.99987579,0,0,3.540207331e-05,0,0,0,0,0.0001242146752
47.15,19.99987754,0,0,3.49011465e-05,0,0,0,0,0.0001224571244
47.2,19.99987928,0,0,3.440730796e-05,0,0,0,0,0.0001207244424
47.25,19.99988098,0,0,3.39204574e-05,0,0,0,0,0.0001190162772
47.3,19.99988267,0,0,3.344049592e-05,0,0,0,0,0.0001173322818
47.35,19.99988433,0,0,3.296732602e-05,0,0,0,0,0.0001156721144
47.4,19.99988596,0,0,3.25008516e-05,0,0,0,0,0.0001140354376
47.45,19.99988758,0,0,3.204097791e-05,0,0,0,0,0.0001124219192
47.5,19.99988917,0,0,3.158761152e-05,0,0,0,0,0.0001108312314
47.55,19.99989074,0,0,3.114066037e-05,0,0,0,0,0.0001092630511
47.6,19.99989228,0,0,3.070003365e-05,0,0,0,0,0.0001077170599
47.65,19.99989381,0,0,3.026564188e-05,0,0,0,0,0.0001061929438
47.7,19.99989531,0,0,2.983739681e-05,0,0,0,0,0.0001046903933
47.75,19.99989679,0,0,2.941521147e-05,0,0,0,0,0.0001032091032
47.8,19.99989825,0,0,2.89990001e-05,0,0,0,0,0.0001017487726
47.85,19.99989969,0,0,2.858867817e-05,0,0,0,0,0.000100309105
47.9,19.99990111,0,0,2.818416232e-05,0,0,0,0,9.888980801e-05
47.95,19.99990251,0,0,2.77853704e-05,0,0,0,0,9.749059337e-05
48,19.99990389,0,0,2.73922214e-05,0,0,0,0,9.611117692e-05
48.05,19.99990525,0,0,2.700463548e-05,0,0,0,0,9.475127851e-05
48.1,19.99990659,0,0,2.66225339e-05,0,0,0,0,9.341062197e-05
48.15,19.99990791,0,0,2.624583907e-05,0,0,0,0,9.208893501e-05
48.2,19.99990921,0,0,2.587447446e-05,0,0,0,0,9.078594922e-05
48.25,19.9999105,0,0,2.550836465e-05,0,0,0,0,8.950139998e-05
48.3,19.99991176,0,0,2.514743529e-05,0,0,0,0,8.823502642e-05
48.35,19.99991301,0,0,2.479161305e-05,0,0,0,0,8.698657134e-05
48.4,19.99991424,0,0,2.444082567e-05,0,0,0,0,8.57557812e-05
48.45,19.99991546,0,0,2.409500191e-05,0,0,0,0,8.454240605e-05
48.5,19.99991665,0,0,2.375407152e-05,0,0,0,0,8.334619945e-05
48.55,19.99991783,0,0,2.341796526e-05,0,0,0,0,8.216691849e-05
48.6,19.999919,0,0,2.308661486e-05,0,0,0,0,8.100432366e-05
48.65,19.99992014,0,0,2.275995302e-05,0,0,0,0,7.985817886e-05
48.7,19.99992127,0,0,2.24379134e-05,0,0,0,0,7.872825132e-05
48.75,19.99992239,0,0,2.212043059e-05,0,0,0,0,7.761431158e-05
48.8,19.99992348,0,0,2.180744011e-05,0,0,0,0,7.651613339e-05
48.85,19.99992457,0,0,2.149887838e-05,0,0,0,0,7.543349376e-05
48.9,19.99992563,0,0,2.119468274e-05,0,0,0,0,7.436617279e-05
48.95,19.99992669,0,0,2.089479141e-05,0,0,0,0,7.331395374e-05
49,19.99992772,0,0,2.059914347e-05,0,0,0,0,7.227662292e-05
49.05,19.99992875,0,0,2.030767888e-05,0,0,0,0,7.125396967e-05
49.1,19.99992975,0,0,2.002033844e-05,0,0,0,0,7.02457863e-05
49.15,19.99993075,0,0,1.97370638e-05,0,0,0,0,6.925186807e-05
49.2,19.99993173,0,0,1.945779741e-05,0,0,0,0,6.827201312e-05
49.25,19.99993269,0,0,1.918248257e-05,0,0,0,0,6.730602247e-05
49.3,19.99993365,0,0,1.891106335e-05,0,0,0,0,6.635369993e-05
49.35,19.99993459,0,0,1.864348464e-05,0,0,0,0,6.541485212e-05
49.4,19.99993551,0,0,1.837969208e-05,0,0,0,0,6.448928837e-05
49.45,19.99993642,0,0,1.811963209e-05,0,0,0,0,6.35768207e-05
49.5,19.99993732,0,0,1.786325188e-05,0,0,0,0,6.267726383e-05
49.55,19.99993821,0,0,1.761049935e-05,0,0,0,0,6.179043505e-05
49.6,19.99993908,0,0,1.736132318e-05,0,0,0,0,6.091615429e-05
49.65,19.99993995,0,0,1.711567276e-05,0,0,0,0,6.005424397e-05
49.7,19.9999408,0,0,1.687349821e-05,0,0,0,0,5.920452908e-05
49.75,19.99994163,0,0,1.663475034e-05,0,0,0,0,5.836683705e-05
49.8,19.99994246,0,0,1.639938065e-05,0,0,0,0,5.754099774e-05
49.85,19.99994327,0,0,1.616734135e-05,0,0,0,0,5.672684347e-05
49.9,19.99994408,0,0,1.593858531e-05,0,0,0,0,5.592420889e-05
49.95,19.99994487,0,0,1.571306607e-05,0,0,0,0,5.5132931e-05
50,19.99994565,0,0,1.549073784e-05,0,0,0,0,5.43528491e-05
50.05,19.99994642,0,0,1.527155545e-05,0,0,0,0,5.358380478e-05
50.1,19.99994717,0,0,1.505547439e-05,0,0,0,0,5.282564187e-05
50.15,19.99994792,0,0,1.484245079e-05,0,0,0,0,5.207820638e-05
50.2,19.99994866,0,0,1.463244137e-05,0,0,0,0,5.134134655e-05
50.25,19.99994939,0,0,1.442540348e-05,0,0,0,0,5.061491273e-05
50.3,19.9999501,0,0,1.422129508e-05,0,0,0,0,4.989875738e-05
50.35,19.99995081,0,0,1.402007472e-05,0,0,0,0,4.919273508e-05
50.4,19.9999515,0,0,1.382170152e-05,0,0,0,0,4.849670246e-05
50.45,19.99995219,0,0,1.362613521e-05,0,0,0,0,4.781051815e-05
50.5,19.99995287,0,0,1.343333606e-05,0,0,0,0,4.713404282e-05
50.55,19.99995353,0,0,1.324326491e-05,0,0,0,0,4.646713908e-05
50.6,19.99995419,0,0,1.305588318e-05,0,0,0,0,4.580967151e-05
50.65,19.99995484,0,0,1.287115279e-05,0,0,0,0,4.516150657e-05
50.7,19.99995548,0,0,1.268903624e-05,0,0,0,0,4.452251266e-05
50.75,19.99995611,0,0,1.250949654e-05,0,0,0,0,4.389256e-05
50.8,19.99995673,0,0,1.233249723e-05,0,0,0,0,4.327152067e-05
50.85,19.99995734,0,0,1.215800236e-05,0,0,0,0,4.265926854e-05
50.9,19.99995794,0,0,1.198597649e-05,0,0,0,0,4.205567928e-05
50.95,19.99995854,0,0,1.181638468e-05,0,0,0,0,4.146063032e-05
51,19.99995913,0,0,1.164919251e-05,0,0,0,0,4.087400082e-05
51.05,19.9999597,0,0,1.1484366e-05,0,0,0,0,4.029567165e-05
51.1,19.99996027,0,0,1.132187169e-05,0,0,0,0,3.972552535e-05
51.15,19.99996084,0,0,1.116167658e-05,0,0,0,0,3.916344616e-05
51.2,19.99996139,0,0,1.100374813e-05,0,0,0,0,3.860931992e-05
51.25,19.99996194,0,0,1.084805427e-05,0,0,0,0,3.80630341e-05
51.3,19.99996248,0,0,1.069456339e-05,0,0,0,0,3.752447778e-05
51.35,19.99996301,0,0,1.05432443e-05,0,0,0,0,3.699354157e-05
51.4,19.99996353,0,0,1.039406628e-05,0,0,0,0,3.647011766e-05
51.45,19.99996405,0,0,1.024699904e-05,0,0,0,0,3.595409976e-05
51.5,19.99996455,0,0,1.01020127e-05,0,0,0,0,3.544538308e-05
51.55,19.99996506,0,0,9.959077828e-06,0,0,0,0,3.49438643e-05
51.6,19.99996555,0,0,9.818165388e-06,0,0,0,0,3.444944159e-05
51.65,19.99996604,0,0,9.679246766e-06,0,0,0,0,3.396201453e-05
51.7,19.99996652,0,0,9.54229375e-06,0,0,0,0,3.348148415e-05
51.75,19.99996699,0,0,9.407278527e-06,0,0,0,0,3.300775286e-05
51.8,19.99996746,0,0,9.274173678e-06,0,0,0,0,3.254072446e-05
51.85,19.99996792,0,0,9.142952171e-06,0,0,0,0,3.208030411e-05
51.9,19.99996837,0,0,9.013587359e-06,0,0,0,0,3.16263983e-05
51.95,19.99996882,0,0,8.886052969e-06,0,0,0,0,3.117891486e-05
52,19.99996926,0,0,8.760323101e-06,0,0,0,0,3.073776292e-05
52.05,19.9999697,0,0,8.636372223e-06,0,0,0,0,3.03028529e-05
52.1,19.99997013,0,0,8.514175162e-06,0,0,0,0,2.987409647e-05
52.15,19.99997055,0,0,8.393707102e-06,0,0,0,0,2.945140657e-05
52.2,19.99997097,0,0,8.274943579e-06,0,0,0,0,2.903469735e-05
52.25,19.99997138,0,0,8.157860473e-06,0,0,0,0,2.86238842e-05
52.3,19.99997178,0,0,8.042434009e-06,0,0,0,0,2.821888369e-05
52.35,19.99997218,0,0,7.928640745e-06,0,0,0,0,2.781961358e-05
52.4,19.99997257,0,0,7.816457571e-06,0,0,0,0,2.742599278e-05
52.45,19.99997296,0,0,7.705861706e-06,0,0,0,0,2.703794137e-05
52.5,19.99997334,0,0,7.596830691e-06,0,0,0,0,2.665538053e-05
52.55,19.99997372,0,0,7.489342382e-06,0,0,0,0,2.627823259e-05
52.6,19.99997409,0,0,7.383374952e-06,0,0,0,0,2.590642094e-05
52.65,19.99997446,0,0,7.278906881e-06,0,0,0,0,2.55398701e-05
52.7,19.99997482,0,0,7.175916954e-06,0,0,0,0,2.517850562e-05
52.75,19.99997518,0,0,7.074384255e-06,0,0,0,0,2.482225412e-05
52.8,19.99997553,0,0,6.974288165e-06,0,0,0,0,2.447104325e-05
52.85,19.99997588,0,0,6.875608358e-06,0,0,0,0,2.412480169e-05
52.9,19.99997622,0,0,6.778324793e-06,0,0,0,0,2.378345914e-05
52.95,19.99997655,0,0,6.682417715e-06,0,0,0,0,2.344694628e-05
53,19.99997688,0,0,6.587867646e-06,0,0,0,0,2.311519475e-05
53.05,19.99997721,0,0,6.494655387e-06,0,0,0,0,2.278813721e-05
53.1,19.99997753,0,0,6.402762006e-06,0,0,0,0,2.246570724e-05
53.15,19.99997785,0,0,6.312168844e-06,0,0,0,0,2.214783934e-05
53.2,19.99997817,0,0,6.222857503e-06,0,0,0,0,2.183446898e-05
53.25,19.99997847,0,0,6.134809845e-06,0,0,0,0,2.152553253e-05
53.3,19.99997878,0,0,6.048007991e-06,0,0,0,0,2.122096724e-05
53.35,19.99997908,0,0,5.962434312e-06,0,0,0,0,2.092071126e-05
53.4,19.99997938,0,0,5.878071432e-06,0,0,0,0,2.062470362e-05
53.45,19.99997967,0,0,5.794902217e-06,0,0,0,0,2.033288422e-05
53.5,19.99997995,0,0,5.712909778e-06,0,0,0,0,2.004519379e-05
53.55,19.99998024,0,0,5.632077464e-06,0,0,0,0,1.97615739e-05
53.6,19.99998052,0,0,5.552388861e-06,0,0,0,0,1.948196698e-05
53.65,19.99998079,0,0,5.473827786e-06,0,0,0,0,1.920631622e-05
53.7,19.99998107,0,0,5.396378284e-06,0,0,0,0,1.893456567e-05
53.75,19.99998133,0,0,5.320024628e-06,0,0,0,0,1.866666013e-05
53.8,19.9999816,0,0,5.244751312e-06,0,0,0,0,1.84025452e-05
53.85,19.99998186,0,0,5.17054305e-06,0,0,0,0,1.814216725e-05
53.9,19.99998211,0,0,5.097384772e-06,0,0,0,0,1.788547339e-05
53.95,19.99998237,0,0,5.025261622e-06,0,0,0,0,1.763241152e-05
54,19.99998262,0,0,4.954158953e-06,0,0,0,0,1.738293022e-05
54.05,19.99998286,0,0,4.884062326e-06,0,0,0,0,1.713697885e-05
54.1,19.99998311,0,0,4.814957506e-06,0,0,0,0,1.689450746e-05
54.15,19.99998334,0,0,4.74683046e-06,0,0,0,0,1.665546681e-05
54.2,19.99998358,0,0,4.679667353e-06,0,0,0,0,1.641980835e-05
54.25,19.99998381,0,0,4.613454546e-06,0,0,0,0,1.618748423e-05
54.3,19.99998404,0,0,4.548178592e-06,0,0,0,0,1.595844728e-05
54.35,19.99998427,0,0,4.483826237e-06,0,0,0,0,1.573265098e-05
54.4,19.99998449,0,0,4.420384411e-06,0,0,0,0,1.551004948e-05
54.45,19.99998471,0,0,4.357840231e-06,0,0,0,0,1.529059758e-05
54.5,19.99998493,0,0,4.296180997e-06,0,0,0,0,1.507425072e-05
54.55,19.99998514,0,0,4.235394186e-06,0,0,0,0,1.486096495e-05
54.6,19.99998535,0,0,4.175467455e-06,0,0,0,0,1.465069696e-05
54.65,19.99998556,0,0,4.116388635e-06,0,0,0,0,1.444340407e-05
54.7,19.99998576,0,0,4.058145727e-06,0,0,0,0,1.423904417e-05
54.75,19.99998596,0,0,4.000726905e-06,0,0,0,0,1.403757576e-05
54.8,19.99998616,0,0,3.944120507e-06,0,0,0,0,1.383895794e-05
54.85,19.99998636,0,0,3.88831504e-06,0,0,0,0,1.364315036e-05
54.9,19.99998655,0,0,3.83329917e-06,0,0,0,0,1.345011327e-05
54.95,19.99998674,0,0,3.779061725e-06,0,0,0,0,1.325980747e-05
55,19.99998693,0,0,3.725591691e-06,0,0,0,0,1.307219431e-05
55.05,19.99998711,0,0,3.67287821e-06,0,0,0,0,1.288723569e-05
55.1,19.9999873,0,0,3.620910577e-06,0,0,0,0,1.270489406e-05
55.15,19.99998747,0,0,3.569678238e-06,0,0,0,0,1.252513238e-05
55.2,19.99998765,0,0,3.519170791e-06,0,0,0,0,1.234791415e-05
55.25,19.99998783,0,0,3.469377978e-06,0,0,0,0,1.217320339e-05
55.3,19.999988,0,0,3.420289688e-06,0,0,0,0,1.200096461e-05
55.35,19.99998817,0,0,3.371895952e-06,0,0,0,0,1.183116285e-05
55.4,19.99998834,0,0,3.324186944e-06,0,0,0,0,1.166376361e-05
55.45,19.9999885,0,0,3.277152974e-06,0,0,0,0,1.149873291e-05
55.5,19.99998866,0,0,3.230784491e-06,0,0,0,0,1.133603722e-05
55.55,19.99998882,0,0,3.185072079e-06,0,0,0,0,1.117564352e-05
55.6,19.99998898,0,0,3.140006456e-06,0,0,0,0,1.101751923e-05
55.65,19.99998914,0,0,3.09557847e-06,0,0,0,0,1.086163225e-05
55.7,19.99998929,0,0,3.051779098e-06,0,0,0,0,1.070795091e-05
55.75,19.99998944,0,0,3.008599447e-06,0,0,0,0,1.055644401e-05
55.8,19.99998959,0,0,2.966030748e-06,0,0,0,0,1.040708078e-05
55.85,19.99998974,0,0,2.924064356e-06,0,0,0,0,1.02598309e-05
55.9,19.99998989,0,0,2.88269175e-06,0,0,0,0,1.011466445e-05
55.95,19.99999003,0,0,2.841904526e-06,0,0,0,0,9.971551965e-06
56,19.99999017,0,0,2.801694404e-06,0,0,0,0,9.830464379e-06
56.05,19.99999031,0,0,2.762053218e-06,0,0,0,0,9.691373045e-06
56.1,19.99999045,0,0,2.722972917e-06,0,0,0,0,9.554249711e-06
56.15,19.99999058,0,0,2.684445565e-06,0,0,0,0,9.419066537e-06
56.2,19.99999071,0,0,2.646463339e-06,0,0,0,0,9.285796072e-06
56.25,19.99999085,0,0,2.609018525e-06,0,0,0,0,9.154411249e-06
56.3,19.99999098,0,0,2.57210352e-06,0,0,0,0,9.02488539e-06
56.35,19.9999911,0,0,2.535710828e-06,0,0,0,0,8.897192192e-06
56.4,19.99999123,0,0,2.499833057e-06,0,0,0,0,8.771305723e-06
56.45,19.99999135,0,0,2.464462923e-06,0,0,0,0,8.647200421e-06
56.5,19.99999148,0,0,2.429593243e-06,0,0,0,0,8.524851086e-06
56.55,19.9999916,0,0,2.395216935e-06,0,0,0,0,8.404232876e-06
56.6,19.99999171,0,0,2.361327019e-06,0,0,0,0,8.285321286e-06
56.65,19.99999183,0,0,2.327916613e-06,0,0,0,0,8.16809218e-06
56.7,19.99999195,0,0,2.294978932e-06,0,0,0,0,8.052521746e-06
56.75,19.99999206,0,0,2.262507288e-06,0,0,0,0,7.938586521e-06
56.8,19.99999217,0,0,2.230495086e-06,0,0,0,0,7.82626336e-06
56.85,19.99999228,0,0,2.198935826e-06,0,0,0,0,7.71552946e-06
56.9,19.99999239,0,0,2.167823099e-06,0,0,0,0,7.606362335e-06
56.95,19.9999925,0,0,2.137150588e-06,0,0,0,0,7.498739816e-06
57,19.99999261,0,0,2.106912062e-06,0,0,0,0,7.392640047e-06
57.05,19.99999271,0,0,2.077101383e-06,0,0,0,0,7.288041481e-06
57.1,19.99999282,0,0,2.047712496e-06,0,0,0,0,7.184922879e-06
57.15,19.99999292,0,0,2.018739433e-06,0,0,0,0,7.083263299e-06
57.2,19.99999302,0,0,1.990176311e-06,0,0,0,0,6.983042098e-06
57.25,19.99999312,0,0,1.962017329e-06,0,0,0,0,6.884238932e-06
57.3,19.99999321,0,0,1.93425677e-06,0,0,0,0,6.78683373e-06
57.35,19.99999331,0,0,1.906888995e-06,0,0,0,0,6.69080671e-06
57.4,19.9999934,0,0,1.879908448e-06,0,0,0,0,6.596138377e-06
57.45,19.9999935,0,0,1.853309649e-06,0,0,0,0,6.502809502e-06
57.5,19.99999359,0,0,1.827087197e-06,0,0,0,0,6.410801138e-06
57.55,19.99999368,0,0,1.801235767e-06,0,0,0,0,6.320094599e-06
57.6,19.99999377,0,0,1.77575011e-06,0,0,0,0,6.230671467e-06
57.65,19.99999386,0,0,1.750625049e-06,0,0,0,0,6.14251358e-06
57.7,19.99999394,0,0,1.725855484e-06,0,0,0,0,6.055603038e-06
57.75,19.99999403,0,0,1.701436384e-06,0,0,0,0,5.969922192e-06
57.8,19.99999411,0,0,1.677362789e-06,0,0,0,0,5.885453643e-06
57.85,19.9999942,0,0,1.653629813e-06,0,0,0,0,5.802180237e-06
57.9,19.99999428,0,0,1.630232635e-06,0,0,0,0,5.720085063e-06
57.95,19.99999436,0,0,1.607166503e-06,0,0,0,0,5.639151457e-06
58,19.99999444,0,0,1.584426735e-06,0,0,0,0,5.559362975e-06
58.05,19.99999452,0,0,1.562008712e-06,0,0,0,0,5.480703418e-06
58.1,19.9999946,0,0,1.539907882e-06,0,0,0,0,5.403156816e-06
58.15,19.99999467,0,0,1.518119757e-06,0,0,0,0,5.32670742e-06
58.2,19.99999475,0,0,1.496639912e-06,0,0,0,0,5.251339701e-06
58.25,19.99999482,0,0,1.475463986e-06,0,0,0,0,5.177038361e-06
58.3,19.9999949,0,0,1.454587678e-06,0,0,0,0,5.103788308e-06
58.35,19.99999497,0,0,1.434006749e-06,0,0,0,0,5.03157467e-06
58.4,19.99999504,0,0,1.413717019e-06,0,0,0,0,4.960382778e-06
58.45,19.99999511,0,0,1.39371437e-06,0,0,0,0,4.890198181e-06
58.5,19.99999518,0,0,1.373994737e-06,0,0,0,0,4.821006623e-06
58.55,19.99999525,0,0,1.354554118e-06,0,0,0,0,4.752794055e-06
58.6,19.99999531,0,0,1.335388565e-06,0,0,0,0,4.685546628e-06
58.65,19.99999538,0,0,1.316494184e-06,0,0,0,0,4.619250682e-06
58.7,19.99999545,0,0,1.297867141e-06,0,0,0,0,4.553892751e-06
58.75,19.99999551,0,0,1.279503651e-06,0,0,0,0,4.489459574e-06
58.8,19.99999557,0,0,1.261399987e-06,0,0,0,0,4.425938059e-06
58.85,19.99999564,0,0,1.243552471e-06,0,0,0,0,4.363315306e-06
58.9,19.9999957,0,0,1.22595748e-06,0,0,0,0,4.301578603e-06
58.95,19.99999576,0,0,1.20861144e-06,0,0,0,0,4.240715409e-06
59,19.99999582,0,0,1.191510829e-06,0,0,0,0,4.180713368e-06
59.05,19.99999588,0,0,1.174652175e-06,0,0,0,0,4.121560295e-06
59.1,19.99999594,0,0,1.158032054e-06,0,0,0,0,4.06324418e-06
59.15,19.99999599,0,0,1.14164709e-06,0,0,0,0,4.005753173e-06
59.2,19.99999605,0,0,1.125493958e-06,0,0,0,0,3.949075609e-06
59.25,19.99999611,0,0,1.109569376e-06,0,0,0,0,3.89319997e-06
59.3,19.99999616,0,0,1.093870111e-06,0,0,0,0,3.838114917e-06
59.35,19.99999622,0,0,1.078392975e-06,0,0,0,0,3.783809259e-06
59.4,19.99999627,0,0,1.063134824e-06,0,0,0,0,3.73027197e-06
59.45,19.99999632,0,0,1.048092561e-06,0,0,0,0,3.677492177e-06
59.5,19.99999637,0,0,1.033263131e-06,0,0,0,0,3.625459168e-06
59.55,19.99999643,0,0,1.018643522e-06,0,0,0,0,3.574162371e-06
59.6,19.99999648,0,0,1.004230766e-06,0,0,0,0,3.523591367e-06
59.65,19.99999653,0,0,9.900219363e-07,0,0,0,0,3.473735894e-06
59.7,19.99999658,0,0,9.760141468e-07,0,0,0,0,3.424585824e-06
59.75,19.99999662,0,0,9.622045534e-07,0,0,0,0,3.376131176e-06
59.8,19.99999667,0,0,9.485903517e-07,0,0,0,0,3.328362109e-06
59.85,19.99999672,0,0,9.351687772e-07,0,0,0,0,3.281268928e-06
59.9,19.99999677,0,0,9.219371043e-07,0,0,0,0,3.234842069e-06
59.95,19.99999681,0,0,9.088926462e-07,0,0,0,0,3.1890721e-06
60,19.99999686,0,0,8.96032754e-07,0,0,0,0,3.14394973e-06
60.05,19.9999969,0,0,8.833548162e-07,0,0,0,0,3.099465793e-06
60.1,19.99999694,0,0,8.708562583e-07,0,0,0,0,3.055611259e-06
60.15,19.99999699,0,0,8.585345423e-07,0,0,0,0,3.012377221e-06
60.2,19.99999703,0,0,8.463871661e-07,0,0,0,0,2.969754899e-06
60.25,19.99999707,0,0,8.344116629e-07,0,0,0,0,2.927735636e-06
60.3,19.99999711,0,0,8.226056008e-07,0,0,0,0,2.886310909e-06
60.35,19.99999715,0,0,8.109665826e-07,0,0,0,0,2.845472295e-06
60.4,19.99999719,0,0,7.994922446e-07,0,0,0,0,2.805211505e-06
60.45,19.99999723,0,0,7.881802567e-07,0,0,0,0,2.76552036e-06
60.5,19.99999727,0,0,7.77028322e-07,0,0,0,0,2.726390807e-06
60.55,19.99999731,0,0,7.660341758e-07,0,0,0,0,2.687814899e-06
60.6,19.99999735,0,0,7.551955855e-07,0,0,0,0,2.6497848e-06
60.65,19.99999739,0,0,7.445103502e-07,0,0,0,0,2.612292789e-06
60.7,19.99999742,0,0,7.339763001e-07,0,0,0,0,2.575331248e-06
60.75,19.99999746,0,0,7.23591296e-07,0,0,0,0,2.538892677e-06
60.8,19.9999975,0,0,7.133532291e-07,0,0,0,0,2.502969668e-06
60.85,19.99999753,0,0,7.032600205e-07,0,0,0,0,2.467554939e-06
60.9,19.99999757,0,0,6.933096203e-07,0,0,0,0,2.432641288e-06
60.95,19.9999976,0,0,6.835000082e-07,0,0,0,0,2.398221632e-06
61,19.99999764,0,0,6.73829192e-07,0,0,0,0,2.364288974e-06
61.05,19.99999767,0,0,6.64295208e-07,0,0,0,0,2.330836431e-06
61.1,19.9999977,0,0,6.548961201e-07,0,0,0,0,2.297857204e-06
61.15,19.99999773,0,0,6.456300196e-07,0,0,0,0,2.265344598e-06
61.2,19.99999777,0,0,6.36495025e-07,0,0,0,0,2.233292015e-06
61.25,19.9999978,0,0,6.274892812e-07,0,0,0,0,2.20169294e-06
61.3,19.99999783,0,0,6.186109594e-07,0,0,0,0,2.170540963e-06
61.35,19.99999786,0,0,6.098582568e-07,0,0,0,0,2.13982975e-06
61.4,19.99999789,0,0,6.012293959e-07,0,0,0,0,2.109553073e-06
61.45,19.99999792,0,0,5.927226245e-07,0,0,0,0,2.079704778e-06
61.5,19.99999795,0,0,5.843362152e-07,0,0,0,0,2.050278802e-06
61.55,19.99999798,0,0,5.76068465e-07,0,0,0,0,2.021269175e-06
61.6,19.99999801,0,0,5.67917695e-07,0,0,0,0,1.992670008e-06
61.65,19.99999804,0,0,5.5988225e-07,0,0,0,0,1.964475484e-06
61.7,19.99999806,0,0,5.519604982e-07,0,0,0,0,1.936679883e-06
61.75,19.99999809,0,0,5.441508311e-07,0,0,0,0,1.909277564e-06
61.8,19.99999812,0,0,5.364516628e-07,0,0,0,0,1.882262961e-06
61.85,19.99999814,0,0,5.288614297e-07,0,0,0,0,1.855630583e-06
61.9,19.99999817,0,0,5.213785906e-07,0,0,0,0,1.82937503e-06
61.95,19.9999982,0,0,5.14001626e-07,0,0,0,0,1.803490964e-06
62,19.99999822,0,0,5.067290379e-07,0,0,0,0,1.777973125e-06
62.05,19.99999825,0,0,4.995593494e-07,0,0,0,0,1.752816342e-06
62.1,19.99999827,0,0,4.924911045e-07,0,0,0,0,1.728015501e-06
62.15,19.9999983,0,0,4.855228681e-07,0,0,0,0,1.703565566e-06
62.2,19.99999832,0,0,4.78653225e-07,0,0,0,0,1.679461572e-06
62.25,19.99999834,0,0,4.718807803e-07,0,0,0,0,1.655698625e-06
62.3,19.99999837,0,0,4.652041586e-07,0,0,0,0,1.632271896e-06
62.35,19.99999839,0,0,4.586220043e-07,0,0,0,0,1.609176632e-06
62.4,19.99999841,0,0,4.521329807e-07,0,0,0,0,1.586408143e-06
62.45,19.99999844,0,0,4.4573577e-07,0,0,0,0,1.563961806e-06
62.5,19.99999846,0,0,4.394290733e-07,0,0,0,0,1.541833058e-06
62.55,19.99999848,0,0,4.332116098e-07,0,0,0,0,1.52001741e-06
62.6,19.9999985,0,0,4.27082117e-07,0,0,0,0,1.498510429e-06
62.65,19.99999852,0,0,4.210393502e-07,0,0,0,0,1.477307752e-06
62.7,19.99999854,0,0,4.150820823e-07,0,0,0,0,1.456405069e-06
62.75,19.99999856,0,0,4.092091036e-07,0,0,0,0,1.435798136e-06
62.8,19.99999858,0,0,4.034192214e-07,0,0,0,0,1.415482775e-06
62.85,19.9999986,0,0,3.977112601e-07,0,0,0,0,1.395454849e-06
62.9,19.99999862,0,0,3.920840605e-07,0,0,0,0,1.375710298e-06
62.95,19.99999864,0,0,3.8653648e-07,0,0,0,0,1.356245114e-06
63,19.99999866,0,0,3.81067392e-07,0,0,0,0,1.337055341e-06
63.05,19.99999868,0,0,3.756756859e-07,0,0,0,0,1.318137084e-06
63.1,19.9999987,0,0,3.703602669e-07,0,0,0,0,1.299486499e-06
63.15,19.99999872,0,0,3.651200556e-07,0,0,0,0,1.281099802e-06
63.2,19.99999874,0,0,3.599539878e-07,0,0,0,0,1.262973257e-06
63.25,19.99999875,0,0,3.548610145e-07,0,0,0,0,1.245103185e-06
63.3,19.99999877,0,0,3.498401015e-07,0,0,0,0,1.227485956e-06
63.35,19.99999879,0,0,3.448902292e-07,0,0,0,0,1.210117993e-06
63.4,19.99999881,0,0,3.400103925e-07,0,0,0,0,1.192995768e-06
63.45,19.99999882,0,0,3.351996004e-07,0,0,0,0,1.176115802e-06
63.5,19.99999884,0,0,3.304568761e-07,0,0,0,0,1.159474671e-06
63.55,19.99999886,0,0,3.257812563e-07,0,0,0,0,1.143068996e-06
63.6,19.99999887,0,0,3.211717918e-07,0,0,0,0,1.126895445e-06
63.65,19.99999889,0,0,3.166275463e-07,0,0,0,0,1.110950731e-06
63.7,19.9999989,0,0,3.121475973e-07,0,0,0,0,1.095231617e-06
63.75,19.99999892,0,0,3.077310348e-07,0,0,0,0,1.079734915e-06
63.8,19.99999894,0,0,3.033769621e-07,0,0,0,0,1.064457472e-06
63.85,19.99999895,0,0,2.990844951e-07,0,0,0,0,1.049396193e-06
63.9,19.99999897,0,0,2.948527619e-07,0,0,0,0,1.034548013e-06
63.95,19.99999898,0,0,2.906809034e-07,0,0,0,0,1.01990992e-06
64,19.99999899,0,0,2.865680724e-07,0,0,0,0,1.005478943e-06
64.05,19.99999901,0,0,2.825134337e-07,0,0,0,0,9.912521435e-07
64.1,19.99999902,0,0,2.785161638e-07,0,0,0,0,9.772266409e-07
64.15,19.99999904,0,0,2.745754512e-07,0,0,0,0,9.633995859e-07
64.2,19.99999905,0,0,2.706904956e-07,0,0,0,0,9.497681681e-07
64.25,19.99999906,0,0,2.668605081e-07,0,0,0,0,9.363296165e-07
64.3,19.99999908,0,0,2.630847109e-07,0,0,0,0,9.230812132e-07
64.35,19.99999909,0,0,2.593623373e-07,0,0,0,0,9.100202583e-07
64.4,19.9999991,0,0,2.556926314e-07,0,0,0,0,8.971441012e-07
64.45,19.99999912,0,0,2.52074848e-07,0,0,0,0,8.844501274e-07
64.5,19.99999913,0,0,2.485082525e-07,0,0,0,0,8.719357645e-07
64.55,19.99999914,0,0,2.449921206e-07,0,0,0,0,8.595984617e-07
64.6,19.99999915,0,0,2.415257383e-07,0,0,0,0,8.474357216e-07
64.65,19.99999916,0,0,2.381084018e-07,0,0,0,0,8.354450749e-07
64.7,19.99999918,0,0,2.347394169e-07,0,0,0,0,8.236240774e-07
64.75,19.99999919,0,0,2.314180997e-07,0,0,0,0,8.119703345e-07
64.8,19.9999992,0,0,2.281437757e-07,0,0,0,0,8.004814838e-07
64.85,19.99999921,0,0,2.2491578e-07,0,0,0,0,7.891551839e-07
64.9,19.99999922,0,0,2.21733457e-07,0,0,0,0,7.779891433e-07
64.95,19.99999923,0,0,2.185961606e-07,0,0,0,0,7.669810884e-07
65,19.99999924,0,0,2.155032537e-07,0,0,0,0,7.56128788e-07
65.05,19.99999925,0,0,2.124541081e-07,0,0,0,0,7.454300324e-07
65.1,19.99999927,0,0,2.094481048e-07,0,0,0,0,7.348826543e-07
65.15,19.99999928,0,0,2.064846334e-07,0,0,0,0,7.244845115e-07
65.2,19.99999929,0,0,2.035630919e-07,0,0,0,0,7.142334937e-07
65.25,19.9999993,0,0,2.006828872e-07,0,0,0,0,7.041275154e-07
65.3,19.99999931,0,0,1.978434344e-07,0,0,0,0,6.941645267e-07
65.35,19.99999932,0,0,1.950441569e-07,0,0,0,0,6.843425027e-07
65.4,19.99999933,0,0,1.922844863e-07,0,0,0,0,6.746594501e-07
65.45,19.99999933,0,0,1.895638621e-07,0,0,0,0,6.651134008e-07
65.5,19.99999934,0,0,1.868817319e-07,0,0,0,0,6.557024221e-07
65.55,19.99999935,0,0,1.842375511e-07,0,0,0,0,6.464245956e-07
65.6,19.99999936,0,0,1.816307827e-07,0,0,0,0,6.372780419e-07
65.65,19.99999937,0,0,1.790608973e-07,0,0,0,0,6.282609029e-07
65.7,19.99999938,0,0,1.765273731e-07,0,0,0,0,6.193713453e-07
65.75,19.99999939,0,0,1.740296956e-07,0,0,0,0,6.106075681e-07
65.8,19.9999994,0,0,1.715673577e-07,0,0,0,0,6.019677876e-07
65.85,19.99999941,0,0,1.691398593e-07,0,0,0,0,5.934502525e-07
65.9,19.99999941,0,0,1.667467074e-07,0,0,0,0,5.85053229e-07
65.95,19.99999942,0,0,1.643874161e-07,0,0,0,0,5.767750189e-07
66,19.99999943,0,0,1.620615064e-07,0,0,0,0,5.686139311e-07
66.05,19.99999944,0,0,1.597685058e-07,0,0,0,0,5.605683171e-07
66.1,19.99999945,0,0,1.575079488e-07,0,0,0,0,5.526365392e-07
66.15,19.99999946,0,0,1.552793764e-07,0,0,0,0,5.448169915e-07
66.2,19.99999946,0,0,1.530823359e-07,0,0,0,0,5.371080789e-07
66.25,19.99999947,0,0,1.509163812e-07,0,0,0,0,5.295082381e-07
66.3,19.99999948,0,0,1.487810725e-07,0,0,0,0,5.220159274e-07
66.35,19.99999949,0,0,1.466759762e-07,0,0,0,0,5.14629626e-07
66.4,19.99999949,0,0,1.446006649e-07,0,0,0,0,5.073478349e-07
66.45,19.9999995,0,0,1.42554717e-07,0,0,0,0,5.001690724e-07
66.5,19.99999951,0,0,1.405377171e-07,0,0,0,0,4.930918784e-07
66.55,19.99999951,0,0,1.385492557e-07,0,0,0,0,4.861148248e-07
66.6,19.99999952,0,0,1.365889289e-07,0,0,0,0,4.792364834e-07
66.65,19.99999953,0,0,1.346563387e-07,0,0,0,0,4.724554685e-07
66.7,19.99999953,0,0,1.327510926e-07,0,0,0,0,4.657703947e-07
66.75,19.99999954,0,0,1.308728038e-07,0,0,0,0,4.591799083e-07
66.8,19.99999955,0,0,1.290210908e-07,0,0,0,0,4.5268267e-07
66.85,19.99999955,0,0,1.271955776e-07,0,0,0,0,4.462773617e-07
66.9,19.99999956,0,0,1.253958935e-07,0,0,0,0,4.399626832e-07
66.95,19.99999957,0,0,1.236216731e-07,0,0,0,0,4.337373483e-07
67,19.99999957,0,0,1.21872556e-07,0,0,0,0,4.276000993e-07
67.05,19.99999958,0,0,1.201481871e-07,0,0,0,0,4.215496823e-07
67.1,19.99999958,0,0,1.184482162e-07,0,0,0,0,4.155848714e-07
67.15,19.99999959,0,0,1.167722981e-07,0,0,0,0,4.097044588e-07
67.2,19.9999996,0,0,1.151200925e-07,0,0,0,0,4.039072508e-07
67.25,19.9999996,0,0,1.134912639e-07,0,0,0,0,3.981920642e-07
67.3,19.99999961,0,0,1.118854815e-07,0,0,0,0,3.925577374e-07
67.35,19.99999961,0,0,1.103024192e-07,0,0,0,0,3.870031371e-07
67.4,19.99999962,0,0,1.087417557e-07,0,0,0,0,3.815271263e-07
67.45,19.99999962,0,0,1.072031738e-07,0,0,0,0,3.761285932e-07
67.5,19.99999963,0,0,1.056863613e-07,0,0,0,0,3.708064469e-07
67.55,19.99999963,0,0,1.041910101e-07,0,0,0,0,3.655596004e-07
67.6,19.99999964,0,0,1.027168166e-07,0,0,0,0,3.603869949e-07
67.65,19.99999964,0,0,1.012634814e-07,0,0,0,0,3.552875718e-07
67.7,19.99999965,0,0,9.98307093e-08,0,0,0,0,3.502603043e-07
67.75,19.99999965,0,0,9.841820946e-08,0,0,0,0,3.453041657e-07
67.8,19.99999966,0,0,9.702569501e-08,0,0,0,0,3.404181506e-07
67.85,19.99999966,0,0,9.565288319e-08,0,0,0,0,3.356012677e-07
67.9,19.99999967,0,0,9.429949521e-08,0,0,0,0,3.3085254e-07
67.95,19.99999967,0,0,9.296525626e-08,0,0,0,0,3.261709978e-07
68,19.99999968,0,0,9.164989539e-08,0,0,0,0,3.215556994e-07
68.05,19.99999968,0,0,9.03531455e-08,0,0,0,0,3.170056999e-07
68.1,19.99999969,0,0,8.907474326e-08,0,0,0,0,3.125200791e-07
68.15,19.99999969,0,0,8.781442908e-08,0,0,0,0,3.080979241e-07
68.2,19.9999997,0,0,8.657194702e-08,0,0,0,0,3.037383394e-07
68.25,19.9999997,0,0,8.534704479e-08,0,0,0,0,2.994404369e-07
68.3,19.9999997,0,0,8.413947363e-08,0,0,0,0,2.952033462e-07
68.35,19.99999971,0,0,8.294898834e-08,0,0,0,0,2.91026204e-07
68.4,19.99999971,0,0,8.177534718e-08,0,0,0,0,2.869081648e-07
68.45,19.99999972,0,0,8.06183118e-08,0,0,0,0,2.828483936e-07
68.5,19.99999972,0,0,7.947764727e-08,0,0,0,0,2.788460591e-07
68.55,19.99999973,0,0,7.835312194e-08,0,0,0,0,2.749003585e-07
68.6,19.99999973,0,0,7.724450747e-08,0,0,0,0,2.710104816e-07
68.65,19.99999973,0,0,7.615157873e-08,0,0,0,0,2.671756434e-07
68.7,19.99999974,0,0,7.507411379e-08,0,0,0,0,2.633950693e-07
68.75,19.99999974,0,0,7.401189385e-08,0,0,0,0,2.596679813e-07
68.8,19.99999974,0,0,7.296470321e-08,0,0,0,0,2.559936263e-07
68.85,19.99999975,0,0,7.193232922e-08,0,0,0,0,2.523712617e-07
68.9,19.99999975,0,0,7.091456223e-08,0,0,0,0,2.48800152e-07
68.95,19.99999975,0,0,6.991119559e-08,0,0,0,0,2.452795655e-07
69,19.99999976,0,0,6.892202553e-08,0,0,0,0,2.418087952e-07
69.05,19.99999976,0,0,6.794685119e-08,0,0,0,0,2.383871305e-07
69.1,19.99999976,0,0,6.698547455e-08,0,0,0,0,2.350138786e-07
69.15,19.99999977,0,0,6.603770037e-08,0,0,0,0,2.316883538e-07
69.2,19.99999977,0,0,6.510333621e-08,0,0,0,0,2.284098848e-07
69.25,19.99999977,0,0,6.418219233e-08,0,0,0,0,2.251778e-07
69.3,19.99999978,0,0,6.327408166e-08,0,0,0,0,2.219914457e-07
69.35,19.99999978,0,0,6.237881981e-08,0,0,0,0,2.188501753e-07
69.4,19.99999978,0,0,6.149622497e-08,0,0,0,0,2.15753353e-07
69.45,19.99999979,0,0,6.062611793e-08,0,0,0,0,2.127003462e-07
69.5,19.99999979,0,0,5.976832198e-08,0,0,0,0,2.096905334e-07
69.55,19.99999979,0,0,5.892266296e-08,0,0,0,0,2.067233105e-07
69.6,19.9999998,0,0,5.808896912e-08,0,0,0,0,2.037980664e-07
69.65,19.9999998,0,0,5.726707117e-08,0,0,0,0,2.009142115e-07
69.7,19.9999998,0,0,5.645680222e-08,0,0,0,0,1.980711666e-07
69.75,19.9999998,0,0,5.565799772e-08,0,0,0,0,1.952683419e-07
69.8,19.99999981,0,0,5.487049547e-08,0,0,0,0,1.925051798e-07
69.85,19.99999981,0,0,5.409413555e-08,0,0,0,0,1.897811082e-07
69.9,19.99999981,0,0,5.332876031e-08,0,0,0,0,1.870955835e-07
69.95,19.99999982,0,0,5.257421433e-08,0,0,0,0,1.844480551e-07
70,19.99999982,0,0,5.183034438e-08,0,0,0,0,1.818379864e-07
70.05,19.99999982,0,0,5.109699942e-08,0,0,0,0,1.792648447e-07
70.1,19.99999982,0,0,5.037403051e-08,0,0,0,0,1.767281113e-07
70.15,19.99999983,0,0,4.966129086e-08,0,0,0,0,1.742272673e-07
70.2,19.99999983,0,0,4.895863572e-08,0,0,0,0,1.717618119e-07
70.25,19.99999983,0,0,4.826592242e-08,0,0,0,0,1.693312406e-07
70.3,19.99999983,0,0,4.758301028e-08,0,0,0,0,1.66935056e-07
70.35,19.99999984,0,0,4.690976064e-08,0,0,0,0,1.645727785e-07
70.4,19.99999984,0,0,4.624603677e-08,0,0,0,0,1.622439214e-07
70.45,19.99999984,0,0,4.55917039e-08,0,0,0,0,1.599480157e-07
70.5,19.99999984,0,0,4.494662915e-08,0,0,0,0,1.57684596e-07
70.55,19.99999984,0,0,4.431068153e-08,0,0,0,0,1.554532005e-07
70.6,19.99999985,0,0,4.368373191e-08,0,0,0,0,1.53253378e-07
70.65,19.99999985,0,0,4.306565296e-08,0,0,0,0,1.510846808e-07
70.7,19.99999985,0,0,4.245631918e-08,0,0,0,0,1.489466683e-07
70.75,19.99999985,0,0,4.185560684e-08,0,0,0,0,1.468389037e-07
70.8,19.99999986,0,0,4.126339394e-08,0,0,0,0,1.447609606e-07
70.85,19.99999986,0,0,4.067956024e-08,0,0,0,0,1.427124232e-07
70.9,19.99999986,0,0,4.010398717e-08,0,0,0,0,1.406928689e-07
70.95,19.99999986,0,0,3.953655786e-08,0,0,0,0,1.387018891e-07
71,19.99999986,0,0,3.897715708e-08,0,0,0,0,1.367390787e-07
71.05,19.99999987,0,0,3.842567123e-08,0,0,0,0,1.348040399e-07
71.1,19.99999987,0,0,3.788198832e-08,0,0,0,0,1.328963819e-07
71.15,19.99999987,0,0,3.734599796e-08,0,0,0,0,1.310157138e-07
71.2,19.99999987,0,0,3.68175913e-08,0,0,0,0,1.291616556e-07
71.25,19.99999987,0,0,3.629666104e-08,0,0,0,0,1.273338306e-07
71.3,19.99999987,0,0,3.57831014e-08,0,0,0,0,1.255318658e-07
71.35,19.99999988,0,0,3.527680809e-08,0,0,0,0,1.237553988e-07
71.4,19.99999988,0,0,3.477767829e-08,0,0,0,0,1.220040673e-07
71.45,19.99999988,0,0,3.428561066e-08,0,0,0,0,1.202775159e-07
71.5,19.99999988,0,0,3.380050527e-08,0,0,0,0,1.185753931e-07
71.55,19.99999988,0,0,3.332226361e-08,0,0,0,0,1.168973505e-07
71.6,19.99999988,0,0,3.285078857e-08,0,0,0,0,1.152430542e-07
71.65,19.99999989,0,0,3.238598441e-08,0,0,0,0,1.136121632e-07
71.7,19.99999989,0,0,3.192775674e-08,0,0,0,0,1.120043471e-07
71.75,19.99999989,0,0,3.14760125e-08,0,0,0,0,1.104192755e-07
71.8,19.99999989,0,0,3.103065998e-08,0,0,0,0,1.088566357e-07
71.85,19.99999989,0,0,3.059160873e-08,0,0,0,0,1.073161044e-07
71.9,19.99999989,0,0,3.015876959e-08,0,0,0,0,1.057973726e-07
71.95,19.9999999,0,0,2.973205467e-08,0,0,0,0,1.043001276e-07
72,19.9999999,0,0,2.931137731e-08,0,0,0,0,1.028240639e-07
72.05,19.9999999,0,0,2.889665211e-08,0,0,0,0,1.013688902e-07
72.1,19.9999999,0,0,2.848779482e-08,0,0,0,0,9.993430439e-08
72.15,19.9999999,0,0,2.808472244e-08,0,0,0,0,9.852001881e-08
72.2,19.9999999,0,0,2.768735311e-08,0,0,0,0,9.712574212e-08
72.25,19.9999999,0,0,2.729560614e-08,0,0,0,0,9.575119009e-08
72.3,19.99999991,0,0,2.690940198e-08,0,0,0,0,9.439608917e-08
72.35,19.99999991,0,0,2.65286622e-08,0,0,0,0,9.306016224e-08
72.4,19.99999991,0,0,2.615330949e-08,0,0,0,0,9.174313575e-08
72.45,19.99999991,0,0,2.578326763e-08,0,0,0,0,9.044474325e-08
72.5,19.99999991,0,0,2.541846147e-08,0,0,0,0,8.916472183e-08
72.55,19.99999991,0,0,2.505881693e-08,0,0,0,0,8.790281214e-08
72.6,19.99999991,0,0,2.470426099e-08,0,0,0,0,8.665875484e-08
72.65,19.99999991,0,0,2.435472164e-08,0,0,0,0,8.543230123e-08
72.7,19.99999992,0,0,2.401012791e-08,0,0,0,0,8.422320263e-08
72.75,19.99999992,0,0,2.367040981e-08,0,0,0,0,8.303121035e-08
72.8,19.99999992,0,0,2.333549837e-08,0,0,0,0,8.185607925e-08
72.85,19.99999992,0,0,2.300532558e-08,0,0,0,0,8.06975784e-08
72.9,19.99999992,0,0,2.267982438e-08,0,0,0,0,7.955546977e-08
72.95,19.99999992,0,0,2.235892869e-08,0,0,0,0,7.842951888e-08
73,19.99999992,0,0,2.204257333e-08,0,0,0,0,7.731950191e-08
73.05,19.99999992,0,0,2.173069407e-08,0,0,0,0,7.622518794e-08
73.1,19.99999992,0,0,2.142322757e-08,0,0,0,0,7.514636025e-08
73.15,19.99999993,0,0,2.11201114e-08,0,0,0,0,7.408279501e-08
73.2,19.99999993,0,0,2.0821284e-08,0,0,0,0,7.303427907e-08
73.25,19.99999993,0,0,2.05266847e-08,0,0,0,0,7.200059571e-08
73.3,19.99999993,0,0,2.023625367e-08,0,0,0,0,7.098154242e-08
73.35,19.99999993,0,0,1.994993194e-08,0,0,0,0,6.997690249e-08
73.4,19.99999993,0,0,1.966766135e-08,0,0,0,0,6.898648053e-08
73.45,19.99999993,0,0,1.93893846e-08,0,0,0,0,6.801007046e-08
73.5,19.99999993,0,0,1.911504518e-08,0,0,0,0,6.70474769e-08
73.55,19.99999993,0,0,1.884458736e-08,0,0,0,0,6.609850089e-08
73.6,19.99999993,0,0,1.857795624e-08,0,0,0,0,6.516295414e-08
73.65,19.99999994,0,0,1.831509768e-08,0,0,0,0,6.42406448e-08
73.7,19.99999994,0,0,1.805595828e-08,0,0,0,0,6.333138458e-08
73.75,19.99999994,0,0,1.780048544e-08,0,0,0,0,6.243498518e-08
73.8,19.99999994,0,0,1.754862726e-08,0,0,0,0,6.155127252e-08
73.85,19.99999994,0,0,1.730033262e-08,0,0,0,0,6.068006186e-08
73.9,19.99999994,0,0,1.705555109e-08,0,0,0,0,5.982117912e-08
73.95,19.99999994,0,0,1.681423295e-08,0,0,0,0,5.897445021e-08
74,19.99999994,0,0,1.657632922e-08,0,0,0,0,5.813970105e-08
74.05,19.99999994,0,0,1.634179157e-08,0,0,0,0,5.731676112e-08
74.1,19.99999994,0,0,1.611057238e-08,0,0,0,0,5.650546697e-08
74.15,19.99999994,0,0,1.588262471e-08,0,0,0,0,5.570565165e-08
74.2,19.99999995,0,0,1.565790225e-08,0,0,0,0,5.491715172e-08
74.25,19.99999995,0,0,1.543635938e-08,0,0,0,0,5.413981086e-08
74.3,19.99999995,0,0,1.521795111e-08,0,0,0,0,5.337346565e-08
74.35,19.99999995,0,0,1.500263309e-08,0,0,0,0,5.261796332e-08
74.4,19.99999995,0,0,1.479036159e-08,0,0,0,0,5.187315466e-08
74.45,19.99999995,0,0,1.45810935e-08,0,0,0,0,5.11388798e-08
74.5,19.99999995,0,0,1.437478635e-08,0,0,0,0,5.041499662e-08
74.55,19.99999995,0,0,1.417139822e-08,0,0,0,0,4.970135592e-08
74.6,19.99999995,0,0,1.397088782e-08,0,0,0,0,4.899780848e-08
74.65,19.99999995,0,0,1.377321443e-08,0,0,0,0,4.830421929e-08
74.7,19.99999995,0,0,1.357833792e-08,0,0,0,0,4.76204427e-08
74.75,19.99999995,0,0,1.33862187e-08,0,0,0,0,4.694634015e-08
74.8,19.99999995,0,0,1.319681777e-08,0,0,0,0,4.628177663e-08
74.85,19.99999995,0,0,1.301009666e-08,0,0,0,0,4.56266136e-08
74.9,19.99999996,0,0,1.282601745e-08,0,0,0,0,4.498072315e-08
74.95,19.99999996,0,0,1.264454278e-08,0,0,0,0,4.434397027e-08
75,19.99999996,0,0,1.246563578e-08,0,0,0,0,4.371622708e-08
75.05,19.99999996,0,0,1.228926013e-08,0,0,0,0,4.309736568e-08
75.1,19.99999996,0,0,1.211538001e-08,0,0,0,0,4.248726171e-08
75.15,19.99999996,0,0,1.194396011e-08,0,0,0,0,4.188578728e-08
75.2,19.99999996,0,0,1.177496562e-08,0,0,0,0,4.129282516e-08
75.25,19.99999996,0,0,1.160836223e-08,0,0,0,0,4.070825099e-08
75.3,19.99999996,0,0,1.144411609e-08,0,0,0,0,4.013194754e-08
75.35,19.99999996,0,0,1.128219387e-08,0,0,0,0,3.956380112e-08
75.4,19.99999996,0,0,1.112256268e-08,0,0,0,0,3.90036945e-08
75.45,19.99999996,0,0,1.09651901e-08,0,0,0,0,3.845151042e-08
75.5,19.99999996,0,0,1.081004418e-08,0,0,0,0,3.790713876e-08
75.55,19.99999996,0,0,1.065709341e-08,0,0,0,0,3.737046939e-08
75.6,19.99999996,0,0,1.050630674e-08,0,0,0,0,3.684139571e-08
75.65,19.99999996,0,0,1.035765353e-08,0,0,0,0,3.631980405e-08
75.7,19.99999996,0,0,1.021110362e-08,0,0,0,0,3.580559493e-08
75.75,19.99999996,0,0,1.006662723e-08,0,0,0,0,3.529866177e-08
75.8,19.99999997,0,0,9.924195025e-09,0,0,0,0,3.479890154e-08
75.85,19.99999997,0,0,9.783778091e-09,0,0,0,0,3.430621121e-08
75.9,19.99999997,0,0,9.645347909e-09,0,0,0,0,3.38204913e-08
75.95,19.99999997,0,0,9.508876369e-09,0,0,0,0,3.334164234e-08
76,19.99999997,0,0,9.374335757e-09,0,0,0,0,3.28695684e-08
76.05,19.99999997,0,0,9.241698754e-09,0,0,0,0,3.240417357e-08
76.1,19.99999997,0,0,9.110938425e-09,0,0,0,0,3.194536902e-08
76.15,19.99999997,0,0,8.982028217e-09,0,0,0,0,3.149305172e-08
76.2,19.99999997,0,0,8.854941954e-09,0,0,0,0,3.104713642e-08
76.25,19.99999997,0,0,8.729653827e-09,0,0,0,0,3.060752718e-08
76.3,19.99999997,0,0,8.606138396e-09,0,0,0,0,3.017413874e-08
76.35,19.99999997,0,0,8.484370579e-09,0,0,0,0,2.974688229e-08
76.4,19.99999997,0,0,8.364325648e-09,0,0,0,0,2.932567256e-08
76.45,19.99999997,0,0,8.245979227e-09,0,0,0,0,2.891042428e-08
76.5,19.99999997,0,0,8.129307284e-09,0,0,0,0,2.850104863e-08
76.55,19.99999997,0,0,8.014286126e-09,0,0,0,0,2.809746391e-08
76.6,19.99999997,0,0,7.900892397e-09,0,0,0,0,2.769959195e-08
76.65,19.99999997,0,0,7.789103069e-09,0,0,0,0,2.730735105e-08
76.7,19.99999997,0,0,7.678895444e-09,0,0,0,0,2.692065593e-08
76.75,19.99999997,0,0,7.57024714e-09,0,0,0,0,2.653943554e-08
76.8,19.99999997,0,0,7.463136096e-09,0,0,0,0,2.616360462e-08
76.85,19.99999997,0,0,7.35754056e-09,0,0,0,0,2.579309211e-08
76.9,19.99999997,0,0,7.253439091e-09,0,0,0,0,2.54278234e-08
76.95,19.99999997,0,0,7.150810548e-09,0,0,0,0,2.50677239e-08
77,19.99999998,0,0,7.049634091e-09,0,0,0,0,2.471271898e-08
77.05,19.99999998,0,0,6.949889175e-09,0,0,0,0,2.436273761e-08
77.1,19.99999998,0,0,6.851555544e-09,0,0,0,0,2.401770516e-08
77.15,19.99999998,0,0,6.754613231e-09,0,0,0,0,2.367755769e-08
77.2,19.99999998,0,0,6.65904255e-09,0,0,0,0,2.33422206e-08
77.25,19.99999998,0,0,6.564824093e-09,0,0,0,0,2.301162993e-08
77.3,19.99999998,0,0,6.471938729e-09,0,0,0,0,2.268571819e-08
77.35,19.99999998,0,0,6.380367595e-09,0,0,0,0,2.236441787e-08
77.4,19.99999998,0,0,6.290092097e-09,0,0,0,0,2.204766147e-08
77.45,19.99999998,0,0,6.201093902e-09,0,0,0,0,2.17353886e-08
77.5,19.99999998,0,0,6.113354938e-09,0,0,0,0,2.142753175e-08
77.55,19.99999998,0,0,6.026857388e-09,0,0,0,0,2.112403052e-08
77.6,19.99999998,0,0,5.941583688e-09,0,0,0,0,2.082482453e-08
77.65,19.99999998,0,0,5.857516521e-09,0,0,0,0,2.052984982e-08
77.7,19.99999998,0,0,5.774638815e-09,0,0,0,0,2.02390531e-08
77.75,19.99999998,0,0,5.692933743e-09,0,0,0,0,1.995236687e-08
77.8,19.99999998,0,0,5.612384711e-09,0,0,0,0,1.966973784e-08
77.85,19.99999998,0,0,5.532975364e-09,0,0,0,0,1.939110916e-08
77.9,19.99999998,0,0,5.454689575e-09,0,0,0,0,1.9116424e-08
77.95,19.99999998,0,0,5.377511448e-09,0,0,0,0,1.884562195e-08
78,19.99999998,0,0,5.301425311e-09,0,0,0,0,1.857864973e-08
78.05,19.99999998,0,0,5.226415712e-09,0,0,0,0,1.83154576e-08
78.1,19.99999998,0,0,5.152467421e-09,0,0,0,0,1.805599226e-08
78.15,19.99999998,0,0,5.07956542e-09,0,0,0,0,1.780019687e-08
78.2,19.99999998,0,0,5.007694906e-09,0,0,0,0,1.754801815e-08
78.25,19.99999998,0,0,4.936841284e-09,0,0,0,0,1.72994099e-08
78.3,19.99999998,0,0,4.866990166e-09,0,0,0,0,1.705431885e-08
78.35,19.99999998,0,0,4.798127369e-09,0,0,0,0,1.681269524e-08
78.4,19.99999998,0,0,4.730238907e-09,0,0,0,0,1.657448578e-08
78.45,19.99999998,0,0,4.663310997e-09,0,0,0,0,1.633965141e-08
78.5,19.99999998,0,0,4.597330045e-09,0,0,0,0,1.610814238e-08
78.55,19.99999998,0,0,4.532282655e-09,0,0,0,0,1.587990539e-08
78.6,19.99999998,0,0,4.468155617e-09,0,0,0,0,1.565489782e-08
78.65,19.99999998,0,0,4.404935909e-09,0,0,0,0,1.543306993e-08
78.7,19.99999998,0,0,4.342610694e-09,0,0,0,0,1.52143862e-08
78.75,19.99999999,0,0,4.281167315e-09,0,0,0,0,1.499879687e-08
78.8,19.99999999,0,0,4.220593295e-09,0,0,0,0,1.478625933e-08
78.85,19.99999999,0,0,4.160876334e-09,0,0,0,0,1.457672738e-08
78.9,19.99999999,0,0,4.102004306e-09,0,0,0,0,1.43701584e-08
78.95,19.99999999,0,0,4.043965254e-09,0,0,0,0,1.416650974e-08
79,19.99999999,0,0,3.986747395e-09,0,0,0,0,1.396574589e-08
79.05,19.99999999,0,0,3.930339108e-09,0,0,0,0,1.376782066e-08
79.1,19.99999999,0,0,3.874728938e-09,0,0,0,0,1.357269852e-08
79.15,19.99999999,0,0,3.819905595e-09,0,0,0,0,1.338033329e-08
79.2,19.99999999,0,0,3.765857944e-09,0,0,0,0,1.319069298e-08
79.25,19.99999999,0,0,3.71257501e-09,0,0,0,0,1.300373498e-08
79.3,19.99999999,0,0,3.660045975e-09,0,0,0,0,1.281942374e-08
79.35,19.99999999,0,0,3.608260169e-09,0,0,0,0,1.26377202e-08
79.4,19.99999999,0,0,3.557207079e-09,0,0,0,0,1.245858527e-08
79.45,19.99999999,0,0,3.506876336e-09,0,0,0,0,1.228198698e-08
79.5,19.99999999,0,0,3.45725772e-09,0,0,0,0,1.21078827e-08
79.55,19.99999999,0,0,3.408341156e-09,0,0,0,0,1.193624399e-08
79.6,19.99999999,0,0,3.360116709e-09,0,0,0,0,1.176703535e-08
79.65,19.99999999,0,0,3.312574588e-09,0,0,0,0,1.160022478e-08
79.7,19.99999999,0,0,3.265705138e-09,0,0,0,0,1.143576966e-08
79.75,19.99999999,0,0,3.219498841e-09,0,0,0,0,1.127364158e-08
79.8,19.99999999,0,0,3.173946315e-09,0,0,0,0,1.111380854e-08
79.85,19.99999999,0,0,3.129038309e-09,0,0,0,0,1.095623503e-08
79.9,19.99999999,0,0,3.084765705e-09,0,0,0,0,1.080089618e-08
79.95,19.99999999,0,0,3.041119511e-09,0,0,0,0,1.064774935e-08
80,19.99999999,0,0,2.998090865e-09,0,0,0,0,1.049677323e-08
80.05,19.99999999,0,0,2.955671029e-09,0,0,0,0,1.034792874e-08
80.1,19.99999999,0,0,2.913851389e-09,0,0,0,0,1.020119456e-08
80.15,19.99999999,0,0,2.872623454e-09,0,0,0,0,1.005653516e-08
80.2,19.99999999,0,0,2.83197885e-09,0,0,0,0,9.913922128e-09
80.25,19.99999999,0,0,2.791909324e-09,0,0,0,0,9.773330589e-09
80.3,19.99999999,0,0,2.752406741e-09,0,0,0,0,9.634725018e-09
80.35,19.99999999,0,0,2.713463077e-09,0,0,0,0,9.498080544e-09
80.4,19.99999999,0,0,2.675070426e-09,0,0,0,0,9.3633723e-09
80.45,19.99999999,0,0,2.63722099e-09,0,0,0,0,9.23056831e-09
80.5,19.99999999,0,0,2.599907083e-09,0,0,0,0,9.099640152e-09
80.55,19.99999999,0,0,2.56312113e-09,0,0,0,0,8.970570065e-09
80.6,19.99999999,0,0,2.526855659e-09,0,0,0,0,8.843318966e-09
80.65,19.99999999,0,0,2.491103306e-09,0,0,0,0,8.717872646e-09
80.7,19.99999999,0,0,2.455856811e-09,0,0,0,0,8.59419913e-09
80.75,19.99999999,0,0,2.421109018e-09,0,0,0,0,8.472277102e-09
80.8,19.99999999,0,0,2.386852869e-09,0,0,0,0,8.35207814e-09
80.85,19.99999999,0,0,2.353081408e-09,0,0,0,0,8.233584481e-09
80.9,19.99999999,0,0,2.319787779e-09,0,0,0,0,8.11676415e-09
80.95,19.99999999,0,0,2.286965219e-09,0,0,0,0,8.001599383e-09
81,19.99999999,0,0,2.254607064e-09,0,0,0,0,7.888061759e-09
81.05,19.99999999,0,0,2.222706743e-09,0,0,0,0,7.776129962e-09
81.1,19.99999999,0,0,2.191257778e-09,0,0,0,0,7.665782675e-09
81.15,19.99999999,0,0,2.160253782e-09,0,0,0,0,7.556998582e-09
81.2,19.99999999,0,0,2.129688461e-09,0,0,0,0,7.449752815e-09
81.25,19.99999999,0,0,2.099555607e-09,0,0,0,0,7.344024056e-09
81.3,19.99999999,0,0,2.069849101e-09,0,0,0,0,7.239787436e-09
81.35,19.99999999,0,0,2.040562911e-09,0,0,0,0,7.137032298e-09
81.4,19.99999999,0,0,2.011691089e-09,0,0,0,0,7.035726668e-09
81.45,19.99999999,0,0,1.983227774e-09,0,0,0,0,6.935856334e-09
81.5,19.99999999,0,0,1.955167185e-09,0,0,0,0,6.837396427e-09
81.55,19.99999999,0,0,1.927503623e-09,0,0,0,0,6.740332736e-09
81.6,19.99999999,0,0,1.900231472e-09,0,0,0,0,6.644640393e-09
81.65,19.99999999,0,0,1.873345193e-09,0,0,0,0,6.550301634e-09
81.7,19.99999999,0,0,1.846839327e-09,0,0,0,0,6.457298696e-09
81.75,19.99999999,0,0,1.820708491e-09,0,0,0,0,6.365610261e-09
81.8,19.99999999,0,0,1.794947379e-09,0,0,0,0,6.275218567e-09
81.85,19.99999999,0,0,1.769550759e-09,0,0,0,0,6.18610585e-09
81.9,19.99999999,0,0,1.744513475e-09,0,0,0,0,6.098257899e-09
81.95,19.99999999,0,0,1.719830442e-09,0,0,0,0,6.011649845e-09
82,19.99999999,0,0,1.695496649e-09,0,0,0,0,5.926267477e-09
82.05,19.99999999,0,0,1.671507152e-09,0,0,0,0,5.842093032e-09
82.1,19.99999999,0,0,1.647857082e-09,0,0,0,0,5.759112298e-09
82.15,19.99999999,0,0,1.624541636e-09,0,0,0,0,5.677300408e-09
82.2,19.99999999,0,0,1.601556079e-09,0,0,0,0,5.596650254e-09
82.25,19.99999999,0,0,1.578895743e-09,0,0,0,0,5.517140522e-09
82.3,19.99999999,0,0,1.556556027e-09,0,0,0,0,5.438753448e-09
82.35,19.99999999,0,0,1.534532395e-09,0,0,0,0,5.361478372e-09
82.4,19.99999999,0,0,1.512820373e-09,0,0,0,0,5.28529398e-09
82.45,19.99999999,0,0,1.491415555e-09,0,0,0,0,5.210189613e-09
82.5,19.99999999,0,0,1.470313592e-09,0,0,0,0,5.136147507e-09
82.55,19.99999999,0,0,1.449510199e-09,0,0,0,0,5.063153452e-09
82.6,20,0,0,1.429001153e-09,0,0,0,0,4.991189684e-09
82.65,20,0,0,1.408782288e-09,0,0,0,0,4.920245544e-09
82.7,20,0,0,1.388849499e-09,0,0,0,0,4.850306823e-09
82.75,20,0,0,1.369198737e-09,0,0,0,0,4.781352203e-09
82.8,20,0,0,1.349826014e-09,0,0,0,0,4.713378132e-09
82.85,20,0,0,1.330727394e-09,0,0,0,0,4.646363294e-09
82.9,20,0,0,1.311898999e-09,0,0,0,0,4.580300583e-09
82.95,20,0,0,1.293337007e-09,0,0,0,0,4.515172236e-09
83,20,0,0,1.275037647e-09,0,0,0,0,4.450964042e-09
83.05,20,0,0,1.256997204e-09,0,0,0,0,4.387661789e-09
83.1,20,0,0,1.239212014e-09,0,0,0,0,4.325258374e-09
83.15,20,0,0,1.221678466e-09,0,0,0,0,4.263736031e-09
83.2,20,0,0,1.204393e-09,0,0,0,0,4.203084103e-09
83.25,20,0,0,1.187352104e-09,0,0,0,0,4.143291932e-09
83.3,20,0,0,1.170552319e-09,0,0,0,0,4.084345306e-09
83.35,20,0,0,1.153990234e-09,0,0,0,0,4.026237121e-09
83.4,20,0,0,1.137662484e-09,0,0,0,0,3.968946061e-09
83.45,20,0,0,1.121565756e-09,0,0,0,0,3.912465019e-09
83.5,20,0,0,1.105696779e-09,0,0,0,0,3.85678689e-09
83.55,20,0,0,1.090052331e-09,0,0,0,0,3.801893911e-09
83.6,20,0,0,1.074629236e-09,0,0,0,0,3.747775423e-09
83.65,20,0,0,1.059424361e-09,0,0,0,0,3.694427875e-09
83.7,20,0,0,1.044434619e-09,0,0,0,0,3.641833501e-09
83.75,20,0,0,1.029656967e-09,0,0,0,0,3.589981645e-09
83.8,20,0,0,1.015088403e-09,0,0,0,0,3.538865201e-09
83.85,20,0,0,1.000725968e-09,0,0,0,0,3.48847351e-09
83.9,20,0,0,9.865667473e-10,0,0,0,0,3.438788809e-09
83.95,20,0,0,9.726078644e-10,0,0,0,0,3.389811098e-09
84,20,0,0,9.58846485e-10,0,0,0,0,3.341526167e-09
84.05,20,0,0,9.452798147e-10,0,0,0,0,3.293923356e-09
84.1,20,0,0,9.319050985e-10,0,0,0,0,3.246995561e-09
84.15,20,0,0,9.187196205e-10,0,0,0,0,3.200732124e-09
84.2,20,0,0,9.057207031e-10,0,0,0,0,3.155118833e-09
84.25,20,0,0,8.929057068e-10,0,0,0,0,3.110155689e-09
84.3,20,0,0,8.802720292e-10,0,0,0,0,3.065824927e-09
84.35,20,0,0,8.678171048e-10,0,0,0,0,3.022122996e-09
84.4,20,0,0,8.555384046e-10,0,0,0,0,2.979039238e-09
84.45,20,0,0,8.434334351e-10,0,0,0,0,2.936566545e-09
84.5,20,0,0,8.314997381e-10,0,0,0,0,2.894690709e-09
84.55,20,0,0,8.197348905e-10,0,0,0,0,2.853411729e-09
84.6,20,0,0,8.08136503e-10,0,0,0,0,2.812715394e-09
84.65,20,0,0,7.967022206e-10,0,0,0,0,2.772594598e-09
84.7,20,0,0,7.854297213e-10,0,0,0,0,2.733042237e-09
84.75,20,0,0,7.743167159e-10,0,0,0,0,2.694047652e-09
84.8,20,0,0,7.63360948e-10,0,0,0,0,2.65560729e-09
84.85,20,0,0,7.525601926e-10,0,0,0,0,2.617710493e-09
84.9,20,0,0,7.419122566e-10,0,0,0,0,2.580350156e-09
84.95,20,0,0,7.314149776e-10,0,0,0,0,2.54351562e-09
85,20,0,0,7.210662242e-10,0,0,0,0,2.507206887e-09
85.05,20,0,0,7.108638947e-10,0,0,0,0,2.471406191e-09
85.1,20,0,0,7.008059175e-10,0,0,0,0,2.436117086e-09
85.15,20,0,0,6.908902501e-10,0,0,0,0,2.401325361e-09
85.2,20,0,0,6.811148789e-10,0,0,0,0,2.36702391e-09
85.25,20,0,0,6.71477819e-10,0,0,0,0,2.333209181e-09
85.3,20,0,0,6.619771134e-10,0,0,0,0,2.299874069e-09
85.35,20,0,0,6.526108328e-10,0,0,0,0,2.267007915e-09
85.4,20,0,0,6.433770752e-10,0,0,0,0,2.234610719e-09
85.45,20,0,0,6.342739655e-10,0,0,0,0,2.20266827e-09
85.5,20,0,0,6.252996553e-10,0,0,0,0,2.171180569e-09
85.55,20,0,0,6.164523222e-10,0,0,0,0,2.140136957e-09
85.6,20,0,0,6.077301695e-10,0,0,0,0,2.109530328e-09
85.65,20,0,0,5.991314262e-10,0,0,0,0,2.079360684e-09
85.7,20,0,0,5.90654346e-10,0,0,0,0,2.049617365e-09
85.75,20,0,0,5.822972076e-10,0,0,0,0,2.020293266e-09
85.8,20,0,0,5.740583139e-10,0,0,0,0,1.991381282e-09
85.85,20,0,0,5.659359919e-10,0,0,0,0,1.962881413e-09
85.9,20,0,0,5.579285922e-10,0,0,0,0,1.934786553e-09
85.95,20,0,0,5.500344889e-10,0,0,0,0,1.907086045e-09
86,20,0,0,5.422520788e-10,0,0,0,0,1.879779887e-09
86.05,20,0,0,5.345797816e-10,0,0,0,0,1.852860976e-09
86.1,20,0,0,5.270160393e-10,0,0,0,0,1.826318652e-09
86.15,20,0,0,5.195593161e-10,0,0,0,0,1.800152916e-09
86.2,20,0,0,5.122080977e-10,0,0,0,0,1.774360214e-09
86.25,20,0,0,5.049608913e-10,0,0,0,0,1.748933443e-09
86.3,20,0,0,4.978162252e-10,0,0,0,0,1.723861942e-09
86.35,20,0,0,4.907726487e-10,0,0,0,0,1.699149266e-09
86.4,20,0,0,4.838287313e-10,0,0,0,0,1.674784755e-09
86.45,20,0,0,4.769830631e-10,0,0,0,0,1.650761305e-09
86.5,20,0,0,4.702342539e-10,0,0,0,0,1.627082469e-09
86.55,20,0,0,4.635809333e-10,0,0,0,0,1.603737587e-09
86.6,20,0,0,4.570217502e-10,0,0,0,0,1.580723108e-09
86.65,20,0,0,4.505553726e-10,0,0,0,0,1.558035478e-09
86.7,20,0,0,4.441804875e-10,0,0,0,0,1.535667593e-09
86.75,20,0,0,4.378958003e-10,0,0,0,0,1.513612347e-09
86.8,20,0,0,4.317000348e-10,0,0,0,0,1.491873292e-09
86.85,20,0,0,4.255919329e-10,0,0,0,0,1.470443323e-09
86.9,20,0,0,4.195702542e-10,0,0,0,0,1.449311782e-09
86.95,20,0,0,4.136337759e-10,0,0,0,0,1.428482221e-09
87,20,0,0,4.077812926e-10,0,0,0,0,1.407943984e-09
87.05,20,0,0,4.020116157e-10,0,0,0,0,1.387697068e-09
87.1,20,0,0,3.963235738e-10,0,0,0,0,1.367741476e-09
87.15,20,0,0,3.907160116e-10,0,0,0,0,1.348062995e-09
87.2,20,0,0,3.851877906e-10,0,0,0,0,1.328668731e-09
87.25,20,0,0,3.79737788e-10,0,0,0,0,1.309544473e-09
87.3,20,0,0,3.743648973e-10,0,0,0,0,1.290693774e-09
87.35,20,0,0,3.690680274e-10,0,0,0,0,1.272109529e-09
87.4,20,0,0,3.638461025e-10,0,0,0,0,1.253784632e-09
87.45,20,0,0,3.586980625e-10,0,0,0,0,1.235722635e-09
87.5,20,0,0,3.536228618e-10,0,0,0,0,1.217916434e-09
87.55,20,0,0,3.486194698e-10,0,0,0,0,1.200358923e-09
87.6,20,0,0,3.436868706e-10,0,0,0,0,1.183050102e-09
87.65,20,0,0,3.388240625e-10,0,0,0,0,1.165989971e-09
87.7,20,0,0,3.34030058e-10,0,0,0,0,1.149167872e-09
87.75,20,0,0,3.293038837e-10,0,0,0,0,1.132587357e-09
87.8,20,0,0,3.246445797e-10,0,0,0,0,1.116237769e-09
87.85,20,0,0,3.200512e-10,0,0,0,0,1.100119107e-09
87.9,20,0,0,3.155228118e-10,0,0,0,0,1.084227819e-09
87.95,20,0,0,3.110584955e-10,0,0,0,0,1.068563904e-09
88,20,0,0,3.066573446e-10,0,0,0,0,1.053120258e-09
88.05,20,0,0,3.023184654e-10,0,0,0,0,1.03789688e-09
88.1,20,0,0,2.980409768e-10,0,0,0,0,1.022890217e-09
88.15,20,0,0,2.938240101e-10,0,0,0,0,1.008093165e-09
88.2,20,0,0,2.896667091e-10,0,0,0,0,9.935057221e-10
88.25,20,0,0,2.855682295e-10,0,0,0,0,9.791243372e-10
88.3,20,0,0,2.815277391e-10,0,0,0,0,9.649454569e-10
88.35,20,0,0,2.775444174e-10,0,0,0,0,9.509690813e-10
88.4,20,0,0,2.736174555e-10,0,0,0,0,9.371916576e-10
88.45,20,0,0,2.697460559e-10,0,0,0,0,9.236060805e-10
88.5,20,0,0,2.659294327e-10,0,0,0,0,9.102159026e-10
88.55,20,0,0,2.621668106e-10,0,0,0,0,8.970140186e-10
88.6,20,0,0,2.584574257e-10,0,0,0,0,8.839968757e-10
88.65,20,0,0,2.548005247e-10,0,0,0,0,8.711680266e-10
88.7,20,0,0,2.51195365e-10,0,0,0,0,8.585168132e-10
88.75,20,0,0,2.476412145e-10,0,0,0,0,8.460432355e-10
88.8,20,0,0,2.441373515e-10,0,0,0,0,8.337508461e-10
88.85,20,0,0,2.406830645e-10,0,0,0,0,8.216289871e-10
88.9,20,0,0,2.37277652e-10,0,0,0,0,8.096776583e-10
88.95,20,0,0,2.339204225e-10,0,0,0,0,7.978968597e-10
89,20,0,0,2.306106943e-10,0,0,0,0,7.862865914e-10
89.05,20,0,0,2.273477953e-10,0,0,0,0,7.748397479e-10
89.1,20,0,0,2.241310629e-10,0,0,0,0,7.635527766e-10
89.15,20,0,0,2.209598438e-10,0,0,0,0,7.524256773e-10
89.2,20,0,0,2.178334942e-10,0,0,0,0,7.414548975e-10
89.25,20,0,0,2.147513791e-10,0,0,0,0,7.306368843e-10
89.3,20,0,0,2.117128727e-10,0,0,0,0,7.199787433e-10
89.35,20,0,0,2.08717358e-10,0,0,0,0,7.094662635e-10
89.4,20,0,0,2.057642267e-10,0,0,0,0,6.991029977e-10
89.45,20,0,0,2.028528791e-10,0,0,0,0,6.888889459e-10
89.5,20,0,0,1.99982724e-10,0,0,0,0,6.788170026e-10
89.55,20,0,0,1.971531786e-10,0,0,0,0,6.688871679e-10
89.6,20,0,0,1.943636682e-10,0,0,0,0,6.590994417e-10
89.65,20,0,0,1.916136265e-10,0,0,0,0,6.494502713e-10
89.7,20,0,0,1.889024951e-10,0,0,0,0,6.399361041e-10
89.75,20,0,0,1.862297232e-10,0,0,0,0,6.305604927e-10
89.8,20,0,0,1.835947683e-10,0,0,0,0,6.21312779e-10
89.85,20,0,0,1.809970952e-10,0,0,0,0,6.121965157e-10
89.9,20,0,0,1.784361765e-10,0,0,0,0,6.032117028e-10
89.95,20,0,0,1.759114921e-10,0,0,0,0,5.943547876e-10
90,20,0,0,1.734225293e-10,0,0,0,0,5.856186647e-10
