time,x,y,psi,u,v,r,left,right,distance
0,0,0,0,0,0,0,100,100,20
0.05,0.001382059477,0.0001058575722,0,0.05514120691,0.004226476095,0,100,100,19.99861794
0.1,0.005499111484,0.0004218692641,0,0.1093821173,0.008406251275,0,100,100,19.99450089
0.15,0.01230356927,0.0009457129547,0,0.1626211889,0.01253984157,0,100,100,19.98769645
0.2,0.0217429741,0.001675092181,0,0.2147651779,0.01662775729,0,100,100,19.9782571
0.25,0.03376042312,0.002607735856,0,0.265729636,0.02067050314,0,100,100,19.96623975
0.3,0.04829501868,0.003741397986,0,0.3154392655,0.02466857823,0,100,100,19.95170533
0.35,0.06528233179,0.005073857395,0,0.3638281367,0.02862247613,0,100,100,19.93471831
0.4,0.08465487317,0.006602917451,0,0.4108397711,0.03253268501,0,100,100,19.91534622
0.45,0.1063425653,0.008326405794,0,0.4564270987,0.0363996876,0,100,100,19.89365918
0.5,0.1302732093,0.01024217407,0,0.5005522995,0.04022396132,0,100,100,19.86972943
0.55,0.1563729411,0.01234809765,0,0.5431865417,0.0440059783,0,100,100,19.8436309
0.6,0.1845666729,0.0146420754,0,0.584309629,0.04774620547,0,100,100,19.81543874
0.65,0.214778514,0.0171220294,0,0.6239095721,0.05144510458,0,100,100,19.78522889
0.7,0.2469321692,0.01978590467,0,0.661982097,0.05510313229,0,100,100,19.75307774
0.75,0.2809513114,0.02263166897,0,0.6985301064,0.05872074023,0,100,100,19.71906168
0.8,0.3167599263,0.02565731248,0,0.7335631054,0.062298375,0,100,100,19.6832568
0.85,0.3542826274,0.02886084761,0,0.7670966061,0.06583647831,0,100,100,19.64573857
0.9,0.3934449412,0.03224030874,0,0.7991515217,0.06933548695,0,100,100,19.60658157
0.95,0.4341735626,0.03579375193,0,0.8297535605,0.0727958329,0,100,100,19.56585918
1,0.476396579,0.03951925477,0,0.8589326297,0.07621794338,0,100,100,19.52364342
1.05,0.5200436664,0.04341491606,0,0.8867222555,0.07960224088,0,100,100,19.48000471
1.1,0.5650462556,0.04747885561,0,0.9131590272,0.0829491432,0,100,100,19.43501174
1.15,0.6113376725,0.05170921401,0,0.9382820691,0.08625906355,0,100,100,19.38873128
1.2,0.6588532523,0.05610415241,0,0.962132545,0.08953241058,0,100,100,19.34122812
1.25,0.7075304294,0.06066185225,0,0.9847531973,0.09276958839,0,100,100,19.29256494
1.3,0.7573088061,0.06538051509,0,1.006187923,0.09597099665,0,100,100,19.24280226
1.35,0.8081302004,0.07025836235,0,1.026481386,0.09913703059,0,100,100,19.1919984
1.4,0.859938675,0.0752936351,0,1.04567867,0.1022680811,0,100,100,19.14020942
1.45,0.912680551,0.08048459384,0,1.063824964,0.1053645347,0,100,100,19.08748914
1.5,0.9663044055,0.08582951833,0,1.080965286,0.1084267737,0,100,100,19.03388911
1.55,1.020761057,0.09132670728,0,1.097144241,0.1114551762,0,100,100,18.97945867
1.6,1.07600354,0.09697447823,0,1.11240581,0.1144501159,0,100,100,18.92424493
1.65,1.131987069,0.1027711673,0,1.126793174,0.1174119628,0,100,100,18.86829282
1.7,1.188668992,0.1087151291,0,1.140348557,0.1203410824,0,100,100,18.81164515
1.75,1.246008744,0.1148047361,0,1.153113106,0.1232378364,0,100,100,18.75434265
1.8,1.303967789,0.1210383792,0,1.165126785,0.1261025824,0,100,100,18.69642401
1.85,1.362509554,0.1274144668,0,1.1764283,0.128935674,0,100,100,18.63792597
1.9,1.421599373,0.1339314249,0,1.187055032,0.1317374611,0,100,100,18.57888338
1.95,1.481204412,0.1405876969,0,1.197042998,0.1345082896,0,100,100,18.51932922
2,1.541293605,0.1473817436,0,1.206426822,0.1372485014,0,100,100,18.45929476
2.05,1.60183758,0.1543120425,0,1.215239717,0.139958435,0,100,100,18.39880954
2.1,1.662808592,0.161377088,0,1.223513484,0.1426384249,0,100,100,18.3379015
2.15,1.72418045,0.1685753914,0,1.231278519,0.1452888019,0,100,100,18.276597
2.2,1.785928449,0.1759054801,0,1.238563824,0.1479098933,0,100,100,18.21492095
2.25,1.848029298,0.183365898,0,1.245397035,0.1505020227,0,100,100,18.15289683
2.3,1.910461056,0.190955205,0,1.251804443,0.15306551,0,100,100,18.09054679
2.35,1.973203063,0.1986719769,0,1.257811033,0.1556006718,0,100,100,18.02789168
2.4,2.036235875,0.2065148053,0,1.263440517,0.158107821,0,100,100,17.96495115
2.45,2.099541205,0.2144822973,0,1.268715375,0.1605872673,0,100,100,17.90174371
2.5,2.163101858,0.2225730754,0,1.273656897,0.1630393166,0,100,100,17.83828675
2.55,2.226901675,0.2307857774,0,1.278285227,0.1654642717,0,100,100,17.77459665
2.6,2.290925478,0.239119056,0,1.282619408,0.167862432,0,100,100,17.71068882
2.65,2.355159014,0.247571579,0,1.286677427,0.1702340936,0,100,100,17.64657772
2.7,2.419588902,0.2561420286,0,1.290476258,0.1725795492,0,100,100,17.58227696
2.75,2.484202587,0.264829102,0,1.294031913,0.1748990885,0,100,100,17.51779933
2.8,2.548988292,0.2736315103,0,1.297359482,0.1771929977,0,100,100,17.45315684
2.85,2.613934971,0.2825479793,0,1.300473179,0.1794615602,0,100,100,17.38836078
2.9,2.679032269,0.2915772485,0,1.303386385,0.1817050559,0,100,100,17.32342173
2.95,2.744270479,0.3007180717,0,1.306111689,0.1839237618,0,100,100,17.25834965
3,2.809640504,0.3099692161,0,1.308660933,0.186117952,0,100,100,17.19315389
3.05,2.875133823,0.3193294628,0,1.311045245,0.1882878972,0,100,100,17.12784321
3.1,2.940742454,0.3287976062,0,1.313275082,0.1904338653,0,100,100,17.06242585
3.15,3.006458921,0.3383724542,0,1.315360265,0.1925561213,0,100,100,16.99690955
3.2,3.072276224,0.3480528275,0,1.317310015,0.1946549272,0,100,100,16.93130157
3.25,3.13818781,0.3578375604,0,1.319132984,0.1967305421,0,100,100,16.86560874
3.3,3.204187545,0.3677254995,0,1.320837291,0.1987832223,0,100,100,16.79983744
3.35,3.270269689,0.3777155046,0,1.322430552,0.2008132212,0,100,100,16.7339937
3.4,3.336428869,0.3878064478,0,1.323919906,0.2028207894,0,100,100,16.66808317
3.45,3.402660059,0.3979972138,0,1.325312045,0.2048061747,0,100,100,16.60211116
3.5,3.468958558,0.4082866996,0,1.326613243,0.2067696223,0,100,100,16.53608264
3.55,3.535319966,0.4186738144,0,1.327829377,0.2087113746,0,100,100,16.47000232
3.6,3.60174017,0.4291574795,0,1.328965952,0.2106316712,0,100,100,16.40387459
3.65,3.668215321,0.4397366279,0,1.330028123,0.2125307494,0,100,100,16.33770361
3.7,3.734741823,0.4504102047,0,1.33102072,0.2144088434,0,100,100,16.27149326
3.75,3.801316309,0.4611771664,0,1.331948262,0.2162661852,0,100,100,16.20524723
3.8,3.867935635,0.4720364812,0,1.332814982,0.2181030042,0,100,100,16.13896896
3.85,3.93459686,0.4829871285,0,1.333624838,0.219919527,0,100,100,16.07266172
3.9,4.001297233,0.4940280993,0,1.334381537,0.2217159779,0,100,100,16.00632856
3.95,4.068034185,0.5051583955,0,1.335088546,0.2234925788,0,100,100,15.93997239
4,4.134805314,0.51637703,0,1.33574911,0.2252495489,0,100,100,15.87359593
4.05,4.201608373,0.5276830268,0,1.336366264,0.2269871051,0,100,100,15.80720176
4.1,4.268441264,0.5390754206,0,1.336942845,0.2287054621,0,100,100,15.74079231
4.15,4.335302026,0.5505532566,0,1.337481509,0.2304048319,0,100,100,15.67436989
4.2,4.402188824,0.5621155908,0,1.337984738,0.2320854243,0,100,100,15.60793668
4.25,4.469099947,0.5737614895,0,1.338454853,0.2337474468,0,100,100,15.54149474
4.3,4.536033794,0.5854900294,0,1.338894027,0.2353911046,0,100,100,15.47504602
4.35,4.602988868,0.5973002973,0,1.339304286,0.2370166006,0,100,100,15.40859239
4.4,4.669963773,0.6091913901,0,1.33968753,0.2386241355,0,100,100,15.3421356
4.45,4.736957201,0.6211624148,0,1.340045531,0.2402139078,0,100,100,15.27567734
4.5,4.803967933,0.6332124881,0,1.340379947,0.2417861138,0,100,100,15.2092192
4.55,4.870994828,0.6453407366,0,1.340692328,0.2433409474,0,100,100,15.1427627
4.6,4.938036822,0.6575462965,0,1.340984122,0.2448786008,0,100,100,15.07630929
4.65,5.00509292,0.6698283135,0,1.341256683,0.2463992637,0,100,100,15.00986037
4.7,5.072162191,0.6821859428,0,1.341511275,0.2479031238,0,100,100,14.94341726
4.75,5.139243768,0.694618349,0,1.34174908,0.2493903669,0,100,100,14.87698123
4.8,5.206336838,0.7071247056,0,1.341971204,0.2508611765,0,100,100,14.8105535
4.85,5.273440644,0.7197041958,0,1.342178679,0.2523157343,0,100,100,14.74413526
4.9,5.340554478,0.7323560112,0,1.342372469,0.2537542197,0,100,100,14.67772763
4.95,5.407677678,0.7450793528,0,1.342553475,0.2551768105,0,100,100,14.6113317
5,5.474809626,0.7578734303,0,1.342722539,0.2565836822,0,100,100,14.54494852
5.05,5.541949746,0.7707374619,0,1.342880449,0.2579750085,0,100,100,14.47857912
5.1,5.609097497,0.7836706749,0,1.343027939,0.2593509611,0,100,100,14.41222448
5.15,5.676252378,0.7966723047,0,1.343165696,0.2607117101,0,100,100,14.34588557
5.2,5.743413916,0.8097415953,0,1.343294361,0.2620574233,0,100,100,14.27956331
5.25,5.810581672,0.8228777992,0,1.343414534,0.2633882669,0,100,100,14.21325861
5.3,5.877755237,0.8360801769,0,1.343526775,0.2647044051,0,100,100,14.14697237
5.35,5.944934226,0.8493479973,0,1.343631608,0.2660060006,0,100,100,14.08070545
5.4,6.012118282,0.8626805373,0,1.343729519,0.2672932139,0,100,100,14.0144587
5.45,6.07930707,0.8760770816,0,1.343820967,0.2685662041,0,100,100,13.94823296
5.5,6.146500278,0.8895369232,0,1.343906377,0.2698251282,0,100,100,13.88202905
5.55,6.213697614,0.9030593626,0,1.343986149,0.2710701416,0,100,100,13.81584777
5.6,6.280898805,0.9166437081,0,1.344060653,0.2723013982,0,100,100,13.74968993
5.65,6.348103597,0.9302892757,0,1.344130237,0.2735190498,0,100,100,13.68355632
5.7,6.415311753,0.9439953889,0,1.344195227,0.2747232469,0,100,100,13.61744771
5.75,6.482523049,0.9577613786,0,1.344255925,0.2759141381,0,100,100,13.55136488
5.8,6.549737278,0.9715865833,0,1.344312615,0.2770918704,0,100,100,13.48530859
5.85,6.616954248,0.9854703488,0,1.344365561,0.2782565892,0,100,100,13.41927962
5.9,6.684173776,0.9994120278,0,1.34441501,0.2794084383,0,100,100,13.35327871
5.95,6.751395694,1.01341098,0,1.344461194,0.2805475599,0,100,100,13.28730664
6,6.818619845,1.027466574,0,1.344504327,0.2816740947,0,100,100,13.22136416
6.05,6.88584608,1.041578182,0,1.344544612,0.2827881817,0,100,100,13.15545203
6.1,6.953074262,1.055745187,0,1.344582236,0.2838899584,0,100,100,13.08957101
6.15,7.020304262,1.069966975,0,1.344617374,0.284979561,0,100,100,13.02372185
6.2,7.08753596,1.084242942,0,1.344650192,0.2860571239,0,100,100,12.95790532
6.25,7.154769245,1.098572489,0,1.344680842,0.2871227801,0,100,100,12.89212219
6.3,7.222004011,1.112955024,0,1.344709468,0.2881766613,0,100,100,12.82637324
6.35,7.28924016,1.127389961,0,1.344736203,0.2892188975,0,100,100,12.76065922
6.4,7.356477602,1.141876722,0,1.344761171,0.2902496173,0,100,100,12.69498094
6.45,7.42371625,1.156414733,0,1.344784491,0.2912689482,0,100,100,12.62933918
6.5,7.490956025,1.171003429,0,1.34480627,0.2922770158,0,100,100,12.56373472
6.55,7.558196853,1.185642249,0,1.34482661,0.2932739446,0,100,100,12.49816839
6.6,7.625438664,1.20033064,0,1.344845607,0.2942598578,0,100,100,12.43264099
6.65,7.692681393,1.215068053,0,1.344863348,0.295234877,0,100,100,12.36715334
6.7,7.759924979,1.229853948,0,1.344879918,0.2961991226,0,100,100,12.30170627
6.75,7.827169366,1.244687788,0,1.344895393,0.2971527137,0,100,100,12.23630064
6.8,7.894414501,1.259569044,0,1.344909846,0.298095768,0,100,100,12.17093729
6.85,7.961660335,1.274497191,0,1.344923344,0.2990284019,0,100,100,12.10561708
6.9,8.028906821,1.289471712,0,1.34493595,0.2999507306,0,100,100,12.04034091
6.95,8.096153916,1.304492094,0,1.344947724,0.3008628679,0,100,100,11.97510965
7,8.16340158,1.319557831,0,1.34495872,0.3017649264,0,100,100,11.90992422
7.05,8.230649776,1.334668421,0,1.344968989,0.3026570176,0,100,100,11.84478554
7.1,8.297898468,1.349823369,0,1.34497858,0.3035392514,0,100,100,11.77969454
7.15,8.365147623,1.365022184,0,1.344987537,0.304411737,0,100,100,11.71465217
7.2,8.432397212,1.380264382,0,1.344995902,0.3052745819,0,100,100,11.6496594
7.25,8.499647204,1.395549483,0,1.345003715,0.3061278927,0,100,100,11.58471721
7.3,8.566897575,1.410877014,0,1.345011012,0.3069717747,0,100,100,11.51982661
7.35,8.634148297,1.426246505,0,1.345017826,0.3078063322,0,100,100,11.45498861
7.4,8.70139935,1.441657493,0,1.345024191,0.3086316682,0,100,100,11.39020426
7.45,8.76865071,1.45710952,0,1.345030135,0.3094478845,0,100,100,11.32547461
7.5,8.835902357,1.472602131,0,1.345035686,0.3102550819,0,100,100,11.26080074
7.55,8.903154272,1.488134879,0,1.34504087,0.3110533601,0,100,100,11.19618375
7.6,8.970406438,1.50370732,0,1.345045712,0.3118428177,0,100,100,11.13162476
7.65,9.037658838,1.519319016,0,1.345050234,0.312623552,0,100,100,11.06712492
7.7,9.104911456,1.534969532,0,1.345054458,0.3133956596,0,100,100,11.00268539
7.75,9.172164279,1.55065844,0,1.345058402,0.3141592357,0,100,100,10.93830736
7.8,9.239417292,1.566385315,0,1.345062086,0.3149143745,0,100,100,10.87399205
7.85,9.306670484,1.582149738,0,1.345065526,0.3156611693,0,100,100,10.8097407
7.9,9.373923841,1.597951294,0,1.345068739,0.3163997124,0,100,100,10.74555456
7.95,9.441177354,1.613789573,0,1.34507174,0.3171300949,0,100,100,10.68143494
8,9.508431012,1.629664169,0,1.345074542,0.3178524069,0,100,100,10.61738316
8.05,9.575684805,1.645574681,0,1.345077159,0.3185667376,0,100,100,10.55340056
8.1,9.642938725,1.661520711,0,1.345079604,0.3192731753,0,100,100,10.48948852
8.15,9.710192763,1.677501868,0,1.345081887,0.3199718071,0,100,100,10.42564845
8.2,9.777446911,1.693517763,0,1.345084019,0.3206627192,0,100,100,10.36188178
8.25,9.844701162,1.709568013,0,1.34508601,0.3213459971,0,100,100,10.29819
8.3,9.91195551,1.725652237,0,1.34508787,0.322021725,0,100,100,10.2345746
8.35,9.979209947,1.741770061,0,1.345089607,0.3226899864,0,100,100,10.17103713
8.4,10.04646447,1.757921113,0,1.345091229,0.3233508638,0,100,100,10.10757915
8.45,10.11371907,1.774105026,0,1.345092743,0.3240044387,0,100,100,10.04420227
8.5,10.18097374,1.790321436,0,1.345094158,0.3246507919,0,100,100,9.980908151
8.55,10.24822848,1.806569986,0,1.34509548,0.3252900031,0,100,100,9.917698465
8.6,10.31548329,1.822850319,0,1.345096714,0.3259221513,0,100,100,9.854574939
8.65,10.38273815,1.839162085,0,1.345097866,0.3265473145,0,100,100,9.791539338
8.7,10.44999307,1.855504935,0,1.345098942,0.3271655699,0,100,100,9.728593468
8.75,10.51724805,1.871878528,0,1.345099948,0.3277769938,0,100,100,9.665739178
8.8,10.58450307,1.888282522,0,1.345100886,0.3283816618,0,100,100,9.60297836
8.85,10.65175813,1.904716583,0,1.345101763,0.3289796483,0,100,100,9.540312954
8.9,10.71901324,1.921180377,0,1.345102582,0.3295710274,0,100,100,9.477744945
8.95,10.78626839,1.937673576,0,1.345103347,0.3301558719,0,100,100,9.415276367
9,10.85352358,1.954195856,0,1.345104061,0.3307342542,0,100,100,9.352909303
9.05,10.9207788,1.970746895,0,1.345104728,0.3313062455,0,100,100,9.290645887
9.1,10.98803405,1.987326375,0,1.345105351,0.3318719166,0,100,100,9.228488308
9.15,11.05528933,2.003933983,0,1.345105933,0.3324313372,0,100,100,9.166438805
9.2,11.12254464,2.020569406,0,1.345106476,0.3329845764,0,100,100,9.104499678
9.25,11.18979998,2.037232338,0,1.345106984,0.3335317026,0,100,100,9.04267328
9.3,11.25705534,2.053922476,0,1.345107458,0.3340727832,0,100,100,8.980962025
9.35,11.32431072,2.070639517,0,1.3451079,0.3346078851,0,100,100,8.919368389
9.4,11.39156613,2.087383166,0,1.345108314,0.3351370743,0,100,100,8.857894908
9.45,11.45882155,2.104153127,0,1.3451087,0.3356604162,0,100,100,8.796544187
9.5,11.526077,2.120949111,0,1.34510906,0.3361779754,0,100,100,8.735318894
9.55,11.59333246,2.137770829,0,1.345109397,0.3366898157,0,100,100,8.674221767
9.6,11.66058794,2.154617998,0,1.345109712,0.3371960004,0,100,100,8.613255614
9.65,11.72784343,2.171490336,0,1.345110005,0.337696592,0,100,100,8.552423317
9.7,11.79509894,2.188387565,0,1.34511028,0.3381916522,0,100,100,8.491727833
9.75,11.86235446,2.20530941,0,1.345110536,0.3386812422,0,100,100,8.431172194
9.8,11.92960999,2.222255599,0,1.345110775,0.3391654224,0,100,100,8.370759515
9.85,11.99686553,2.239225863,0,1.345110999,0.3396442526,0,100,100,8.31049299
9.9,12.06412109,2.256219936,0,1.345111207,0.3401177919,0,100,100,8.250375899
9.95,12.13137666,2.273237555,0,1.345111402,0.3405860988,0,100,100,8.190411609
10,12.19863223,2.29027846,0,1.345111584,0.3410492311,0,100,100,8.130603576
10.05,12.26588781,2.307342393,0,1.345111754,0.341507246,0,100,100,8.070955348
10.1,12.33314341,2.3244291,0,1.345111913,0.3419602,0,100,100,8.01147057
10.15,12.400399,2.34153833,0,1.345112061,0.342408149,0,100,100,7.952152981
10.2,12.46765461,2.358669833,0,1.3451122,0.3428511483,0,100,100,7.893006426
10.25,12.53491022,2.375823363,0,1.345112329,0.3432892527,0,100,100,7.834034849
10.3,12.60216584,2.392998677,0,1.34511245,0.3437225162,0,100,100,7.775242303
10.35,12.66942147,2.410195535,0,1.345112563,0.3441509923,0,100,100,7.716632952
10.4,12.7366771,2.427413698,0,1.345112668,0.3445747339,0,100,100,7.658211071
10.45,12.80393274,2.44465293,0,1.345112766,0.3449937933,0,100,100,7.599981054
10.5,12.87118838,2.461913,0,1.345112858,0.3454082223,0,100,100,7.541947413
10.55,12.93844402,2.479193676,0,1.345112944,0.345818072,0,100,100,7.484114785
10.6,13.00569967,2.496494731,0,1.345113024,0.346223393,0,100,100,7.426487934
10.65,13.07295532,2.513815941,0,1.345113099,0.3466242354,0,100,100,7.369071755
10.7,13.14021098,2.531157081,0,1.345113169,0.3470206486,0,100,100,7.311871276
10.75,13.20746664,2.548517933,0,1.345113234,0.3474126817,0,100,100,7.254891666
10.8,13.2747223,2.565898277,0,1.345113295,0.3478003829,0,100,100,7.198138235
10.85,13.34197797,2.583297899,0,1.345113352,0.3481838001,0,100,100,7.141616441
10.9,13.40923364,2.600716587,0,1.345113405,0.3485629808,0,100,100,7.08533189
10.95,13.47648931,2.618154128,0,1.345113455,0.3489379716,0,100,100,7.029290345
11,13.54374498,2.635610315,0,1.345113501,0.349308819,0,100,100,6.973497727
11.05,13.61100066,2.653084941,0,1.345113545,0.3496755686,0,100,100,6.917960123
11.1,13.67825634,2.670577804,0,1.345113585,0.3500382658,0,100,100,6.862683784
11.15,13.74551202,2.688088701,0,1.345113623,0.3503969553,0,100,100,6.807675137
11.2,13.8127677,2.705617433,0,1.345113658,0.3507516815,0,100,100,6.752940783
11.25,13.88002339,2.723163804,0,1.345113691,0.351102488,0,100,100,6.698487506
11.3,13.94727907,2.740727618,0,1.345113722,0.3514494183,0,100,100,6.644322277
11.35,14.01453476,2.758308682,0,1.345113751,0.3517925152,0,100,100,6.590452257
11.4,14.08179045,2.775906806,0,1.345113778,0.3521318209,0,100,100,6.536884803
11.45,14.14904613,2.793521801,0,1.345113803,0.3524673775,0,100,100,6.483627471
11.5,14.21630183,2.811153482,0,1.345113826,0.3527992262,0,100,100,6.430688025
11.55,14.28355752,2.828801663,0,1.345113848,0.3531274082,0,100,100,6.378074435
11.6,14.35081321,2.846466162,0,1.345113868,0.3534519639,0,100,100,6.32579489
11.65,14.4180689,2.8641468,0,1.345113888,0.3537729334,0,100,100,6.273857796
11.7,14.4853246,2.881843397,0,1.345113905,0.3540903563,0,100,100,6.222271783
11.75,14.55258029,2.899555777,0,1.345113922,0.3544042718,0,100,100,6.171045709
11.8,14.61983599,2.917283766,0,1.345113938,0.3547147187,0,100,100,6.120188668
11.85,14.68709169,2.935027191,0,1.345113952,0.3550217352,0,100,100,6.069709988
11.9,14.75434739,2.952785883,0,1.345113966,0.3553253594,0,100,100,6.019619241
11.95,14.82160309,2.970559671,0,1.345113978,0.3556256286,0,100,100,5.969926245
12,14.88885878,2.98834839,0,1.34511399,0.3559225799,0,100,100,5.920641066
12.05,14.95611448,3.006151875,0,1.345114001,0.3562162501,0,100,100,5.871774024
12.1,15.02337018,3.023969961,0,1.345114011,0.3565066753,0,100,100,5.823335698
12.15,15.09062589,3.041802489,0,1.345114021,0.3567938914,0,100,100,5.775336923
12.2,15.15788159,3.059649298,0,1.34511403,0.3570779339,0,100,100,5.727788801
12.25,15.22513729,3.07751023,0,1.345114038,0.3573588378,0,100,100,5.680702697
12.3,15.29239299,3.09538513,0,1.345114046,0.3576366379,0,100,100,5.634090242
12.35,15.35964869,3.113273843,0,1.345114054,0.3579113683,0,100,100,5.587963338
12.4,15.4269044,3.131176216,0,1.34511406,0.3581830631,0,100,100,5.542334156
12.45,15.4941601,3.149092099,0,1.345114067,0.3584517558,0,100,100,5.497215137
12.5,15.5614158,3.167021342,0,1.345114073,0.3587174796,0,100,100,5.452618991
12.55,15.62867151,3.184963798,0,1.345114078,0.3589802672,0,100,100,5.408558698
12.6,15.69592721,3.20291932,0,1.345114084,0.359240151,0,100,100,5.365047507
12.65,15.76318291,3.220887765,0,1.345114088,0.3594971633,0,100,100,5.322098929
12.7,15.83043862,3.238868989,0,1.345114093,0.3597513357,0,100,100,5.279726739
12.75,15.89769432,3.256862852,0,1.345114097,0.3600026996,0,100,100,5.237944969
12.8,15.96495003,3.274869213,0,1.345114101,0.360251286,0,100,100,5.196767902
12.85,16.03220573,3.292887935,0,1.345114105,0.3604971256,0,100,100,5.15621007
12.9,16.09946144,3.31091888,0,1.345114108,0.3607402488,0,100,100,5.116286241
12.95,16.16671714,3.328961915,0,1.345114112,0.3609806856,0,100,100,5.077011412
13,16.23397285,3.347016905,0,1.345114115,0.3612184657,0,100,100,5.038400803
13.05,16.30122856,3.365083718,0,1.345114117,0.3614536183,0,100,100,5.00046984
13.1,16.36848426,3.383162223,0,1.34511412,0.3616861727,0,100,100,4.963234145
13.15,16.43573997,3.401252292,0,1.345114122,0.3619161573,0,100,100,4.926709523
13.2,16.50299567,3.419353796,0,1.345114125,0.3621436008,0,100,100,4.890911943
13.25,16.57025138,3.43746661,0,1.345114127,0.3623685311,0,100,100,4.855857523
13.3,16.63750709,3.455590608,0,1.345114129,0.362590976,0,100,100,4.82156251
13.35,16.70476279,3.473725667,0,1.345114131,0.3628109629,0,100,100,4.788043259
13.4,16.7720185,3.491871664,0,1.345114133,0.3630285191,0,100,100,4.755316212
13.45,16.83927421,3.510028479,0,1.345114134,0.3632436714,0,100,100,4.723397872
13.5,16.90652991,3.528195991,0,1.345114136,0.3634564463,0,100,100,4.692304778
13.55,16.97378562,3.546374084,0,1.345114137,0.3636668702,0,100,100,4.662053476
13.6,17.04104133,3.56456264,0,1.345114138,0.363874969,0,100,100,4.632660493
13.65,17.10829703,3.582761543,0,1.34511414,0.3640807683,0,100,100,4.604142299
13.7,17.17555274,3.600970679,0,1.345114141,0.3642842936,0,100,100,4.576515284
13.75,17.24280845,3.619189935,0,1.345114142,0.3644855701,0,100,100,4.549795714
13.8,17.31006416,3.637419199,0,1.345114143,0.3646846225,0,100,100,4.523999699
13.85,17.37715881,3.65565836,0,1.326342132,0.3648814755,0,0,0,4.499237039
13.9,17.44214877,3.67390731,0,1.273838107,0.3650761534,0,0,0,4.476627956
13.95,17.50459809,3.69216594,0,1.224663324,0.3652686801,0,0,0,4.45635726
14,17.56466553,3.710434142,0,1.1785154,0.3654590795,0,0,0,4.43826267
14.05,17.62249561,3.728711813,0,1.135127483,0.365647375,0,0,0,4.422196162
14.1,17.67822032,3.746998845,0,1.094263188,0.3658335899,0,0,0,4.408022372
14.15,17.73196048,3.765295137,0,1.055712362,0.3660177473,0,0,0,4.395617221
14.2,17.78382698,3.783600586,0,1.019287551,0.3661998698,0,0,0,4.384866732
14.25,17.83392186,3.801915091,0,0.9848210099,0.3663799799,0,0,0,4.375665991
14.3,17.8823392,3.820238551,0,0.952162181,0.3665580998,0,0,0,4.367918251
14.35,17.92916594,3.838570868,0,0.9211755472,0.3667342516,0,0,0,4.361534135
14.4,17.97448258,3.856911944,0,0.8917387991,0.366908457,0,0,0,4.356430943
14.45,18.0183638,3.875261681,0,0.8637412641,0.3670807375,0,0,0,4.352532036
14.5,18.06087901,3.893619986,0,0.8370825548,0.3672511143,0,0,0,4.349766291
14.55,18.10209284,3.911986761,0,0.8116714006,0.3674196086,0,0,0,4.348067616
14.6,18.14206556,3.930361915,0,0.787424636,0.367586241,0,0,0,4.347374516
14.65,18.18085345,3.948745355,0,0.7642663204,0.3677510322,0,0,0,4.347629706
14.7,18.21850917,3.967136988,0,0.7421269696,0.3679140026,0,0,0,4.348779767
14.75,18.25508206,3.985536725,0,0.7209428843,0.3680751722,0,0,0,4.350774828
14.8,18.2906184,4.003944476,0,0.70065556,0.3682345609,0,0,0,4.353568286
14.85,18.32516166,4.022360152,0,0.681211168,0.3683921885,0,0,0,4.357116552
14.9,18.35875274,4.040783666,0,0.6625600974,0.3685480743,0,0,0,4.36137882
14.95,18.39143013,4.059214931,0,0.6446565494,0.3687022376,0,0,0,4.366316855
15,18.42323014,4.077653861,0,0.6274581786,0.3688546975,0,0,0,4.371894806
15.05,18.45418705,4.096100372,0,0.610925773,0.3690054728,0,0,0,4.378079025
15.1,18.48433321,4.114554381,0,0.5950229694,0.3691545821,0,0,0,4.384837917
15.15,18.51369927,4.133015803,0,0.5797159994,0.3693020438,0,0,0,4.392141788
15.2,18.54231422,4.151484558,0,0.5649734618,0.369447876,0,0,0,4.399962712
15.25,18.57020554,4.169960564,0,0.5507661186,0.3695920969,0,0,0,4.408274414
15.3,18.5973993,4.188443741,0,0.5370667121,0.3697347242,0,0,0,4.417052151
15.35,18.62392025,4.20693401,0,0.5238497996,0.3698757756,0,0,0,4.426272613
15.4,18.64979192,4.225431293,0,0.5110916049,0.3700152683,0,0,0,4.435913826
15.45,18.67503668,4.243935511,0,0.4987698842,0.3701532198,0,0,0,4.445955062
15.5,18.69967583,4.262446589,0,0.4868638041,0.3702896469,0,0,0,4.456376764
15.55,18.72372966,4.280964451,0,0.475353832,0.3704245665,0,0,0,4.467160462
15.6,18.74721751,4.299489021,0,0.4642216357,0.3705579954,0,0,0,4.478288713
15.65,18.77015784,4.318020226,0,0.4534499926,0.3706899499,0,0,0,4.489745028
15.7,18.79256825,4.336557992,0,0.4430227072,0.3708204463,0,0,0,4.501513817
15.75,18.81446559,4.355102246,0,0.4329245354,0.3709495008,0,0,0,4.513580331
15.8,18.83586595,4.373652918,0,0.4231411156,0.3710771294,0,0,0,4.525930615
15.85,18.85678472,4.392209936,0,0.4136589056,0.3712033476,0,0,0,4.538551453
15.9,18.87723665,4.410773229,0,0.4044651254,0.3713281712,0,0,0,4.551430328
15.95,18.89723584,4.42934273,0,0.3955477037,0.3714516156,0,0,0,4.564555379
16,18.91679583,4.447918368,0,0.3868952298,0.3715736959,0,0,0,4.577915364
16.05,18.9359296,4.466500077,0,0.378496909,0.3716944274,0,0,0,4.591499619
16.1,18.95464959,4.485087789,0,0.3703425213,0.3718138247,0,0,0,4.605298031
16.15,18.97296776,4.503681437,0,0.3624223836,0.3719319028,0,0,0,4.619300999
16.2,18.99089558,4.522280957,0,0.3547273152,0.3720486762,0,0,0,4.633499411
16.25,19.00844409,4.540886283,0,0.3472486055,0.3721641592,0,0,0,4.647884611
16.3,19.02562391,4.559497352,0,0.3399779841,0.3722783662,0,0,0,4.662448377
16.35,19.04244523,4.578114099,0,0.3329075932,0.3723913113,0,0,0,4.677182896
16.4,19.05891788,4.596736462,0,0.3260299628,0.3725030084,0,0,0,4.692080739
16.45,19.07505132,4.615364379,0,0.3193379861,0.3726134713,0,0,0,4.707134842
16.5,19.09085466,4.633997789,0,0.3128248987,0.3727227135,0,0,0,4.722338484
16.55,19.10633668,4.652636631,0,0.3064842572,0.3728307488,0,0,0,4.737685272
16.6,19.12150586,4.671280844,0,0.3003099212,0.3729375902,0,0,0,4.75316912
16.65,19.13637035,4.68993037,0,0.2942960352,0.3730432511,0,0,0,4.768784232
16.7,19.15093804,4.70858515,0,0.2884370122,0.3731477445,0,0,0,4.784525088
16.75,19.16521654,4.727245125,0,0.2827275189,0.3732510833,0,0,0,4.800386432
16.8,19.1792132,4.745910239,0,0.277162461,0.3733532802,0,0,0,4.816363251
16.85,19.19293511,4.764580434,0,0.2717369703,0.3734543479,0,0,0,4.83245077
16.9,19.20638915,4.783255655,0,0.2664463918,0.3735542989,0,0,0,4.848644434
16.95,19.21958193,4.801935846,0,0.2612862728,0.3736531454,0,0,0,4.8649399
17,19.23251988,4.820620951,0,0.2562523514,0.3737508997,0,0,0,4.881333025
17.05,19.2452092,4.839310918,0,0.2513405467,0.3738475738,0,0,0,4.897819853
17.1,19.2576559,4.858005691,0,0.2465469493,0.3739431798,0,0,0,4.914396612
17.15,19.2698658,4.876705218,0,0.2418678121,0.3740377293,0,0,0,4.931059697
17.2,19.28184453,4.895409447,0,0.2372995423,0.3741312341,0,0,0,4.947805668
17.25,19.29359754,4.914118324,0,0.2328386934,0.3742237057,0,0,0,4.964631239
17.3,19.30513013,4.9328318,0,0.2284819576,0.3743151555,0,0,0,4.981533268
17.35,19.31644742,4.951549823,0,0.2242261593,0.3744055949,0,0,0,4.998508755
17.4,19.32755438,4.970272343,0,0.220068248,0.3744950349,0,0,0,5.015554832
17.45,19.33845583,4.98899931,0,0.2160052929,0.3745834866,0,0,0,5.032668756
17.5,19.34915645,5.007730675,0,0.2120344764,0.374670961,0,0,0,5.049847903
17.55,19.35966077,5.02646639,0,0.2081530891,0.3747574689,0,0,0,5.067089767
17.6,19.3699732,5.045206406,0,0.2043585245,0.3748430208,0,0,0,5.084391945
17.65,19.38009803,5.063950676,0,0.2006482741,0.3749276275,0,0,0,5.101752141
17.7,19.39003939,5.082699153,0,0.197019923,0.3750112992,0,0,0,5.119168157
17.75,19.39980134,5.101451791,0,0.1934711455,0.3750940465,0,0,0,5.136637889
17.8,19.4093878,5.120208543,0,0.1899997009,0.3751758794,0,0,0,5.15415932
17.85,19.41880257,5.138969364,0,0.1866034298,0.375256808,0,0,0,5.171730521
17.9,19.42804936,5.157734209,0,0.1832802502,0.3753368425,0,0,0,5.189349642
17.95,19.43713178,5.176503033,0,0.1800281546,0.3754159926,0,0,0,5.207014912
18,19.44605333,5.195275793,0,0.176845206,0.3754942681,0,0,0,5.224724633
18.05,19.45481742,5.214052446,0,0.1737295353,0.3755716787,0,0,0,5.242477177
18.1,19.46342737,5.232832947,0,0.1706793381,0.375648234,0,0,0,5.260270985
18.15,19.47188641,5.251617255,0,0.1676928723,0.3757239433,0,0,0,5.278104561
18.2,19.48019769,5.270405327,0,0.1647684549,0.3757988161,0,0,0,5.295976468
18.25,19.48836427,5.289197123,0,0.1619044598,0.3758728616,0,0,0,5.313885332
18.3,19.49638912,5.3079926,0,0.1590993155,0.3759460889,0,0,0,5.331829832
18.35,19.50427515,5.326791718,0,0.1563515026,0.3760185071,0,0,0,5.3498087
18.4,19.5120252,5.345594437,0,0.153659552,0.376090125,0,0,0,5.367820721
18.45,19.51964202,5.364400718,0,0.1510220422,0.3761609517,0,0,0,5.385864726
18.5,19.52712829,5.383210519,0,0.1484375982,0.3762309957,0,0,0,5.403939595
18.55,19.53448664,5.402023804,0,0.145904889,0.3763002657,0,0,0,5.422044252
18.6,19.54171962,5.420840533,0,0.1434226261,0.3763687704,0,0,0,5.440177662
18.65,19.54882972,5.439660669,0,0.1409895618,0.3764365181,0,0,0,5.458338832
18.7,19.55581938,5.458484173,0,0.1386044875,0.3765035172,0,0,0,5.476526809
18.75,19.56269095,5.477311008,0,0.1362662324,0.376569776,0,0,0,5.494740675
18.8,19.56944676,5.496141138,0,0.1339736618,0.3766353027,0,0,0,5.512979548
18.85,19.57608906,5.514974526,0,0.1317256757,0.3767001053,0,0,0,5.531242583
18.9,19.58262005,5.533811137,0,0.1295212079,0.3767641919,0,0,0,5.549528963
18.95,19.58904189,5.552650934,0,0.1273592242,0.3768275703,0,0,0,5.567837907
19,19.59535667,5.571493882,0,0.1252387213,0.3768902485,0,0,0,5.586168661
19.05,19.60156644,5.590339947,0,0.123158726,0.376952234,0,0,0,5.604520499
19.1,19.6076732,5.609189094,0,0.1211182939,0.3770135347,0,0,0,5.622892726
19.15,19.61367891,5.628041289,0,0.119116508,0.377074158,0,0,0,5.641284671
19.2,19.61958548,5.646896499,0,0.1171524783,0.3771341114,0,0,0,5.659695687
19.25,19.62539477,5.665754689,0,0.1152253404,0.3771934024,0,0,0,5.678125155
19.3,19.63110861,5.684615828,0,0.1133342547,0.3772520382,0,0,0,5.696572475
19.35,19.63672878,5.703479882,0,0.1114784057,0.3773100262,0,0,0,5.715037073
19.4,19.64225703,5.72234682,0,0.1096570007,0.3773673734,0,0,0,5.733518393
19.45,19.64769505,5.741216609,0,0.1078692696,0.3774240869,0,0,0,5.752015902
19.5,19.6530445,5.760089218,0,0.1061144635,0.3774801738,0,0,0,5.770529085
19.55,19.65830703,5.778964616,0,0.1043918546,0.3775356409,0,0,0,5.789057447
19.6,19.66348421,5.797842772,0,0.1027007349,0.3775904951,0,0,0,5.80760051
19.65,19.66857762,5.816723655,0,0.1010404158,0.3776447432,0,0,0,5.826157815
19.7,19.67358876,5.835607236,0,0.0994102275,0.3776983919,0,0,0,5.844728917
19.75,19.67851913,5.854493485,0,0.09780951821,0.3777514478,0,0,0,5.86331339
19.8,19.68337019,5.873382371,0,0.09623765366,0.3778039175,0,0,0,5.881910822
19.85,19.68814337,5.892273867,0,0.09469401646,0.3778558074,0,0,0,5.900520814
19.9,19.69284005,5.911167942,0,0.09317800558,0.3779071239,0,0,0,5.919142985
19.95,19.69746162,5.93006457,0,0.09168903581,0.3779578734,0,0,0,5.937776964
20,19.7020094,5.94896372,0,0.09022653722,0.3780080621,0,0,0,5.956422395
20.05,19.7064847,5.967865367,0,0.08878995469,0.3780576963,0,0,0,5.975078934
20.1,19.71088882,5.986769481,0,0.08737874743,0.378106782,0,0,0,5.993746249
20.15,19.71522299,6.005676036,0,0.08599238852,0.3781553254,0,0,0,6.01242402
20.2,19.71948846,6.024585005,0,0.08463036449,0.3782033323,0,0,0,6.031111937
20.25,19.72368643,6.04349636,0,0.08329217487,0.3782508088,0,0,0,6.049809703
20.3,19.72781807,6.062410077,0,0.08197733181,0.3782977607,0,0,0,6.06851703
20.35,19.73188454,6.081326128,0,0.08068535965,0.3783441938,0,0,0,6.087233639
20.4,19.73588698,6.100244488,0,0.07941579461,0.3783901139,0,0,0,6.105959261
20.45,19.73982648,6.119165131,0,0.07816818435,0.3784355265,0,0,0,6.124693638
20.5,19.74370415,6.138088032,0,0.07694208767,0.3784804374,0,0,0,6.143436518
20.55,19.74752105,6.157013166,0,0.07573707418,0.378524852,0,0,0,6.162187659
20.6,19.7512782,6.175940509,0,0.07455272392,0.3785687758,0,0,0,6.180946829
20.65,19.75497666,6.194870036,0,0.07338862713,0.3786122143,0,0,0,6.1997138
20.7,19.7586174,6.213801722,0,0.07224438387,0.3786551728,0,0,0,6.218488354
20.75,19.76220142,6.232735545,0,0.07111960376,0.3786976567,0,0,0,6.237270279
20.8,19.76572968,6.25167148,0,0.07001390573,0.3787396711,0,0,0,6.256059373
20.85,19.76920312,6.270609504,0,0.0689269177,0.3787812213,0,0,0,6.274855437
20.9,19.77262267,6.289549595,0,0.06785827634,0.3788223123,0,0,0,6.29365828
20.95,19.77598925,6.308491728,0,0.06680762683,0.3788629493,0,0,0,6.312467719
21,19.77930373,6.327435882,0,0.06577462261,0.3789031373,0,0,0,6.331283573
21.05,19.782567,6.346382034,0,0.06475892511,0.3789428813,0,0,0,6.350105671
21.1,19.78577991,6.365330163,0,0.06376020359,0.378982186,0,0,0,6.368933846
21.15,19.7889433,6.384280246,0,0.06277813487,0.3790210565,0,0,0,6.387767935
21.2,19.79205799,6.403232261,0,0.06181240312,0.3790594975,0,0,0,6.406607782
21.25,19.7951248,6.422186188,0,0.06086269968,0.3790975137,0,0,0,6.425453236
21.3,19.79814452,6.441142006,0,0.05992872285,0.3791351098,0,0,0,6.444304149
21.35,19.80111793,6.460099692,0,0.0590101777,0.3791722906,0,0,0,6.463160381
21.4,19.80404579,6.479059228,0,0.05810677588,0.3792090605,0,0,0,6.482021793
21.45,19.80692886,6.498020592,0,0.05721823545,0.3792454241,0,0,0,6.500888253
21.5,19.80976786,6.516983764,0,0.05634428069,0.3792813859,0,0,0,6.519759631
21.55,19.81256353,6.535948724,0,0.05548464196,0.3793169503,0,0,0,6.538635802
21.6,19.81531656,6.554915452,0,0.05463905551,0.3793521218,0,0,0,6.557516646
21.65,19.81802766,6.573883929,0,0.05380726334,0.3793869046,0,0,0,6.576402044
21.7,19.82069751,6.592854136,0,0.05298901304,0.3794213031,0,0,0,6.595291885
21.75,19.82332678,6.611826053,0,0.05218405765,0.3794553215,0,0,0,6.614186056
21.8,19.82591613,6.630799662,0,0.05139215553,0.379488964,0,0,0,6.633084452
21.85,19.82846621,6.649774944,0,0.05061307017,0.3795222348,0,0,0,6.651986969
21.9,19.83097765,6.668751879,0,0.04984657012,0.3795551379,0,0,0,6.670893507
21.95,19.83345108,6.687730451,0,0.04909242884,0.3795876775,0,0,0,6.689803968
22,19.8358871,6.706710641,0,0.04835042453,0.3796198575,0,0,0,6.708718258
22.05,19.83828632,6.725692431,0,0.04762034008,0.379651682,0,0,0,6.727636286
22.1,19.84064933,6.744675803,0,0.04690196292,0.3796831548,0,0,0,6.746557962
22.15,19.8429767,6.763660741,0,0.04619508487,0.3797142798,0,0,0,6.7654832
22.2,19.84526902,6.782647226,0,0.0454995021,0.3797450609,0,0,0,6.784411917
22.25,19.84752684,6.801635241,0,0.04481501497,0.379775502,0,0,0,6.803344032
22.3,19.84975071,6.82062477,0,0.04414142794,0.3798056066,0,0,0,6.822279466
22.35,19.85194116,6.839615796,0,0.04347854947,0.3798353786,0,0,0,6.841218142
22.4,19.85409874,6.858608303,0,0.04282619192,0.3798648216,0,0,0,6.860159986
22.45,19.85622395,6.877602273,0,0.04218417146,0.3798939393,0,0,0,6.879104926
22.5,19.85831732,6.896597691,0,0.04155230798,0.3799227353,0,0,0,6.898052892
22.55,19.86037935,6.915594541,0,0.04093042499,0.379951213,0,0,0,6.917003816
22.6,19.86241053,6.934592807,0,0.04031834953,0.3799793761,0,0,0,6.935957632
22.65,19.86441135,6.953592474,0,0.03971591209,0.3800072281,0,0,0,6.954914275
22.7,19.86638228,6.972593525,0,0.03912294654,0.3800347722,0,0,0,6.973873684
22.75,19.8683238,6.991595946,0,0.03853929004,0.380062012,0,0,0,6.992835798
22.8,19.87023636,7.010599721,0,0.03796478295,0.3800889508,0,0,0,7.011800557
22.85,19.87212042,7.029604836,0,0.03739926879,0.380115592,0,0,0,7.030767905
22.9,19.87397643,7.048611275,0,0.03684259411,0.3801419388,0,0,0,7.049737786
22.95,19.87580483,7.067619025,0,0.03629460849,0.3801679944,0,0,0,7.068710146
23,19.87760604,7.08662807,0,0.0357551644,0.3801937622,0,0,0,7.087684931
23.05,19.87938048,7.105638396,0,0.03522411719,0.3802192452,0,0,0,7.106662092
23.1,19.88112859,7.12464999,0,0.03470132497,0.3802444467,0,0,0,7.125641578
23.15,19.88285075,7.143662837,0,0.03418664862,0.3802693697,0,0,0,7.14462334
23.2,19.88454738,7.162676922,0,0.03367995164,0.3802940173,0,0,0,7.163607332
23.25,19.88621888,7.181692234,0,0.03318110016,0.3803183925,0,0,0,7.182593507
23.3,19.88786562,7.200708757,0,0.03268996285,0.3803424984,0,0,0,7.201581821
23.35,19.889488,7.219726479,0,0.03220641086,0.380366338,0,0,0,7.22057223
23.4,19.89108639,7.238745387,0,0.03173031778,0.3803899141,0,0,0,7.239564693
23.45,19.89266115,7.257765466,0,0.03126155959,0.3804132297,0,0,0,7.258559168
23.5,19.89421266,7.276786705,0,0.03080001457,0.3804362877,0,0,0,7.277555614
23.55,19.89574127,7.295809091,0,0.03034556329,0.380459091,0,0,0,7.296553993
23.6,19.89724734,7.31483261,0,0.02989808855,0.3804816422,0,0,0,7.315554266
23.65,19.8987312,7.333857251,0,0.02945747531,0.3805039443,0,0,0,7.334556397
23.7,19.9001932,7.352883,0,0.02902361067,0.3805259999,0,0,0,7.35356035
23.75,19.90163367,7.371909847,0,0.02859638382,0.3805478118,0,0,0,7.372566088
23.8,19.90305294,7.390937778,0,0.02817568596,0.3805693828,0,0,0,7.391573578
23.85,19.90445134,7.409966781,0,0.02776141031,0.3805907153,0,0,0,7.410582787
23.9,19.90582919,7.428996845,0,0.02735345204,0.3806118122,0,0,0,7.429593681
23.95,19.90718679,7.448027958,0,0.02695170821,0.3806326759,0,0,0,7.448606229
24,19.90852446,7.467060109,0,0.02655607777,0.3806533091,0,0,0,7.4676204
24.05,19.9098425,7.486093285,0,0.02616646149,0.3806737143,0,0,0,7.486636164
24.1,19.91114121,7.505127477,0,0.02578276194,0.3806938941,0,0,0,7.505653491
24.15,19.91242087,7.524162671,0,0.02540488342,0.3807138509,0,0,0,7.524672352
24.2,19.91368179,7.543198858,0,0.02503273197,0.3807335871,0,0,0,7.543692719
24.25,19.91492424,7.562236026,0,0.02466621531,0.3807531053,0,0,0,7.562714566
24.3,19.91614851,7.581274165,0,0.0243052428,0.3807724078,0,0,0,7.581737864
24.35,19.91735486,7.600313263,0,0.02394972541,0.380791497,0,0,0,7.600762588
24.4,19.91854357,7.619353311,0,0.0235995757,0.3808103753,0,0,0,7.619788713
24.45,19.9197149,7.638394298,0,0.02325470776,0.380829045,0,0,0,7.638816213
24.5,19.92086912,7.657436212,0,0.02291503722,0.3808475084,0,0,0,7.657845065
24.55,19.92200649,7.676479045,0,0.02258048117,0.3808657678,0,0,0,7.676875244
24.6,19.92312726,7.695522786,0,0.02225095816,0.3808838254,0,0,0,7.695906728
24.65,19.92423167,7.714567424,0,0.02192638819,0.3809016835,0,0,0,7.714939493
24.7,19.92531998,7.733612951,0,0.02160669263,0.3809193443,0,0,0,7.733973518
24.75,19.92639242,7.752659355,0,0.02129179422,0.3809368099,0,0,0,7.753008781
24.8,19.92744923,7.771706628,0,0.02098161705,0.3809540826,0,0,0,7.772045261
24.85,19.92849066,7.79075476,0,0.02067608652,0.3809711644,0,0,0,7.791082936
24.9,19.92951692,7.809803742,0,0.02037512933,0.3809880574,0,0,0,7.810121788
24.95,19.93052825,7.828853563,0,0.02007867344,0.3810047638,0,0,0,7.829161797
25,19.93152486,7.847904215,0,0.01978664803,0.3810212855,0,0,0,7.848202942
25.05,19.93250698,7.866955689,0,0.01949898351,0.3810376248,0,0,0,7.867245205
25.1,19.93347483,7.886007975,0,0.01921561149,0.3810537834,0,0,0,7.886288568
25.15,19.93442862,7.905061064,0,0.01893646472,0.3810697636,0,0,0,7.905333012
25.2,19.93536855,7.924114948,0,0.01866147713,0.3810855671,0,0,0,7.92437852
25.25,19.93629483,7.943169618,0,0.01839058374,0.3811011961,0,0,0,7.943425075
25.3,19.93720767,7.962225065,0,0.01812372068,0.3811166523,0,0,0,7.96247266
25.35,19.93810727,7.98128128,0,0.01786082518,0.3811319378,0,0,0,7.981521257
25.4,19.93899382,8.000338256,0,0.01760183551,0.3811470543,0,0,0,8.000570852
25.45,19.93986752,8.019395983,0,0.01734669098,0.3811620038,0,0,0,8.019621428
25.5,19.94072855,8.038454453,0,0.01709533192,0.3811767882,0,0,0,8.038672969
25.55,19.94157711,8.057513659,0,0.01684769967,0.3811914091,0,0,0,8.05772546
25.6,19.94241338,8.076573591,0,0.01660373654,0.3812058686,0,0,0,8.076778887
25.65,19.94323755,8.095634243,0,0.0163633858,0.3812201682,0,0,0,8.095833235
25.7,19.94404978,8.114695606,0,0.01612659169,0.3812343099,0,0,0,8.11488849
25.75,19.94485026,8.133757671,0,0.01589329934,0.3812482952,0,0,0,8.133944637
25.8,19.94563917,8.152820433,0,0.01566345481,0.3812621261,0,0,0,8.153001662
25.85,19.94641667,8.171883881,0,0.01543700507,0.3812758041,0,0,0,8.172059554
25.9,19.94718292,8.19094801,0,0.01521389792,0.381289331,0,0,0,8.191118297
25.95,19.94793811,8.210012812,0,0.01499408207,0.3813027084,0,0,0,8.21017788
26,19.94868239,8.229078279,0,0.01477750704,0.381315938,0,0,0,8.229238289
26.05,19.94941591,8.248144403,0,0.01456412319,0.3813290215,0,0,0,8.248299513
26.1,19.95013885,8.267211179,0,0.0143538817,0.3813419603,0,0,0,8.267361538
26.15,19.95085135,8.286278597,0,0.01414673454,0.3813547562,0,0,0,8.286424354
26.2,19.95155358,8.305346652,0,0.01394263447,0.3813674107,0,0,0,8.305487949
26.25,19.95224567,8.324415336,0,0.01374153502,0.3813799254,0,0,0,8.32455231
26.3,19.95292778,8.343484642,0,0.01354339046,0.3813923018,0,0,0,8.343617427
26.35,19.95360005,8.362554564,0,0.01334815582,0.3814045414,0,0,0,8.362683289
26.4,19.95426264,8.381625094,0,0.01315578686,0.3814166458,0,0,0,8.381749884
26.45,19.95491568,8.400696226,0,0.01296624005,0.3814286164,0,0,0,8.400817203
26.5,19.95555931,8.419767953,0,0.01277947257,0.3814404548,0,0,0,8.419885235
26.55,19.95619367,8.438840269,0,0.01259544227,0.3814521624,0,0,0,8.438953969
26.6,19.9568189,8.457913168,0,0.01241410769,0.3814637406,0,0,0,8.458023395
26.65,19.95743513,8.476986641,0,0.01223542806,0.3814751908,0,0,0,8.477093505
26.7,19.95804249,8.496060684,0,0.01205936323,0.3814865146,0,0,0,8.496164287
26.75,19.95864111,8.515135291,0,0.0118858737,0.3814977132,0,0,0,8.515235732
26.8,19.95923112,8.534210454,0,0.01171492062,0.3815087881,0,0,0,8.534307832
26.85,19.95981264,8.553286167,0,0.01154646575,0.3815197406,0,0,0,8.553380576
26.9,19.9603858,8.572362426,0,0.01138047144,0.3815305721,0,0,0,8.572453957
26.95,19.96095073,8.591439223,0,0.01121690068,0.3815412839,0,0,0,8.591527964
27,19.96150753,8.610516552,0,0.01105571701,0.3815518773,0,0,0,8.61060259
27.05,19.96205634,8.629594408,0,0.01089688457,0.3815623537,0,0,0,8.629677826
27.1,19.96259726,8.648672786,0,0.01074036806,0.3815727143,0,0,0,8.648753663
27.15,19.96313041,8.667751678,0,0.01058613274,0.3815829605,0,0,0,8.667830093
27.2,19.96365591,8.68683108,0,0.01043414441,0.3815930934,0,0,0,8.686907108
27.25,19.96417387,8.705910985,0,0.01028436944,0.3816031143,0,0,0,8.7059847
27.3,19.96468439,8.724991389,0,0.0101367747,0.3816130246,0,0,0,8.725062862
27.35,19.96518758,8.744072286,0,0.009991327581,0.3816228253,0,0,0,8.744141584
27.4,19.96568355,8.76315367,0,0.009847996002,0.3816325178,0,0,0,8.763220861
27.45,19.96617241,8.782235536,0,0.009706748376,0.3816421031,0,0,0,8.782300685
27.5,19.96665426,8.801317879,0,0.009567553615,0.3816515825,0,0,0,8.801381047
27.55,19.9671292,8.820400693,0,0.009430381112,0.3816609572,0,0,0,8.820461942
27.6,19.96759733,8.839483973,0,0.009295200744,0.3816702283,0,0,0,8.839543361
27.65,19.96805876,8.858567714,0,0.009161982853,0.381679397,0,0,0,8.858625299
27.7,19.96851356,8.877651911,0,0.009030698246,0.3816884643,0,0,0,8.877707747
27.75,19.96896186,8.896736558,0,0.008901318185,0.3816974315,0,0,0,8.8967907
27.8,19.96940373,8.915821652,0,0.008773814375,0.3817062995,0,0,0,8.91587415
27.85,19.96983927,8.934907187,0,0.008648158963,0.3817150696,0,0,0,8.934958092
27.9,19.97026857,8.953993157,0,0.008524324529,0.3817237428,0,0,0,8.954042518
27.95,19.97069173,8.973079559,0,0.008402284073,0.3817323201,0,0,0,8.973127423
28,19.97110883,8.992166388,0,0.008282011018,0.3817408027,0,0,0,8.9922128
28.05,19.97151996,9.011253638,0,0.008163479193,0.3817491915,0,0,0,9.011298644
28.1,19.97192521,9.030341306,0,0.008046662834,0.3817574877,0,0,0,9.030384947
28.15,19.97232466,9.049429385,0,0.007931536572,0.3817656921,0,0,0,9.049471704
28.2,19.97271839,9.068517873,0,0.00781807543,0.381773806,0,0,0,9.06855891
28.25,19.97310649,9.087606764,0,0.007706254813,0.3817818301,0,0,0,9.087646558
28.3,19.97348904,9.106696055,0,0.007596050506,0.3817897656,0,0,0,9.106734643
28.35,19.97386612,9.12578574,0,0.007487438665,0.3817976134,0,0,0,9.12582316
28.4,19.97423781,9.144875815,0,0.007380395811,0.3818053745,0,0,0,9.144912102
28.45,19.97460419,9.163966276,0,0.007274898823,0.3818130499,0,0,0,9.164001465
28.5,19.97496533,9.183057118,0,0.007170924937,0.3818206404,0,0,0,9.183091243
28.55,19.97532131,9.202148338,0,0.007068451733,0.3818281471,0,0,0,9.20218143
28.6,19.9756722,9.221239932,0,0.006967457137,0.3818355708,0,0,0,9.221272023
28.65,19.97601808,9.240331894,0,0.006867919408,0.3818429125,0,0,0,9.240363015
28.7,19.97635901,9.259424221,0,0.006769817138,0.381850173,0,0,0,9.259454401
28.75,19.97669508,9.27851691,0,0.006673129244,0.3818573533,0,0,0,9.278546177
28.8,19.97702635,9.297609955,0,0.006577834965,0.3818644543,0,0,0,9.297638338
28.85,19.97735289,9.316703354,0,0.006483913852,0.3818714769,0,0,0,9.316730879
28.9,19.97767476,9.335797102,0,0.006391345771,0.3818784218,0,0,0,9.335823796
28.95,19.97799204,9.354891195,0,0.006300110888,0.38188529,0,0,0,9.354917082
29,19.9783048,9.37398563,0,0.006210189673,0.3818920823,0,0,0,9.374010735
29.05,19.97861308,9.393080402,0,0.006121562891,0.3818987996,0,0,0,9.39310475
29.1,19.97891697,9.412175508,0,0.006034211595,0.3819054426,0,0,0,9.412199121
29.15,19.97921653,9.431270945,0,0.005948117128,0.3819120122,0,0,0,9.431293845
29.2,19.97951181,9.450366708,0,0.005863261112,0.3819185093,0,0,0,9.450388917
29.25,19.97980287,9.469462795,0,0.005779625446,0.3819249345,0,0,0,9.469484334
29.3,19.98008979,9.488559201,0,0.005697192303,0.3819312888,0,0,0,9.48858009
29.35,19.98037261,9.507655922,0,0.005615944123,0.3819375728,0,0,0,9.507676182
29.4,19.9806514,9.526752957,0,0.005535863612,0.3819437874,0,0,0,9.526772605
29.45,19.98092622,9.5458503,0,0.005456933733,0.3819499333,0,0,0,9.545869356
29.5,19.98119711,9.564947949,0,0.005379137707,0.3819560114,0,0,0,9.56496643
29.55,19.98146415,9.5840459,0,0.005302459006,0.3819620222,0,0,0,9.584063824
29.6,19.98172738,9.60314415,0,0.005226881349,0.3819679667,0,0,0,9.603161534
29.65,19.98198686,9.622242696,0,0.005152388699,0.3819738454,0,0,0,9.622259556
29.7,19.98224264,9.641341533,0,0.005078965261,0.3819796592,0,0,0,9.641357886
29.75,19.98249477,9.66044066,0,0.005006595474,0.3819854088,0,0,0,9.660456521
29.8,19.98274331,9.679540073,0,0.004935264009,0.3819910948,0,0,0,9.679555456
29.85,19.98298831,9.698639769,0,0.004864955768,0.381996718,0,0,0,9.698654688
29.9,19.98322982,9.717739744,0,0.004795655878,0.3820022791,0,0,0,9.717754214
29.95,19.9834679,9.736839996,0,0.004727349685,0.3820077787,0,0,0,9.736854031
30,19.98370258,9.755940521,0,0.004660022757,0.3820132176,0,0,0,9.755954133
30.05,19.98393391,9.775041317,0,0.004593660874,0.3820185963,0,0,0,9.775054519
30.1,19.98416196,9.79414238,0,0.00452825003,0.3820239157,0,0,0,9.794155185
30.15,19.98438675,9.813243707,0,0.004463776424,0.3820291762,0,0,0,9.813256128
30.2,19.98460835,9.832345296,0,0.004400226464,0.3820343786,0,0,0,9.832357343
30.25,19.98482679,9.851447144,0,0.004337586757,0.3820395236,0,0,0,9.851458829
30.3,19.98504212,9.870549248,0,0.004275844109,0.3820446116,0,0,0,9.870560581
30.35,19.98525439,9.889651604,0,0.004214985523,0.3820496435,0,0,0,9.889662597
30.4,19.98546364,9.908754211,0,0.004154998193,0.3820546198,0,0,0,9.908764874
30.45,19.98566991,9.927857065,0,0.004095869504,0.382059541,0,0,0,9.927867407
30.5,19.98587324,9.946960164,0,0.004037587026,0.3820644079,0,0,0,9.946970196
30.55,19.98607368,9.966063505,0,0.003980138515,0.3820692211,0,0,0,9.966073235
30.6,19.98627127,9.985167085,0,0.003923511907,0.382073981,0,0,0,9.985176523
30.65,19.98646604,10.0042709,0,0.003867695315,0.3820786883,0,0,0,10.00428006
30.7,19.98665805,10.02337495,0,0.003812677029,0.3820833437,0,0,0,10.02338383
30.75,19.98684732,10.04247924,0,0.003758445511,0.3820879476,0,0,0,10.04248785
30.8,19.98703391,10.06158375,0,0.003704989395,0.3820925006,0,0,0,10.0615921
30.85,19.98721784,10.08068849,0,0.00365229748,0.3820970033,0,0,0,10.08069659
30.9,19.98739915,10.09979345,0,0.00360035873,0.3821014563,0,0,0,10.09980131
30.95,19.98757788,10.11889863,0,0.003549162275,0.38210586,0,0,0,10.11890625
31,19.98775408,10.13800403,0,0.0034986974,0.3821102151,0,0,0,10.13801143
31.05,19.98792777,10.15710965,0,0.003448953551,0.3821145221,0,0,0,10.15711682
31.1,19.98809898,10.17621548,0,0.003399920328,0.3821187815,0,0,0,10.17622244
31.15,19.98826777,10.19532153,0,0.003351587484,0.3821229938,0,0,0,10.19532828
31.2,19.98843415,10.21442778,0,0.003303944922,0.3821271595,0,0,0,10.21443433
31.25,19.98859818,10.23353424,0,0.003256982694,0.3821312793,0,0,0,10.23354059
31.3,19.98875986,10.25264091,0,0.003210690997,0.3821353535,0,0,0,10.25264707
31.35,19.98891926,10.27174778,0,0.003165060173,0.3821393827,0,0,0,10.27175375
31.4,19.98907638,10.29085485,0,0.003120080703,0.3821433674,0,0,0,10.29086064
31.45,19.98923127,10.30996211,0,0.00307574321,0.382147308,0,0,0,10.30996774
31.5,19.98938397,10.32906958,0,0.003032038454,0.3821512051,0,0,0,10.32907503
31.55,19.98953449,10.34817723,0,0.002988957328,0.3821550592,0,0,0,10.34818253
31.6,19.98968287,10.36728508,0,0.002946490861,0.3821588707,0,0,0,10.36729022
31.65,19.98982915,10.38639312,0,0.002904630212,0.38216264,0,0,0,10.3863981
31.7,19.98997335,10.40550135,0,0.002863366667,0.3821663677,0,0,0,10.40550618
31.75,19.99011549,10.42460976,0,0.002822691644,0.3821700542,0,0,0,10.42461444
31.8,19.99025562,10.44371835,0,0.002782596682,0.3821737,0,0,0,10.4437229
31.85,19.99039376,10.46282713,0,0.002743073446,0.3821773055,0,0,0,10.46283154
31.9,19.99052994,10.48193608,0,0.002704113721,0.3821808711,0,0,0,10.48194036
31.95,19.99066418,10.50104521,0,0.002665709412,0.3821843974,0,0,0,10.50104936
32,19.99079652,10.52015452,0,0.002627852544,0.3821878847,0,0,0,10.52015854
32.05,19.99092698,10.539264,0,0.002590535255,0.3821913334,0,0,0,10.53926791
32.1,19.99105558,10.55837365,0,0.0025537498,0.3821947441,0,0,0,10.55837744
32.15,19.99118236,10.57748347,0,0.002517488545,0.382198117,0,0,0,10.57748715
32.2,19.99130734,10.59659346,0,0.002481743969,0.3822014527,0,0,0,10.59659703
32.25,19.99143054,10.61570362,0,0.002446508659,0.3822047515,0,0,0,10.61570708
32.3,19.991552,10.63481394,0,0.002411775309,0.3822080139,0,0,0,10.63481729
32.35,19.99167173,10.65392442,0,0.002377536721,0.3822112402,0,0,0,10.65392767
32.4,19.99178976,10.67303506,0,0.002343785801,0.3822144309,0,0,0,10.67303822
32.45,19.99190612,10.69214586,0,0.002310515558,0.3822175864,0,0,0,10.69214892
32.5,19.99202082,10.71125682,0,0.002277719103,0.3822207069,0,0,0,10.71125979
32.55,19.9921339,10.73036793,0,0.002245389644,0.382223793,0,0,0,10.73037081
32.6,19.99224537,10.7494792,0,0.002213520492,0.382226845,0,0,0,10.74948199
32.65,19.99235526,10.76859062,0,0.002182105052,0.3822298632,0,0,0,10.76859333
32.7,19.99246359,10.78770218,0,0.002151136826,0.3822328481,0,0,0,10.78770482
32.75,19.99257038,10.8068139,0,0.00212060941,0.3822358001,0,0,0,10.80681645
32.8,19.99267565,10.82592576,0,0.002090516491,0.3822387194,0,0,0,10.82592824
32.85,19.99277944,10.84503777,0,0.00206085185,0.3822416064,0,0,0,10.84504017
32.9,19.99288175,10.86414992,0,0.002031609357,0.3822444616,0,0,0,10.86415225
32.95,19.9929826,10.88326222,0,0.00200278297,0.3822472852,0,0,0,10.88326448
33,19.99308203,10.90237465,0,0.001974366735,0.3822500776,0,0,0,10.90237685
33.05,19.99318005,10.92148722,0,0.001946354785,0.3822528391,0,0,0,10.92148935
33.1,19.99327667,10.94059993,0,0.001918741336,0.3822555701,0,0,0,10.940602
33.15,19.99337193,10.95971278,0,0.00189152069,0.382258271,0,0,0,10.95971478
33.2,19.99346583,10.97882576,0,0.001864687229,0.382260942,0,0,0,10.97882771
33.25,19.9935584,10.99793887,0,0.001838235417,0.3822635835,0,0,0,10.99794076
33.3,19.99364966,11.01705212,0,0.001812159799,0.3822661958,0,0,0,11.01705395
33.35,19.99373963,11.03616549,0,0.001786454997,0.3822687793,0,0,0,11.03616727
33.4,19.99382831,11.055279,0,0.001761115711,0.3822713342,0,0,0,11.05528072
33.45,19.99391574,11.07439263,0,0.00173613672,0.3822738608,0,0,0,11.0743943
33.5,19.99400193,11.09350638,0,0.001711512875,0.3822763596,0,0,0,11.093508
33.55,19.9940869,11.11262026,0,0.001687239102,0.3822788307,0,0,0,11.11262183
33.6,19.99417066,11.13173426,0,0.001663310402,0.3822812746,0,0,0,11.13173579
33.65,19.99425324,11.15084839,0,0.001639721846,0.3822836914,0,0,0,11.15084987
33.7,19.99433464,11.16996263,0,0.001616468577,0.3822860815,0,0,0,11.16996407
33.75,19.99441489,11.189077,0,0.001593545808,0.3822884452,0,0,0,11.18907839
33.8,19.994494,11.20819148,0,0.00157094882,0.3822907828,0,0,0,11.20819283
33.85,19.99457199,11.22730607,0,0.001548672964,0.3822930946,0,0,0,11.22730739
33.9,19.99464887,11.24642079,0,0.001526713656,0.3822953808,0,0,0,11.24642206
33.95,19.99472467,11.26553561,0,0.001505066378,0.3822976418,0,0,0,11.26553685
34,19.99479938,11.28465055,0,0.001483726678,0.3822998778,0,0,0,11.28465175
34.05,19.99487304,11.3037656,0,0.001462690168,0.382302089,0,0,0,11.30376676
34.1,19.99494566,11.32288076,0,0.001441952523,0.3823042759,0,0,0,11.32288189
34.15,19.99501724,11.34199603,0,0.00142150948,0.3823064385,0,0,0,11.34199712
34.2,19.99508781,11.3611114,0,0.001401356836,0.3823085773,0,0,0,11.36111246
34.25,19.99515738,11.38022688,0,0.001381490451,0.3823106925,0,0,0,11.38022791
34.3,19.99522597,11.39934247,0,0.001361906243,0.3823127842,0,0,0,11.39934347
34.35,19.99529358,11.41845816,0,0.001342600188,0.3823148529,0,0,0,11.41845913
34.4,19.99536023,11.43757396,0,0.001323568321,0.3823168987,0,0,0,11.4375749
34.45,19.99542594,11.45668985,0,0.001304806735,0.3823189219,0,0,0,11.45669076
34.5,19.99549072,11.47580585,0,0.001286311575,0.3823209228,0,0,0,11.47580673
34.55,19.99555458,11.49492194,0,0.001268079047,0.3823229015,0,0,0,11.4949228
34.6,19.99561753,11.51403814,0,0.001250105406,0.3823248584,0,0,0,11.51403897
34.65,19.99567959,11.53315443,0,0.001232386964,0.3823267936,0,0,0,11.53315524
34.7,19.99574077,11.55227082,0,0.001214920085,0.3823287075,0,0,0,11.5522716
34.75,19.99580109,11.5713873,0,0.001197701186,0.3823306002,0,0,0,11.57138806
34.8,19.99586055,11.59050388,0,0.001180726734,0.382332472,0,0,0,11.59050462
34.85,19.99591916,11.60962055,0,0.001163993248,0.3823343231,0,0,0,11.60962126
34.9,19.99597695,11.62873731,0,0.001147497295,0.3823361538,0,0,0,11.628738
34.95,19.99603392,11.64785416,0,0.001131235493,0.3823379642,0,0,0,11.64785484
35,19.99609008,11.6669711,0,0.001115204508,0.3823397546,0,0,0,11.66697176
35.05,19.99614544,11.68608814,0,0.001099401053,0.3823415253,0,0,0,11.68608877
35.1,19.99620002,11.70520526,0,0.00108382189,0.3823432764,0,0,0,11.70520587
35.15,19.99625383,11.72432246,0,0.001068463825,0.3823450081,0,0,0,11.72432306
35.2,19.99630687,11.74343976,0,0.001053323711,0.3823467207,0,0,0,11.74344034
35.25,19.99635916,11.76255714,0,0.001038398446,0.3823484144,0,0,0,11.7625577
35.3,19.99641072,11.7816746,0,0.001023684973,0.3823500893,0,0,0,11.78167514
35.35,19.99646154,11.80079214,0,0.001009180277,0.3823517458,0,0,0,11.80079267
35.4,19.99651164,11.81990977,0,0.0009948813878,0.3823533839,0,0,0,11.81991029
35.45,19.99656103,11.83902748,0,0.000980785377,0.382355004,0,0,0,11.83902798
35.5,19.99660972,11.85814527,0,0.000966889358,0.3823566061,0,0,0,11.85814576
35.55,19.99665772,11.87726314,0,0.000953190486,0.3823581906,0,0,0,11.87726361
35.6,19.99670504,11.89638109,0,0.0009396859563,0.3823597575,0,0,0,11.89638155
35.65,19.99675169,11.91549912,0,0.0009263730048,0.3823613072,0,0,0,11.91549956
35.7,19.99679768,11.93461722,0,0.0009132489066,0.3823628397,0,0,0,11.93461765
35.75,19.99684302,11.9537354,0,0.0009003109758,0.3823643552,0,0,0,11.95373582
35.8,19.99688772,11.97285366,0,0.0008875565651,0.3823658541,0,0,0,11.97285406
35.85,19.99693178,11.99197199,0,0.0008749830648,0.3823673363,0,0,0,11.99197238
35.9,19.99697522,12.01109039,0,0.0008625879025,0.3823688022,0,0,0,12.01109077
35.95,19.99701804,12.03020887,0,0.0008503685428,0.3823702519,0,0,0,12.03020924
36,19.99706026,12.04932742,0,0.0008383224861,0.3823716855,0,0,0,12.04932777
36.05,19.99710187,12.06844603,0,0.000826447269,0.3823731034,0,0,0,12.06844638
36.1,19.9971429,12.08756473,0,0.0008147404629,0.3823745055,0,0,0,12.08756506
36.15,19.99718335,12.10668349,0,0.000803199674,0.3823758922,0,0,0,12.10668381
36.2,19.99722323,12.12580231,0,0.0007918225428,0.3823772635,0,0,0,12.12580263
36.25,19.99726254,12.14492121,0,0.0007806067432,0.3823786197,0,0,0,12.14492152
36.3,19.99730129,12.16404018,0,0.0007695499825,0.3823799609,0,0,0,12.16404048
36.35,19.99733949,12.18315921,0,0.0007586500009,0.3823812873,0,0,0,12.1831595
36.4,19.99737716,12.2022783,0,0.0007479045704,0.382382599,0,0,0,12.20227859
36.45,19.99741429,12.22139747,0,0.0007373114951,0.3823838963,0,0,0,12.22139774
36.5,19.99745089,12.24051669,0,0.0007268686105,0.3823851792,0,0,0,12.24051696
36.55,19.99748698,12.25963598,0,0.0007165737826,0.3823864479,0,0,0,12.25963624
36.6,19.99752255,12.27875534,0,0.0007064249083,0.3823877026,0,0,0,12.27875559
36.65,19.99755762,12.29787475,0,0.0006964199143,0.3823889435,0,0,0,12.297875
36.7,19.9975922,12.31699423,0,0.0006865567566,0.3823901706,0,0,0,12.31699447
36.75,19.99762628,12.33611377,0,0.0006768334208,0.3823913842,0,0,0,12.336114
36.8,19.99765988,12.35523337,0,0.000667247921,0.3823925843,0,0,0,12.35523359
36.85,19.99769301,12.37435303,0,0.0006577982995,0.3823937712,0,0,0,12.37435324
36.9,19.99772566,12.39347275,0,0.0006484826267,0.382394945,0,0,0,12.39347296
36.95,19.99775786,12.41259252,0,0.0006392990005,0.3823961058,0,0,0,12.41259273
37,19.9977896,12.43171236,0,0.0006302455457,0.3823972538,0,0,0,12.43171255
37.05,19.99782088,12.45083225,0,0.0006213204141,0.3823983891,0,0,0,12.45083244
37.1,19.99785173,12.4699522,0,0.0006125217836,0.3823995119,0,0,0,12.46995238
37.15,19.99788214,12.4890722,0,0.0006038478582,0.3824006222,0,0,0,12.48907238
37.2,19.99791212,12.50819226,0,0.0005952968674,0.3824017203,0,0,0,12.50819243
37.25,19.99794167,12.52731237,0,0.000586867066,0.3824028063,0,0,0,12.52731254
37.3,19.9979708,12.54643254,0,0.0005785567336,0.3824038802,0,0,0,12.5464327
37.35,19.99799953,12.56555276,0,0.0005703641743,0.3824049423,0,0,0,12.56555292
37.4,19.99802784,12.58467303,0,0.0005622877165,0.3824059927,0,0,0,12.58467319
37.45,19.99805576,12.60379336,0,0.0005543257121,0.3824070314,0,0,0,12.60379351
37.5,19.99808328,12.62291374,0,0.0005464765367,0.3824080587,0,0,0,12.62291388
37.55,19.99811041,12.64203416,0,0.000538738589,0.3824090746,0,0,0,12.64203431
37.6,19.99813715,12.66115464,0,0.0005311102904,0.3824100793,0,0,0,12.66115478
37.65,19.99816352,12.68027517,0,0.0005235900849,0.3824110729,0,0,0,12.68027531
37.7,19.99818951,12.69939575,0,0.0005161764386,0.3824120555,0,0,0,12.69939588
37.75,19.99821514,12.71851638,0,0.0005088678393,0.3824130272,0,0,0,12.7185165
37.8,19.9982404,12.73763705,0,0.0005016627965,0.3824139882,0,0,0,12.73763717
37.85,19.99826531,12.75675778,0,0.0004945598407,0.3824149386,0,0,0,12.75675789
37.9,19.99828986,12.77587855,0,0.0004875575237,0.3824158785,0,0,0,12.77587866
37.95,19.99831407,12.79499936,0,0.0004806544175,0.382416808,0,0,0,12.79499947
38,19.99833793,12.81412023,0,0.0004738491145,0.3824177273,0,0,0,12.81412033
38.05,19.99836145,12.83324114,0,0.0004671402273,0.3824186364,0,0,0,12.83324124
38.1,19.99838464,12.85236209,0,0.0004605263881,0.3824195354,0,0,0,12.85236219
38.15,19.99840751,12.87148309,0,0.0004540062485,0.3824204245,0,0,0,12.87148319
38.2,19.99843005,12.89060413,0,0.0004475784794,0.3824213038,0,0,0,12.89060423
38.25,19.99845227,12.90972522,0,0.0004412417706,0.3824221733,0,0,0,12.90972531
38.3,19.99847417,12.92884635,0,0.0004349948305,0.3824230333,0,0,0,12.92884644
38.35,19.99849577,12.94796752,0,0.0004288363857,0.3824238838,0,0,0,12.94796761
38.4,19.99851706,12.96708874,0,0.0004227651812,0.3824247248,0,0,0,12.96708882
38.45,19.99853804,12.98621,0,0.0004167799796,0.3824255566,0,0,0,12.98621008
38.5,19.99855874,13.00533129,0,0.0004108795613,0.3824263791,0,0,0,13.00533137
38.55,19.99857913,13.02445263,0,0.0004050627238,0.3824271926,0,0,0,13.02445271
38.6,19.99859924,13.04357401,0,0.0003993282819,0.3824279971,0,0,0,13.04357409
38.65,19.99861907,13.06269543,0,0.0003936750671,0.3824287927,0,0,0,13.06269551
38.7,19.99863861,13.08181689,0,0.0003881019276,0.3824295795,0,0,0,13.08181696
38.75,19.99865788,13.10093839,0,0.000382607728,0.3824303577,0,0,0,13.10093846
38.8,19.99867687,13.12005993,0,0.0003771913489,0.3824311272,0,0,0,13.12005999
38.85,19.9986956,13.1391815,0,0.0003718516868,0.3824318882,0,0,0,13.13918157
38.9,19.99871406,13.15830312,0,0.0003665876541,0.3824326408,0,0,0,13.15830318
38.95,19.99873226,13.17742477,0,0.0003613981785,0.3824333851,0,0,0,13.17742483
39,19.9987502,13.19654645,0,0.0003562822028,0.3824341212,0,0,0,13.19654651
39.05,19.99876789,13.21566818,0,0.0003512386851,0.3824348491,0,0,0,13.21566824
39.1,19.99878533,13.23478994,0,0.0003462665982,0.382435569,0,0,0,13.23479
39.15,19.99880252,13.25391174,0,0.0003413649293,0.3824362809,0,0,0,13.25391179
39.2,19.99881946,13.27303357,0,0.0003365326802,0.382436985,0,0,0,13.27303362
39.25,19.99883617,13.29215543,0,0.0003317688669,0.3824376813,0,0,0,13.29215549
39.3,19.99885264,13.31127734,0,0.0003270725192,0.3824383699,0,0,0,13.31127738
39.35,19.99886888,13.33039927,0,0.0003224426808,0.3824390509,0,0,0,13.33039932
39.4,19.99888489,13.34952124,0,0.0003178784089,0.3824397243,0,0,0,13.34952129
39.45,19.99890067,13.36864324,0,0.0003133787742,0.3824403904,0,0,0,13.36864329
39.5,19.99891623,13.38776528,0,0.0003089428605,0.382441049,0,0,0,13.38776532
39.55,19.99893156,13.40688735,0,0.0003045697647,0.3824417004,0,0,0,13.40688739
39.6,19.99894668,13.42600945,0,0.0003002585965,0.3824423446,0,0,0,13.42600949
39.65,19.99896159,13.44513158,0,0.000296008478,0.3824429817,0,0,0,13.44513162
39.7,19.99897629,13.46425375,0,0.0002918185442,0.3824436117,0,0,0,13.46425379
39.75,19.99899077,13.48337594,0,0.000287687942,0.3824442348,0,0,0,13.48337598
39.8,19.99900506,13.50249817,0,0.0002836158306,0.382444851,0,0,0,13.50249821
39.85,19.99901914,13.52162043,0,0.0002796013811,0.3824454603,0,0,0,13.52162046
39.9,19.99903302,13.54074272,0,0.0002756437763,0.382446063,0,0,0,13.54074275
39.95,19.9990467,13.55986503,0,0.0002717422108,0.382446659,0,0,0,13.55986507
40,19.99906019,13.57898738,0,0.0002678958903,0.3824472484,0,0,0,13.57898741
40.05,19.99907349,13.59810976,0,0.0002641040322,0.3824478312,0,0,0,13.59810979
40.1,19.9990866,13.61723217,0,0.0002603658645,0.3824484077,0,0,0,13.6172322
40.15,19.99909953,13.6363546,0,0.0002566806266,0.3824489778,0,0,0,13.63635463
40.2,19.99911227,13.65547706,0,0.0002530475684,0.3824495415,0,0,0,13.65547709
40.25,19.99912483,13.67459955,0,0.0002494659506,0.3824500991,0,0,0,13.67459958
40.3,19.99913722,13.69372207,0,0.0002459350444,0.3824506505,0,0,0,13.6937221
40.35,19.99914943,13.71284462,0,0.0002424541312,0.3824511958,0,0,0,13.71284465
40.4,19.99916147,13.73196719,0,0.0002390225028,0.382451735,0,0,0,13.73196722
40.45,19.99917333,13.75108979,0,0.0002356394609,0.3824522683,0,0,0,13.75108982
40.5,19.99918503,13.77021242,0,0.000232304317,0.3824527957,0,0,0,13.77021244
40.55,19.99919656,13.78933507,0,0.0002290163926,0.3824533173,0,0,0,13.7893351
40.6,19.99920793,13.80845775,0,0.0002257750188,0.3824538332,0,0,0,13.80845777
40.65,19.99921914,13.82758046,0,0.000222579536,0.3824543433,0,0,0,13.82758048
40.7,19.99923019,13.84670318,0,0.0002194292942,0.3824548478,0,0,0,13.84670321
40.75,19.99924109,13.86582594,0,0.0002163236524,0.3824553467,0,0,0,13.86582596
40.8,19.99925182,13.88494872,0,0.0002132619788,0.3824558401,0,0,0,13.88494874
40.85,19.99926241,13.90407152,0,0.0002102436505,0.382456328,0,0,0,13.90407154
40.9,19.99927285,13.92319435,0,0.0002072680536,0.3824568106,0,0,0,13.92319437
40.95,19.99928314,13.9423172,0,0.0002043345827,0.3824572878,0,0,0,13.94231722
41,19.99929328,13.96144008,0,0.0002014426411,0.3824577598,0,0,0,13.9614401
41.05,19.99930328,13.98056298,0,0.0001985916406,0.3824582265,0,0,0,13.980563
41.1,19.99931314,13.9996859,0,0.0001957810011,0.3824586881,0,0,0,13.99968592
41.15,19.99932286,14.01880885,0,0.0001930101511,0.3824591446,0,0,0,14.01880887
41.2,19.99933245,14.03793182,0,0.0001902785269,0.382459596,0,0,0,14.03793183
41.25,19.99934189,14.05705481,0,0.0001875855729,0.3824600425,0,0,0,14.05705482
41.3,19.9993512,14.07617782,0,0.0001849307414,0.382460484,0,0,0,14.07617784
41.35,19.99936039,14.09530086,0,0.0001823134925,0.3824609206,0,0,0,14.09530087
41.4,19.99936944,14.11442391,0,0.0001797332938,0.3824613524,0,0,0,14.11442393
41.45,19.99937836,14.13354699,0,0.0001771896206,0.3824617795,0,0,0,14.13354701
41.5,19.99938716,14.15267009,0,0.0001746819556,0.3824622018,0,0,0,14.15267011
41.55,19.99939583,14.17179321,0,0.0001722097888,0.3824626194,0,0,0,14.17179323
41.6,19.99940438,14.19091635,0,0.0001697726174,0.3824630325,0,0,0,14.19091637
41.65,19.99941281,14.21003952,0,0.0001673699458,0.382463441,0,0,0,14.21003953
41.7,19.99942112,14.2291627,0,0.0001650012855,0.3824638449,0,0,0,14.22916271
41.75,19.99942931,14.2482859,0,0.0001626661547,0.3824642444,0,0,0,14.24828591
41.8,19.99943738,14.26740912,0,0.0001603640786,0.3824646395,0,0,0,14.26740913
41.85,19.99944534,14.28653236,0,0.0001580945892,0.3824650302,0,0,0,14.28653237
41.9,19.99945319,14.30565563,0,0.0001558572248,0.3824654166,0,0,0,14.30565564
41.95,19.99946093,14.32477891,0,0.0001536515306,0.3824657988,0,0,0,14.32477892
42,19.99946856,14.3439022,0,0.0001514770582,0.3824661767,0,0,0,14.34390221
42.05,19.99947608,14.36302552,0,0.0001493333652,0.3824665504,0,0,0,14.36302553
42.1,19.99948349,14.38214886,0,0.000147220016,0.38246692,0,0,0,14.38214887
42.15,19.9994908,14.40127222,0,0.0001451365808,0.3824672855,0,0,0,14.40127222
42.2,19.99949801,14.42039559,0,0.000143082636,0.382467647,0,0,0,14.4203956
42.25,19.99950511,14.43951898,0,0.000141057764,0.3824680045,0,0,0,14.43951899
42.3,19.99951211,14.45864239,0,0.0001390615532,0.382468358,0,0,0,14.4586424
42.35,19.99951902,14.47776582,0,0.0001370935976,0.3824687077,0,0,0,14.47776582
42.4,19.99952582,14.49688926,0,0.0001351534973,0.3824690534,0,0,0,14.49688927
42.45,19.99953253,14.51601272,0,0.0001332408577,0.3824693954,0,0,0,14.51601273
42.5,19.99953915,14.5351362,0,0.0001313552901,0.3824697336,0,0,0,14.53513621
42.55,19.99954567,14.55425969,0,0.0001294964111,0.382470068,0,0,0,14.5542597
42.6,19.9995521,14.57338321,0,0.0001276638428,0.3824703987,0,0,0,14.57338321
42.65,19.99955843,14.59250673,0,0.0001258572127,0.3824707258,0,0,0,14.59250674
42.7,19.99956468,14.61163028,0,0.0001240761536,0.3824710493,0,0,0,14.61163028
42.75,19.99957084,14.63075384,0,0.0001223203033,0.3824713692,0,0,0,14.63075385
42.8,19.99957692,14.64987742,0,0.000120589305,0.3824716855,0,0,0,14.64987742
42.85,19.9995829,14.66900101,0,0.0001188828067,0.3824719984,0,0,0,14.66900101
42.9,19.9995888,14.68812461,0,0.0001172004617,0.3824723078,0,0,0,14.68812462
42.95,19.99959462,14.70724824,0,0.0001155419279,0.3824726138,0,0,0,14.70724824
43,19.99960036,14.72637188,0,0.0001139068682,0.3824729164,0,0,0,14.72637188
43.05,19.99960601,14.74549553,0,0.0001122949503,0.3824732157,0,0,0,14.74549553
43.1,19.99961159,14.7646192,0,0.0001107058465,0.3824735116,0,0,0,14.7646192
43.15,19.99961708,14.78374288,0,0.0001091392338,0.3824738043,0,0,0,14.78374289
43.2,19.9996225,14.80286658,0,0.0001075947938,0.3824740938,0,0,0,14.80286658
43.25,19.99962784,14.82199029,0,0.0001060722127,0.38247438,0,0,0,14.82199029
43.3,19.99963311,14.84111402,0,0.0001045711808,0.3824746631,0,0,0,14.84111402
43.35,19.9996383,14.86023776,0,0.0001030913932,0.3824749431,0,0,0,14.86023776
43.4,19.99964342,14.87936151,0,0.0001016325491,0.3824752199,0,0,0,14.87936151
43.45,19.99964847,14.89848528,0,0.000100194352,0.3824754937,0,0,0,14.89848528
43.5,19.99965344,14.91760906,0,9.877650953e-05,0.3824757645,0,0,0,14.91760906
43.55,19.99965834,14.93673285,0,9.737873363e-05,0.3824760323,0,0,0,14.93673286
43.6,19.99966318,14.95585666,0,9.600074019e-05,0.3824762972,0,0,0,14.95585667
43.65,19.99966794,14.97498048,0,9.464224916e-05,0.3824765591,0,0,0,14.97498049
43.7,19.99967264,14.99410432,0,9.330298444e-05,0.3824768181,0,0,0,14.99410432
43.75,19.99967727,15.01322817,0,9.198267387e-05,0.3824770742,0,0,0,15.01322817
43.8,19.99968184,15.03235203,0,9.068104912e-05,0.3824773275,0,0,0,15.03235203
43.85,19.99968634,15.0514759,0,8.939784568e-05,0.3824775781,0,0,0,15.0514759
43.9,19.99969078,15.07059978,0,8.813280276e-05,0.3824778258,0,0,0,15.07059979
43.95,19.99969516,15.08972368,0,8.688566329e-05,0.3824780708,0,0,0,15.08972368
44,19.99969947,15.10884759,0,8.565617384e-05,0.3824783131,0,0,0,15.10884759
44.05,19.99970372,15.12797151,0,8.444408454e-05,0.3824785528,0,0,0,15.12797152
44.1,19.99970791,15.14709545,0,8.324914909e-05,0.3824787898,0,0,0,15.14709545
44.15,19.99971205,15.16621939,0,8.207112467e-05,0.3824790241,0,0,0,15.16621939
44.2,19.99971612,15.18534335,0,8.090977189e-05,0.3824792559,0,0,0,15.18534335
44.25,19.99972014,15.20446732,0,7.976485475e-05,0.3824794851,0,0,0,15.20446732
44.3,19.9997241,15.2235913,0,7.863614062e-05,0.3824797118,0,0,0,15.2235913
44.35,19.999728,15.24271529,0,7.752340012e-05,0.382479936,0,0,0,15.24271529
44.4,19.99973185,15.26183929,0,7.642640715e-05,0.3824801577,0,0,0,15.26183929
44.45,19.99973565,15.2809633,0,7.53449388e-05,0.3824803769,0,0,0,15.28096331
44.5,19.99973939,15.30008733,0,7.427877533e-05,0.3824805938,0,0,0,15.30008733
44.55,19.99974307,15.31921136,0,7.322770009e-05,0.3824808082,0,0,0,15.31921137
44.6,19.99974671,15.33833541,0,7.219149951e-05,0.3824810202,0,0,0,15.33833541
44.65,19.99975029,15.35745947,0,7.116996305e-05,0.38248123,0,0,0,15.35745947
44.7,19.99975383,15.37658353,0,7.016288314e-05,0.3824814374,0,0,0,15.37658353
44.75,19.99975731,15.39570761,0,6.917005515e-05,0.3824816425,0,0,0,15.39570761
44.8,19.99976074,15.4148317,0,6.819127736e-05,0.3824818453,0,0,0,15.4148317
44.85,19.99976413,15.43395579,0,6.722635089e-05,0.3824820459,0,0,0,15.4339558
44.9,19.99976747,15.4530799,0,6.627507969e-05,0.3824822443,0,0,0,15.4530799
44.95,19.99977076,15.47220402,0,6.533727048e-05,0.3824824405,0,0,0,15.47220402
45,19.999774,15.49132814,0,6.441273271e-05,0.3824826345,0,0,0,15.49132815
45.05,19.9997772,15.51045228,0,6.350127855e-05,0.3824828264,0,0,0,15.51045228
45.1,19.99978035,15.52957643,0,6.260272279e-05,0.3824830162,0,0,0,15.52957643
45.15,19.99978346,15.54870058,0,6.171688289e-05,0.3824832038,0,0,0,15.54870058
45.2,19.99978652,15.56782475,0,6.084357886e-05,0.3824833894,0,0,0,15.56782475
45.25,19.99978954,15.58694892,0,5.998263327e-05,0.382483573,0,0,0,15.58694892
45.3,19.99979252,15.6060731,0,5.91338712e-05,0.3824837545,0,0,0,15.60607311
45.35,19.99979546,15.6251973,0,5.829712022e-05,0.382483934,0,0,0,15.6251973
45.4,19.99979835,15.6443215,0,5.747221032e-05,0.3824841115,0,0,0,15.6443215
45.45,19.9998012,15.66344571,0,5.66589739e-05,0.3824842871,0,0,0,15.66344571
45.5,19.99980402,15.68256993,0,5.585724576e-05,0.3824844607,0,0,0,15.68256993
45.55,19.99980679,15.70169415,0,5.5066863e-05,0.3824846324,0,0,0,15.70169416
45.6,19.99980952,15.72081839,0,5.428766505e-05,0.3824848022,0,0,0,15.72081839
45.65,19.99981222,15.73994263,0,5.351949361e-05,0.3824849701,0,0,0,15.73994264
45.7,19.99981488,15.75906689,0,5.276219262e-05,0.3824851362,0,0,0,15.75906689
45.75,19.9998175,15.77819115,0,5.201560823e-05,0.3824853004,0,0,0,15.77819115
45.8,19.99982008,15.79731542,0,5.127958876e-05,0.3824854629,0,0,0,15.79731542
45.85,19.99982262,15.81643969,0,5.055398469e-05,0.3824856235,0,0,0,15.8164397
45.9,19.99982513,15.83556398,0,4.983864862e-05,0.3824857824,0,0,0,15.83556398
45.95,19.99982761,15.85468827,0,4.913343521e-05,0.3824859395,0,0,0,15.85468827
46,19.99983005,15.87381257,0,4.84382012e-05,0.3824860948,0,0,0,15.87381257
46.05,19.99983245,15.89293688,0,4.775280536e-05,0.3824862485,0,0,0,15.89293688
46.1,19.99983482,15.9120612,0,4.707710844e-05,0.3824864004,0,0,0,15.9120612
46.15,19.99983716,15.93118552,0,4.641097319e-05,0.3824865507,0,0,0,15.93118552
46.2,19.99983946,15.95030985,0,4.575426428e-05,0.3824866993,0,0,0,15.95030985
46.25,19.99984174,15.96943419,0,4.51068483e-05,0.3824868463,0,0,0,15.96943419
46.3,19.99984397,15.98855854,0,4.446859374e-05,0.3824869916,0,0,0,15.98855854
46.35,19.99984618,16.00768289,0,4.383937093e-05,0.3824871353,0,0,0,16.00768289
46.4,19.99984836,16.02680725,0,4.321905206e-05,0.3824872775,0,0,0,16.02680725
46.45,19.9998505,16.04593162,0,4.260751111e-05,0.3824874181,0,0,0,16.04593162
46.5,19.99985262,16.06505599,0,4.200462386e-05,0.3824875571,0,0,0,16.06505599
46.55,19.99985471,16.08418037,0,4.141026783e-05,0.3824876946,0,0,0,16.08418038
46.6,19.99985676,16.10330476,0,4.08243223e-05,0.3824878306,0,0,0,16.10330476
46.65,19.99985879,16.12242916,0,4.024666822e-05,0.382487965,0,0,0,16.12242916
46.7,19.99986079,16.14155356,0,3.967718826e-05,0.382488098,0,0,0,16.14155356
46.75,19.99986276,16.16067797,0,3.911576675e-05,0.3824882295,0,0,0,16.16067797
46.8,19.9998647,16.17980238,0,3.856228963e-05,0.3824883596,0,0,0,16.17980238
46.85,19.99986661,16.1989268,0,3.801664447e-05,0.3824884882,0,0,0,16.1989268
46.9,19.9998685,16.21805123,0,3.747872044e-05,0.3824886154,0,0,0,16.21805123
46.95,19.99987036,16.23717566,0,3.694840828e-05,0.3824887412,0,0,0,16.23717567
47,19.99987219,16.2563001,0,3.642560025e-05,0.3824888656,0,0,0,16.25630011
47.05,19.999874,16.27542455,0,3.591019015e-05,0.3824889886,0,0,0,16.27542455
47.1,19.99987579,16.294549,0,3.540207331e-05,0.3824891103,0,0,0,16.294549
47.15,19.99987754,16.31367346,0,3.49011465e-05,0.3824892306,0,0,0,16.31367346
47.2,19.99987928,16.33279793,0,3.440730796e-05,0.3824893496,0,0,0,16.33279793
47.25,19.99988098,16.3519224,0,3.39204574e-05,0.3824894673,0,0,0,16.3519224
47.3,19.99988267,16.37104687,0,3.344049592e-05,0.3824895837,0,0,0,16.37104687
47.35,19.99988433,16.39017136,0,3.296732602e-05,0.3824896988,0,0,0,16.39017136
47.4,19.99988596,16.40929584,0,3.25008516e-05,0.3824898126,0,0,0,16.40929584
47.45,19.99988758,16.42842034,0,3.204097791e-05,0.3824899252,0,0,0,16.42842034
47.5,19.99988917,16.44754484,0,3.158761152e-05,0.3824900365,0,0,0,16.44754484
47.55,19.99989074,16.46666934,0,3.114066037e-05,0.3824901466,0,0,0,16.46666934
47.6,19.99989228,16.48579385,0,3.070003365e-05,0.3824902555,0,0,0,16.48579385
47.65,19.99989381,16.50491837,0,3.026564188e-05,0.3824903631,0,0,0,16.50491837
47.7,19.99989531,16.52404289,0,2.983739681e-05,0.3824904696,0,0,0,16.52404289
47.75,19.99989679,16.54316741,0,2.941521147e-05,0.3824905749,0,0,0,16.54316741
47.8,19.99989825,16.56229194,0,2.89990001e-05,0.3824906791,0,0,0,16.56229194
47.85,19.99989969,16.58141648,0,2.858867817e-05,0.3824907821,0,0,0,16.58141648
47.9,19.99990111,16.60054102,0,2.818416232e-05,0.3824908839,0,0,0,16.60054102
47.95,19.99990251,16.61966557,0,2.77853704e-05,0.3824909847,0,0,0,16.61966557
48,19.99990389,16.63879012,0,2.73922214e-05,0.3824910843,0,0,0,16.63879012
48.05,19.99990525,16.65791468,0,2.700463548e-05,0.3824911828,0,0,0,16.65791468
48.1,19.99990659,16.67703924,0,2.66225339e-05,0.3824912802,0,0,0,16.67703924
48.15,19.99990791,16.69616381,0,2.624583907e-05,0.3824913766,0,0,0,16.69616381
48.2,19.99990921,16.71528838,0,2.587447446e-05,0.3824914718,0,0,0,16.71528838
48.25,19.9999105,16.73441295,0,2.550836465e-05,0.3824915661,0,0,0,16.73441295
48.3,19.99991176,16.75353753,0,2.514743529e-05,0.3824916593,0,0,0,16.75353753
48.35,19.99991301,16.77266212,0,2.479161305e-05,0.3824917514,0,0,0,16.77266212
48.4,19.99991424,16.79178671,0,2.444082567e-05,0.3824918426,0,0,0,16.79178671
48.45,19.99991546,16.8109113,0,2.409500191e-05,0.3824919327,0,0,0,16.8109113
48.5,19.99991665,16.8300359,0,2.375407152e-05,0.3824920219,0,0,0,16.8300359
48.55,19.99991783,16.8491605,0,2.341796526e-05,0.38249211,0,0,0,16.84916051
48.6,19.999919,16.86828511,0,2.308661486e-05,0.3824921972,0,0,0,16.86828511
48.65,19.99992014,16.88740972,0,2.275995302e-05,0.3824922834,0,0,0,16.88740972
48.7,19.99992127,16.90653434,0,2.24379134e-05,0.3824923687,0,0,0,16.90653434
48.75,19.99992239,16.92565896,0,2.212043059e-05,0.382492453,0,0,0,16.92565896
48.8,19.99992348,16.94478359,0,2.180744011e-05,0.3824925364,0,0,0,16.94478359
48.85,19.99992457,16.96390822,0,2.149887838e-05,0.3824926189,0,0,0,16.96390822
48.9,19.99992563,16.98303285,0,2.119468274e-05,0.3824927004,0,0,0,16.98303285
48.95,19.99992669,17.00215749,0,2.089479141e-05,0.3824927811,0,0,0,17.00215749
49,19.99992772,17.02128213,0,2.059914347e-05,0.3824928608,0,0,0,17.02128213
49.05,19.99992875,17.04040677,0,2.030767888e-05,0.3824929397,0,0,0,17.04040677
49.1,19.99992975,17.05953142,0,2.002033844e-05,0.3824930177,0,0,0,17.05953142
49.15,19.99993075,17.07865607,0,1.97370638e-05,0.3824930949,0,0,0,17.07865607
49.2,19.99993173,17.09778073,0,1.945779741e-05,0.3824931712,0,0,0,17.09778073
49.25,19.99993269,17.11690539,0,1.918248257e-05,0.3824932466,0,0,0,17.11690539
49.3,19.99993365,17.13603005,0,1.891106335e-05,0.3824933213,0,0,0,17.13603005
49.35,19.99993459,17.15515472,0,1.864348464e-05,0.3824933951,0,0,0,17.15515472
49.4,19.99993551,17.17427939,0,1.837969208e-05,0.382493468,0,0,0,17.17427939
49.45,19.99993642,17.19340407,0,1.811963209e-05,0.3824935402,0,0,0,17.19340407
49.5,19.99993732,17.21252875,0,1.786325188e-05,0.3824936116,0,0,0,17.21252875
49.55,19.99993821,17.23165343,0,1.761049935e-05,0.3824936822,0,0,0,17.23165343
49.6,19.99993908,17.25077812,0,1.736132318e-05,0.382493752,0,0,0,17.25077812
49.65,19.99993995,17.26990281,0,1.711567276e-05,0.382493821,0,0,0,17.26990281
49.7,19.9999408,17.2890275,0,1.687349821e-05,0.3824938893,0,0,0,17.2890275
49.75,19.99994163,17.30815219,0,1.663475034e-05,0.3824939568,0,0,0,17.30815219
49.8,19.99994246,17.32727689,0,1.639938065e-05,0.3824940236,0,0,0,17.32727689
49.85,19.99994327,17.3464016,0,1.616734135e-05,0.3824940896,0,0,0,17.3464016
49.9,19.99994408,17.3655263,0,1.593858531e-05,0.382494155,0,0,0,17.3655263
49.95,19.99994487,17.38465101,0,1.571306607e-05,0.3824942195,0,0,0,17.38465101
50,19.99994565,17.40377572,0,1.549073784e-05,0.3824942834,0,0,0,17.40377572
50.05,19.99994642,17.42290044,0,1.527155545e-05,0.3824943466,0,0,0,17.42290044
50.1,19.99994717,17.44202516,0,1.505547439e-05,0.382494409,0,0,0,17.44202516
50.15,19.99994792,17.46114988,0,1.484245079e-05,0.3824944708,0,0,0,17.46114988
50.2,19.99994866,17.48027461,0,1.463244137e-05,0.3824945319,0,0,0,17.48027461
50.25,19.99994939,17.49939933,0,1.442540348e-05,0.3824945923,0,0,0,17.49939933
50.3,19.9999501,17.51852407,0,1.422129508e-05,0.3824946521,0,0,0,17.51852407
50.35,19.99995081,17.5376488,0,1.402007472e-05,0.3824947112,0,0,0,17.5376488
50.4,19.9999515,17.55677354,0,1.382170152e-05,0.3824947696,0,0,0,17.55677354
50.45,19.99995219,17.57589828,0,1.362613521e-05,0.3824948274,0,0,0,17.57589828
50.5,19.99995287,17.59502302,0,1.343333606e-05,0.3824948846,0,0,0,17.59502302
50.55,19.99995353,17.61414777,0,1.324326491e-05,0.3824949411,0,0,0,17.61414777
50.6,19.99995419,17.63327251,0,1.305588318e-05,0.382494997,0,0,0,17.63327251
50.65,19.99995484,17.65239726,0,1.287115279e-05,0.3824950523,0,0,0,17.65239726
50.7,19.99995548,17.67152202,0,1.268903624e-05,0.3824951069,0,0,0,17.67152202
50.75,19.99995611,17.69064678,0,1.250949654e-05,0.382495161,0,0,0,17.69064678
50.8,19.99995673,17.70977153,0,1.233249723e-05,0.3824952145,0,0,0,17.70977153
50.85,19.99995734,17.7288963,0,1.215800236e-05,0.3824952674,0,0,0,17.7288963
50.9,19.99995794,17.74802106,0,1.198597649e-05,0.3824953197,0,0,0,17.74802106
50.95,19.99995854,17.76714583,0,1.181638468e-05,0.3824953714,0,0,0,17.76714583
51,19.99995913,17.7862706,0,1.164919251e-05,0.3824954225,0,0,0,17.7862706
51.05,19.9999597,17.80539537,0,1.1484366e-05,0.3824954731,0,0,0,17.80539537
51.1,19.99996027,17.82452015,0,1.132187169e-05,0.3824955231,0,0,0,17.82452015
51.15,19.99996084,17.84364492,0,1.116167658e-05,0.3824955726,0,0,0,17.84364492
51.2,19.99996139,17.8627697,0,1.100374813e-05,0.3824956215,0,0,0,17.8627697
51.25,19.99996194,17.88189449,0,1.084805427e-05,0.3824956699,0,0,0,17.88189449
51.3,19.99996248,17.90101927,0,1.069456339e-05,0.3824957177,0,0,0,17.90101927
51.35,19.99996301,17.92014406,0,1.05432443e-05,0.382495765,0,0,0,17.92014406
51.4,19.99996353,17.93926885,0,1.039406628e-05,0.3824958118,0,0,0,17.93926885
51.45,19.99996405,17.95839364,0,1.024699904e-05,0.3824958581,0,0,0,17.95839364
51.5,19.99996455,17.97751843,0,1.01020127e-05,0.3824959039,0,0,0,17.97751843
51.55,19.99996506,17.99664323,0,9.959077828e-06,0.3824959491,0,0,0,17.99664323
51.6,19.99996555,18.01576803,0,9.818165388e-06,0.3824959939,0,0,0,18.01576803
51.65,19.99996604,18.03489283,0,9.679246766e-06,0.3824960382,0,0,0,18.03489283
51.7,19.99996652,18.05401763,0,9.54229375e-06,0.3824960819,0,0,0,18.05401763
51.75,19.99996699,18.07314244,0,9.407278527e-06,0.3824961252,0,0,0,18.07314244
51.8,19.99996746,18.09226724,0,9.274173678e-06,0.3824961681,0,0,0,18.09226724
51.85,19.99996792,18.11139205,0,9.142952171e-06,0.3824962104,0,0,0,18.11139205
51.9,19.99996837,18.13051686,0,9.013587359e-06,0.3824962523,0,0,0,18.13051686
51.95,19.99996882,18.14964168,0,8.886052969e-06,0.3824962937,0,0,0,18.14964168
52,19.99996926,18.16876649,0,8.760323101e-06,0.3824963346,0,0,0,18.16876649
52.05,19.9999697,18.18789131,0,8.636372223e-06,0.3824963751,0,0,0,18.18789131
52.1,19.99997013,18.20701613,0,8.514175162e-06,0.3824964152,0,0,0,18.20701613
52.15,19.99997055,18.22614095,0,8.393707102e-06,0.3824964548,0,0,0,18.22614095
52.2,19.99997097,18.24526578,0,8.274943579e-06,0.382496494,0,0,0,18.24526578
52.25,19.99997138,18.2643906,0,8.157860473e-06,0.3824965327,0,0,0,18.2643906
52.3,19.99997178,18.28351543,0,8.042434009e-06,0.382496571,0,0,0,18.28351543
52.35,19.99997218,18.30264026,0,7.928640745e-06,0.3824966089,0,0,0,18.30264026
52.4,19.99997257,18.32176509,0,7.816457571e-06,0.3824966464,0,0,0,18.32176509
52.45,19.99997296,18.34088992,0,7.705861706e-06,0.3824966834,0,0,0,18.34088992
52.5,19.99997334,18.36001476,0,7.596830691e-06,0.3824967201,0,0,0,18.36001476
52.55,19.99997372,18.3791396,0,7.489342382e-06,0.3824967563,0,0,0,18.3791396
52.6,19.99997409,18.39826444,0,7.383374952e-06,0.3824967922,0,0,0,18.39826444
52.65,19.99997446,18.41738928,0,7.278906881e-06,0.3824968276,0,0,0,18.41738928
52.7,19.99997482,18.43651412,0,7.175916954e-06,0.3824968627,0,0,0,18.43651412
52.75,19.99997518,18.45563896,0,7.074384255e-06,0.3824968973,0,0,0,18.45563896
52.8,19.99997553,18.47476381,0,6.974288165e-06,0.3824969316,0,0,0,18.47476381
52.85,19.99997588,18.49388866,0,6.875608358e-06,0.3824969655,0,0,0,18.49388866
52.9,19.99997622,18.5130135,0,6.778324793e-06,0.3824969991,0,0,0,18.5130135
52.95,19.99997655,18.53213836,0,6.682417715e-06,0.3824970322,0,0,0,18.53213836
53,19.99997688,18.55126321,0,6.587867646e-06,0.382497065,0,0,0,18.55126321
53.05,19.99997721,18.57038806,0,6.494655387e-06,0.3824970974,0,0,0,18.57038806
53.1,19.99997753,18.58951292,0,6.402762006e-06,0.3824971295,0,0,0,18.58951292
53.15,19.99997785,18.60863777,0,6.312168844e-06,0.3824971612,0,0,0,18.60863777
53.2,19.99997817,18.62776263,0,6.222857503e-06,0.3824971926,0,0,0,18.62776263
53.25,19.99997847,18.64688749,0,6.134809845e-06,0.3824972236,0,0,0,18.64688749
53.3,19.99997878,18.66601236,0,6.048007991e-06,0.3824972543,0,0,0,18.66601236
53.35,19.99997908,18.68513722,0,5.962434312e-06,0.3824972846,0,0,0,18.68513722
53.4,19.99997938,18.70426208,0,5.878071432e-06,0.3824973146,0,0,0,18.70426208
53.45,19.99997967,18.72338695,0,5.794902217e-06,0.3824973443,0,0,0,18.72338695
53.5,19.99997995,18.74251182,0,5.712909778e-06,0.3824973737,0,0,0,18.74251182
53.55,19.99998024,18.76163669,0,5.632077464e-06,0.3824974027,0,0,0,18.76163669
53.6,19.99998052,18.78076156,0,5.552388861e-06,0.3824974314,0,0,0,18.78076156
53.65,19.99998079,18.79988643,0,5.473827786e-06,0.3824974598,0,0,0,18.79988643
53.7,19.99998107,18.8190113,0,5.396378284e-06,0.3824974878,0,0,0,18.8190113
53.75,19.99998133,18.83813618,0,5.320024628e-06,0.3824975156,0,0,0,18.83813618
53.8,19.9999816,18.85726106,0,5.244751312e-06,0.382497543,0,0,0,18.85726106
53.85,19.99998186,18.87638593,0,5.17054305e-06,0.3824975702,0,0,0,18.87638593
53.9,19.99998211,18.89551081,0,5.097384772e-06,0.382497597,0,0,0,18.89551081
53.95,19.99998237,18.91463569,0,5.025261622e-06,0.3824976236,0,0,0,18.91463569
54,19.99998262,18.93376058,0,4.954158953e-06,0.3824976498,0,0,0,18.93376058
54.05,19.99998286,18.95288546,0,4.884062326e-06,0.3824976758,0,0,0,18.95288546
54.1,19.99998311,18.97201034,0,4.814957506e-06,0.3824977015,0,0,0,18.97201034
54.15,19.99998334,18.99113523,0,4.74683046e-06,0.3824977269,0,0,0,18.99113523
54.2,19.99998358,19.01026012,0,4.679667353e-06,0.382497752,0,0,0,19.01026012
54.25,19.99998381,19.029385,0,4.613454546e-06,0.3824977768,0,0,0,19.029385
54.3,19.99998404,19.04850989,0,4.548178592e-06,0.3824978014,0,0,0,19.04850989
54.35,19.99998427,19.06763478,0,4.483826237e-06,0.3824978257,0,0,0,19.06763478
54.4,19.99998449,19.08675968,0,4.420384411e-06,0.3824978497,0,0,0,19.08675968
54.45,19.99998471,19.10588457,0,4.357840231e-06,0.3824978735,0,0,0,19.10588457
54.5,19.99998493,19.12500946,0,4.296180997e-06,0.382497897,0,0,0,19.12500946
54.55,19.99998514,19.14413436,0,4.235394186e-06,0.3824979202,0,0,0,19.14413436
54.6,19.99998535,19.16325926,0,4.175467455e-06,0.3824979432,0,0,0,19.16325926
54.65,19.99998556,19.18238415,0,4.116388635e-06,0.3824979659,0,0,0,19.18238415
54.7,19.99998576,19.20150905,0,4.058145727e-06,0.3824979884,0,0,0,19.20150905
54.75,19.99998596,19.22063395,0,4.000726905e-06,0.3824980106,0,0,0,19.22063395
54.8,19.99998616,19.23975885,0,3.944120507e-06,0.3824980326,0,0,0,19.23975885
54.85,19.99998636,19.25888376,0,3.88831504e-06,0.3824980544,0,0,0,19.25888376
54.9,19.99998655,19.27800866,0,3.83329917e-06,0.3824980759,0,0,0,19.27800866
54.95,19.99998674,19.29713356,0,3.779061725e-06,0.3824980971,0,0,0,19.29713356
55,19.99998693,19.31625847,0,3.725591691e-06,0.3824981181,0,0,0,19.31625847
55.05,19.99998711,19.33538337,0,3.67287821e-06,0.3824981389,0,0,0,19.33538337
55.1,19.9999873,19.35450828,0,3.620910577e-06,0.3824981595,0,0,0,19.35450828
55.15,19.99998747,19.37363319,0,3.569678238e-06,0.3824981798,0,0,0,19.37363319
55.2,19.99998765,19.3927581,0,3.519170791e-06,0.3824981999,0,0,0,19.3927581
55.25,19.99998783,19.41188301,0,3.469377978e-06,0.3824982198,0,0,0,19.41188301
55.3,19.999988,19.43100792,0,3.420289688e-06,0.3824982395,0,0,0,19.43100792
55.35,19.99998817,19.45013283,0,3.371895952e-06,0.382498259,0,0,0,19.45013283
55.4,19.99998834,19.46925775,0,3.324186944e-06,0.3824982782,0,0,0,19.46925775
55.45,19.9999885,19.48838266,0,3.277152974e-06,0.3824982972,0,0,0,19.48838266
55.5,19.99998866,19.50750758,0,3.230784491e-06,0.382498316,0,0,0,19.50750758
55.55,19.99998882,19.52663249,0,3.185072079e-06,0.3824983346,0,0,0,19.52663249
55.6,19.99998898,19.54575741,0,3.140006456e-06,0.382498353,0,0,0,19.54575741
55.65,19.99998914,19.56488233,0,3.09557847e-06,0.3824983712,0,0,0,19.56488233
55.7,19.99998929,19.58400725,0,3.051779098e-06,0.3824983892,0,0,0,19.58400725
55.75,19.99998944,19.60313217,0,3.008599447e-06,0.382498407,0,0,0,19.60313217
55.8,19.99998959,19.62225709,0,2.966030748e-06,0.3824984246,0,0,0,19.62225709
55.85,19.99998974,19.64138201,0,2.924064356e-06,0.382498442,0,0,0,19.64138201
55.9,19.99998989,19.66050693,0,2.88269175e-06,0.3824984593,0,0,0,19.66050693
55.95,19.99999003,19.67963186,0,2.841904526e-06,0.3824984763,0,0,0,19.67963186
56,19.99999017,19.69875678,0,2.801694404e-06,0.3824984931,0,0,0,19.69875678
56.05,19.99999031,19.71788171,0,2.762053218e-06,0.3824985098,0,0,0,19.71788171
56.1,19.99999045,19.73700663,0,2.722972917e-06,0.3824985262,0,0,0,19.73700663
56.15,19.99999058,19.75613156,0,2.684445565e-06,0.3824985425,0,0,0,19.75613156
56.2,19.99999071,19.77525649,0,2.646463339e-06,0.3824985586,0,0,0,19.77525649
56.25,19.99999085,19.79438141,0,2.609018525e-06,0.3824985746,0,0,0,19.79438141
56.3,19.99999098,19.81350634,0,2.57210352e-06,0.3824985903,0,0,0,19.81350634
56.35,19.9999911,19.83263127,0,2.535710828e-06,0.3824986059,0,0,0,19.83263127
56.4,19.99999123,19.8517562,0,2.499833057e-06,0.3824986213,0,0,0,19.8517562
56.45,19.99999135,19.87088114,0,2.464462923e-06,0.3824986365,0,0,0,19.87088114
56.5,19.99999148,19.89000607,0,2.429593243e-06,0.3824986516,0,0,0,19.89000607
56.55,19.9999916,19.909131,0,2.395216935e-06,0.3824986665,0,0,0,19.909131
56.6,19.99999171,19.92825593,0,2.361327019e-06,0.3824986812,0,0,0,19.92825593
56.65,19.99999183,19.94738087,0,2.327916613e-06,0.3824986958,0,0,0,19.94738087
56.7,19.99999195,19.9665058,0,2.294978932e-06,0.3824987102,0,0,0,19.9665058
56.75,19.99999206,19.98563074,0,2.262507288e-06,0.3824987245,0,0,0,19.98563074
56.8,19.99999217,20.00475568,0,2.230495086e-06,0.3824987386,0,0,0,20.00475568
56.85,19.99999228,20.02388061,0,2.198935826e-06,0.3824987525,0,0,0,20.02388061
56.9,19.99999239,20.04300555,0,2.167823099e-06,0.3824987663,0,0,0,20.04300555
56.95,19.9999925,20.06213049,0,2.137150588e-06,0.3824987799,0,0,0,20.06213049
57,19.99999261,20.08125543,0,2.106912062e-06,0.3824987934,0,0,0,20.08125543
57.05,19.99999271,20.10038037,0,2.077101383e-06,0.3824988067,0,0,0,20.10038037
57.1,19.99999282,20.11950531,0,2.047712496e-06,0.3824988199,0,0,0,20.11950531
57.15,19.99999292,20.13863025,0,2.018739433e-06,0.3824988329,0,0,0,20.13863025
57.2,19.99999302,20.15775519,0,1.990176311e-06,0.3824988458,0,0,0,20.15775519
57.25,19.99999312,20.17688014,0,1.962017329e-06,0.3824988586,0,0,0,20.17688014
57.3,19.99999321,20.19600508,0,1.93425677e-06,0.3824988712,0,0,0,20.19600508
57.35,19.99999331,20.21513002,0,1.906888995e-06,0.3824988837,0,0,0,20.21513002
57.4,19.9999934,20.23425497,0,1.879908448e-06,0.382498896,0,0,0,20.23425497
57.45,19.9999935,20.25337991,0,1.853309649e-06,0.3824989082,0,0,0,20.25337991
57.5,19.99999359,20.27250486,0,1.827087197e-06,0.3824989203,0,0,0,20.27250486
57.55,19.99999368,20.29162981,0,1.801235767e-06,0.3824989322,0,0,0,20.29162981
57.6,19.99999377,20.31075475,0,1.77575011e-06,0.382498944,0,0,0,20.31075475
57.65,19.99999386,20.3298797,0,1.750625049e-06,0.3824989557,0,0,0,20.3298797
57.7,19.99999394,20.34900465,0,1.725855484e-06,0.3824989672,0,0,0,20.34900465
57.75,19.99999403,20.3681296,0,1.701436384e-06,0.3824989786,0,0,0,20.3681296
57.8,19.99999411,20.38725455,0,1.677362789e-06,0.3824989899,0,0,0,20.38725455
57.85,19.9999942,20.4063795,0,1.653629813e-06,0.3824990011,0,0,0,20.4063795
57.9,19.99999428,20.42550445,0,1.630232635e-06,0.3824990121,0,0,0,20.42550445
57.95,19.99999436,20.4446294,0,1.607166503e-06,0.382499023,0,0,0,20.4446294
58,19.99999444,20.46375435,0,1.584426735e-06,0.3824990338,0,0,0,20.46375435
58.05,19.99999452,20.4828793,0,1.562008712e-06,0.3824990445,0,0,0,20.4828793
58.1,19.9999946,20.50200425,0,1.539907882e-06,0.3824990551,0,0,0,20.50200425
58.15,19.99999467,20.52112921,0,1.518119757e-06,0.3824990655,0,0,0,20.52112921
58.2,19.99999475,20.54025416,0,1.496639912e-06,0.3824990758,0,0,0,20.54025416
58.25,19.99999482,20.55937911,0,1.475463986e-06,0.382499086,0,0,0,20.55937911
58.3,19.9999949,20.57850407,0,1.454587678e-06,0.3824990961,0,0,0,20.57850407
58.35,19.99999497,20.59762902,0,1.434006749e-06,0.3824991061,0,0,0,20.59762902
58.4,19.99999504,20.61675398,0,1.413717019e-06,0.382499116,0,0,0,20.61675398
58.45,19.99999511,20.63587893,0,1.39371437e-06,0.3824991258,0,0,0,20.63587893
58.5,19.99999518,20.65500389,0,1.373994737e-06,0.3824991354,0,0,0,20.65500389
58.55,19.99999525,20.67412885,0,1.354554118e-06,0.382499145,0,0,0,20.67412885
58.6,19.99999531,20.69325381,0,1.335388565e-06,0.3824991544,0,0,0,20.69325381
58.65,19.99999538,20.71237876,0,1.316494184e-06,0.3824991638,0,0,0,20.71237876
58.7,19.99999545,20.73150372,0,1.297867141e-06,0.382499173,0,0,0,20.73150372
58.75,19.99999551,20.75062868,0,1.279503651e-06,0.3824991821,0,0,0,20.75062868
58.8,19.99999557,20.76975364,0,1.261399987e-06,0.3824991912,0,0,0,20.76975364
58.85,19.99999564,20.7888786,0,1.243552471e-06,0.3824992001,0,0,0,20.7888786
58.9,19.9999957,20.80800356,0,1.22595748e-06,0.382499209,0,0,0,20.80800356
58.95,19.99999576,20.82712852,0,1.20861144e-06,0.3824992177,0,0,0,20.82712852
59,19.99999582,20.84625348,0,1.191510829e-06,0.3824992263,0,0,0,20.84625348
59.05,19.99999588,20.86537844,0,1.174652175e-06,0.3824992349,0,0,0,20.86537844
59.1,19.99999594,20.8845034,0,1.158032054e-06,0.3824992433,0,0,0,20.8845034
59.15,19.99999599,20.90362837,0,1.14164709e-06,0.3824992517,0,0,0,20.90362837
59.2,19.99999605,20.92275333,0,1.125493958e-06,0.38249926,0,0,0,20.92275333
59.25,19.99999611,20.94187829,0,1.109569376e-06,0.3824992682,0,0,0,20.94187829
59.3,19.99999616,20.96100326,0,1.093870111e-06,0.3824992762,0,0,0,20.96100326
59.35,19.99999622,20.98012822,0,1.078392975e-06,0.3824992842,0,0,0,20.98012822
59.4,19.99999627,20.99925319,0,1.063134824e-06,0.3824992921,0,0,0,20.99925319
59.45,19.99999632,21.01837815,0,1.048092561e-06,0.3824993,0,0,0,21.01837815
59.5,19.99999637,21.03750312,0,1.033263131e-06,0.3824993077,0,0,0,21.03750312
59.55,19.99999643,21.05662808,0,1.018643522e-06,0.3824993154,0,0,0,21.05662808
59.6,19.99999648,21.07575305,0,1.004230766e-06,0.3824993229,0,0,0,21.07575305
59.65,19.99999653,21.09487801,0,9.900219363e-07,0.3824993304,0,0,0,21.09487801
59.7,19.99999658,21.11400298,0,9.760141468e-07,0.3824993378,0,0,0,21.11400298
59.75,19.99999662,21.13312795,0,9.622045534e-07,0.3824993451,0,0,0,21.13312795
59.8,19.99999667,21.15225291,0,9.485903517e-07,0.3824993524,0,0,0,21.15225291
59.85,19.99999672,21.17137788,0,9.351687772e-07,0.3824993595,0,0,0,21.17137788
59.9,19.99999677,21.19050285,0,9.219371043e-07,0.3824993666,0,0,0,21.19050285
59.95,19.99999681,21.20962782,0,9.088926462e-07,0.3824993736,0,0,0,21.20962782
60,19.99999686,21.22875279,0,8.96032754e-07,0.3824993805,0,0,0,21.22875279
60.05,19.9999969,21.24787776,0,8.833548162e-07,0.3824993873,0,0,0,21.24787776
60.1,19.99999694,21.26700273,0,8.708562583e-07,0.3824993941,0,0,0,21.26700273
60.15,19.99999699,21.2861277,0,8.585345423e-07,0.3824994008,0,0,0,21.2861277
60.2,19.99999703,21.30525267,0,8.463871661e-07,0.3824994074,0,0,0,21.30525267
60.25,19.99999707,21.32437764,0,8.344116629e-07,0.382499414,0,0,0,21.32437764
60.3,19.99999711,21.34350261,0,8.226056008e-07,0.3824994205,0,0,0,21.34350261
60.35,19.99999715,21.36262758,0,8.109665826e-07,0.3824994269,0,0,0,21.36262758
60.4,19.99999719,21.38175255,0,7.994922446e-07,0.3824994332,0,0,0,21.38175255
60.45,19.99999723,21.40087752,0,7.881802567e-07,0.3824994395,0,0,0,21.40087752
60.5,19.99999727,21.42000249,0,7.77028322e-07,0.3824994457,0,0,0,21.42000249
60.55,19.99999731,21.43912747,0,7.660341758e-07,0.3824994518,0,0,0,21.43912747
60.6,19.99999735,21.45825244,0,7.551955855e-07,0.3824994578,0,0,0,21.45825244
60.65,19.99999739,21.47737741,0,7.445103502e-07,0.3824994638,0,0,0,21.47737741
60.7,19.99999742,21.49650239,0,7.339763001e-07,0.3824994697,0,0,0,21.49650239
60.75,19.99999746,21.51562736,0,7.23591296e-07,0.3824994756,0,0,0,21.51562736
60.8,19.9999975,21.53475233,0,7.133532291e-07,0.3824994814,0,0,0,21.53475233
60.85,19.99999753,21.55387731,0,7.032600205e-07,0.3824994871,0,0,0,21.55387731
60.9,19.99999757,21.57300228,0,6.933096203e-07,0.3824994928,0,0,0,21.57300228
60.95,19.9999976,21.59212726,0,6.835000082e-07,0.3824994984,0,0,0,21.59212726
61,19.99999764,21.61125223,0,6.73829192e-07,0.3824995039,0,0,0,21.61125223
61.05,19.99999767,21.63037721,0,6.64295208e-07,0.3824995094,0,0,0,21.63037721
61.1,19.9999977,21.64950218,0,6.548961201e-07,0.3824995148,0,0,0,21.64950218
61.15,19.99999773,21.66862716,0,6.456300196e-07,0.3824995202,0,0,0,21.66862716
61.2,19.99999777,21.68775214,0,6.36495025e-07,0.3824995255,0,0,0,21.68775214
61.25,19.9999978,21.70687711,0,6.274892812e-07,0.3824995308,0,0,0,21.70687711
61.3,19.99999783,21.72600209,0,6.186109594e-07,0.3824995359,0,0,0,21.72600209
61.35,19.99999786,21.74512707,0,6.098582568e-07,0.3824995411,0,0,0,21.74512707
61.4,19.99999789,21.76425204,0,6.012293959e-07,0.3824995461,0,0,0,21.76425204
61.45,19.99999792,21.78337702,0,5.927226245e-07,0.3824995512,0,0,0,21.78337702
61.5,19.99999795,21.802502,0,5.843362152e-07,0.3824995561,0,0,0,21.802502
61.55,19.99999798,21.82162698,0,5.76068465e-07,0.382499561,0,0,0,21.82162698
61.6,19.99999801,21.84075195,0,5.67917695e-07,0.3824995659,0,0,0,21.84075195
61.65,19.99999804,21.85987693,0,5.5988225e-07,0.3824995707,0,0,0,21.85987693
61.7,19.99999806,21.87900191,0,5.519604982e-07,0.3824995754,0,0,0,21.87900191
61.75,19.99999809,21.89812689,0,5.441508311e-07,0.3824995801,0,0,0,21.89812689
61.8,19.99999812,21.91725187,0,5.364516628e-07,0.3824995847,0,0,0,21.91725187
61.85,19.99999814,21.93637685,0,5.288614297e-07,0.3824995893,0,0,0,21.93637685
61.9,19.99999817,21.95550183,0,5.213785906e-07,0.3824995939,0,0,0,21.95550183
61.95,19.9999982,21.97462681,0,5.14001626e-07,0.3824995984,0,0,0,21.97462681
62,19.99999822,21.99375179,0,5.067290379e-07,0.3824996028,0,0,0,21.99375179
62.05,19.99999825,22.01287677,0,4.995593494e-07,0.3824996072,0,0,0,22.01287677
62.1,19.99999827,22.03200175,0,4.924911045e-07,0.3824996115,0,0,0,22.03200175
62.15,19.9999983,22.05112673,0,4.855228681e-07,0.3824996158,0,0,0,22.05112673
62.2,19.99999832,22.07025171,0,4.78653225e-07,0.3824996201,0,0,0,22.07025171
62.25,19.99999834,22.08937669,0,4.718807803e-07,0.3824996243,0,0,0,22.08937669
62.3,19.99999837,22.10850167,0,4.652041586e-07,0.3824996284,0,0,0,22.10850167
62.35,19.99999839,22.12762665,0,4.586220043e-07,0.3824996325,0,0,0,22.12762665
62.4,19.99999841,22.14675164,0,4.521329807e-07,0.3824996366,0,0,0,22.14675164
62.45,19.99999844,22.16587662,0,4.4573577e-07,0.3824996406,0,0,0,22.16587662
62.5,19.99999846,22.1850016,0,4.394290733e-07,0.3824996446,0,0,0,22.1850016
62.55,19.99999848,22.20412658,0,4.332116098e-07,0.3824996485,0,0,0,22.20412658
62.6,19.9999985,22.22325156,0,4.27082117e-07,0.3824996524,0,0,0,22.22325156
62.65,19.99999852,22.24237655,0,4.210393502e-07,0.3824996562,0,0,0,22.24237655
62.7,19.99999854,22.26150153,0,4.150820823e-07,0.38249966,0,0,0,22.26150153
62.75,19.99999856,22.28062651,0,4.092091036e-07,0.3824996638,0,0,0,22.28062651
62.8,19.99999858,22.2997515,0,4.034192214e-07,0.3824996675,0,0,0,22.2997515
62.85,19.9999986,22.31887648,0,3.977112601e-07,0.3824996712,0,0,0,22.31887648
62.9,19.99999862,22.33800146,0,3.920840605e-07,0.3824996748,0,0,0,22.33800146
62.95,19.99999864,22.35712645,0,3.8653648e-07,0.3824996784,0,0,0,22.35712645
63,19.99999866,22.37625143,0,3.81067392e-07,0.3824996819,0,0,0,22.37625143
63.05,19.99999868,22.39537642,0,3.756756859e-07,0.3824996855,0,0,0,22.39537642
63.1,19.9999987,22.4145014,0,3.703602669e-07,0.3824996889,0,0,0,22.4145014
63.15,19.99999872,22.43362638,0,3.651200556e-07,0.3824996924,0,0,0,22.43362638
63.2,19.99999874,22.45275137,0,3.599539878e-07,0.3824996958,0,0,0,22.45275137
63.25,19.99999875,22.47187635,0,3.548610145e-07,0.3824996991,0,0,0,22.47187635
63.3,19.99999877,22.49100134,0,3.498401015e-07,0.3824997025,0,0,0,22.49100134
63.35,19.99999879,22.51012632,0,3.448902292e-07,0.3824997057,0,0,0,22.51012632
63.4,19.99999881,22.52925131,0,3.400103925e-07,0.382499709,0,0,0,22.52925131
63.45,19.99999882,22.5483763,0,3.351996004e-07,0.3824997122,0,0,0,22.5483763
63.5,19.99999884,22.56750128,0,3.304568761e-07,0.3824997154,0,0,0,22.56750128
63.55,19.99999886,22.58662627,0,3.257812563e-07,0.3824997185,0,0,0,22.58662627
63.6,19.99999887,22.60575125,0,3.211717918e-07,0.3824997216,0,0,0,22.60575125
63.65,19.99999889,22.62487624,0,3.166275463e-07,0.3824997247,0,0,0,22.62487624
63.7,19.9999989,22.64400123,0,3.121475973e-07,0.3824997278,0,0,0,22.64400123
63.75,19.99999892,22.66312621,0,3.077310348e-07,0.3824997308,0,0,0,22.66312621
63.8,19.99999894,22.6822512,0,3.033769621e-07,0.3824997337,0,0,0,22.6822512
63.85,19.99999895,22.70137618,0,2.990844951e-07,0.3824997367,0,0,0,22.70137618
63.9,19.99999897,22.72050117,0,2.948527619e-07,0.3824997396,0,0,0,22.72050117
63.95,19.99999898,22.73962616,0,2.906809034e-07,0.3824997425,0,0,0,22.73962616
64,19.99999899,22.75875115,0,2.865680724e-07,0.3824997453,0,0,0,22.75875115
64.05,19.99999901,22.77787613,0,2.825134337e-07,0.3824997481,0,0,0,22.77787613
64.1,19.99999902,22.79700112,0,2.785161638e-07,0.3824997509,0,0,0,22.79700112
64.15,19.99999904,22.81612611,0,2.745754512e-07,0.3824997537,0,0,0,22.81612611
64.2,19.99999905,22.8352511,0,2.706904956e-07,0.3824997564,0,0,0,22.8352511
64.25,19.99999906,22.85437608,0,2.668605081e-07,0.3824997591,0,0,0,22.85437608
64.3,19.99999908,22.87350107,0,2.630847109e-07,0.3824997617,0,0,0,22.87350107
64.35,19.99999909,22.89262606,0,2.593623373e-07,0.3824997644,0,0,0,22.89262606
64.4,19.9999991,22.91175105,0,2.556926314e-07,0.382499767,0,0,0,22.91175105
64.45,19.99999912,22.93087604,0,2.52074848e-07,0.3824997696,0,0,0,22.93087604
64.5,19.99999913,22.95000103,0,2.485082525e-07,0.3824997721,0,0,0,22.95000103
64.55,19.99999914,22.96912601,0,2.449921206e-07,0.3824997746,0,0,0,22.96912601
64.6,19.99999915,22.988251,0,2.415257383e-07,0.3824997771,0,0,0,22.988251
64.65,19.99999916,23.00737599,0,2.381084018e-07,0.3824997796,0,0,0,23.00737599
64.7,19.99999918,23.02650098,0,2.347394169e-07,0.382499782,0,0,0,23.02650098
64.75,19.99999919,23.04562597,0,2.314180997e-07,0.3824997844,0,0,0,23.04562597
64.8,19.9999992,23.06475096,0,2.281437757e-07,0.3824997868,0,0,0,23.06475096
64.85,19.99999921,23.08387595,0,2.2491578e-07,0.3824997892,0,0,0,23.08387595
64.9,19.99999922,23.10300094,0,2.21733457e-07,0.3824997915,0,0,0,23.10300094
64.95,19.99999923,23.12212593,0,2.185961606e-07,0.3824997938,0,0,0,23.12212593
65,19.99999924,23.14125092,0,2.155032537e-07,0.3824997961,0,0,0,23.14125092
65.05,19.99999925,23.16037591,0,2.124541081e-07,0.3824997983,0,0,0,23.16037591
65.1,19.99999927,23.1795009,0,2.094481048e-07,0.3824998005,0,0,0,23.1795009
65.15,19.99999928,23.19862589,0,2.064846334e-07,0.3824998028,0,0,0,23.19862589
65.2,19.99999929,23.21775088,0,2.035630919e-07,0.3824998049,0,0,0,23.21775088
65.25,19.9999993,23.23687587,0,2.006828872e-07,0.3824998071,0,0,0,23.23687587
65.3,19.99999931,23.25600086,0,1.978434344e-07,0.3824998092,0,0,0,23.25600086
65.35,19.99999932,23.27512585,0,1.950441569e-07,0.3824998113,0,0,0,23.27512585
65.4,19.99999933,23.29425084,0,1.922844863e-07,0.3824998134,0,0,0,23.29425084
65.45,19.99999933,23.31337583,0,1.895638621e-07,0.3824998155,0,0,0,23.31337583
65.5,19.99999934,23.33250082,0,1.868817319e-07,0.3824998175,0,0,0,23.33250082
65.55,19.99999935,23.35162581,0,1.842375511e-07,0.3824998195,0,0,0,23.35162581
65.6,19.99999936,23.3707508,0,1.816307827e-07,0.3824998215,0,0,0,23.3707508
65.65,19.99999937,23.38987579,0,1.790608973e-07,0.3824998235,0,0,0,23.38987579
65.7,19.99999938,23.40900079,0,1.765273731e-07,0.3824998254,0,0,0,23.40900079
65.75,19.99999939,23.42812578,0,1.740296956e-07,0.3824998274,0,0,0,23.42812578
65.8,19.9999994,23.44725077,0,1.715673577e-07,0.3824998293,0,0,0,23.44725077
65.85,19.99999941,23.46637576,0,1.691398593e-07,0.3824998312,0,0,0,23.46637576
65.9,19.99999941,23.48550075,0,1.667467074e-07,0.382499833,0,0,0,23.48550075
65.95,19.99999942,23.50462574,0,1.643874161e-07,0.3824998349,0,0,0,23.50462574
66,19.99999943,23.52375073,0,1.620615064e-07,0.3824998367,0,0,0,23.52375073
66.05,19.99999944,23.54287573,0,1.597685058e-07,0.3824998385,0,0,0,23.54287573
66.1,19.99999945,23.56200072,0,1.575079488e-07,0.3824998403,0,0,0,23.56200072
66.15,19.99999946,23.58112571,0,1.552793764e-07,0.3824998421,0,0,0,23.58112571
66.2,19.99999946,23.6002507,0,1.530823359e-07,0.3824998438,0,0,0,23.6002507
66.25,19.99999947,23.6193757,0,1.509163812e-07,0.3824998455,0,0,0,23.6193757
66.3,19.99999948,23.63850069,0,1.487810725e-07,0.3824998472,0,0,0,23.63850069
66.35,19.99999949,23.65762568,0,1.466759762e-07,0.3824998489,0,0,0,23.65762568
66.4,19.99999949,23.67675067,0,1.446006649e-07,0.3824998506,0,0,0,23.67675067
66.45,19.9999995,23.69587566,0,1.42554717e-07,0.3824998522,0,0,0,23.69587566
66.5,19.99999951,23.71500066,0,1.405377171e-07,0.3824998539,0,0,0,23.71500066
66.55,19.99999951,23.73412565,0,1.385492557e-07,0.3824998555,0,0,0,23.73412565
66.6,19.99999952,23.75325064,0,1.365889289e-07,0.3824998571,0,0,0,23.75325064
66.65,19.99999953,23.77237564,0,1.346563387e-07,0.3824998587,0,0,0,23.77237564
66.7,19.99999953,23.79150063,0,1.327510926e-07,0.3824998602,0,0,0,23.79150063
66.75,19.99999954,23.81062562,0,1.308728038e-07,0.3824998618,0,0,0,23.81062562
66.8,19.99999955,23.82975062,0,1.290210908e-07,0.3824998633,0,0,0,23.82975062
66.85,19.99999955,23.84887561,0,1.271955776e-07,0.3824998648,0,0,0,23.84887561
66.9,19.99999956,23.8680006,0,1.253958935e-07,0.3824998663,0,0,0,23.8680006
66.95,19.99999957,23.88712559,0,1.236216731e-07,0.3824998678,0,0,0,23.88712559
67,19.99999957,23.90625059,0,1.21872556e-07,0.3824998692,0,0,0,23.90625059
67.05,19.99999958,23.92537558,0,1.201481871e-07,0.3824998707,0,0,0,23.92537558
67.1,19.99999958,23.94450058,0,1.184482162e-07,0.3824998721,0,0,0,23.94450058
67.15,19.99999959,23.96362557,0,1.167722981e-07,0.3824998735,0,0,0,23.96362557
67.2,19.9999996,23.98275056,0,1.151200925e-07,0.3824998749,0,0,0,23.98275056
67.25,19.9999996,24.00187556,0,1.134912639e-07,0.3824998763,0,0,0,24.00187556
67.3,19.99999961,24.02100055,0,1.118854815e-07,0.3824998777,0,0,0,24.02100055
67.35,19.99999961,24.04012554,0,1.103024192e-07,0.382499879,0,0,0,24.04012554
67.4,19.99999962,24.05925054,0,1.087417557e-07,0.3824998804,0,0,0,24.05925054
67.45,19.99999962,24.07837553,0,1.072031738e-07,0.3824998817,0,0,0,24.07837553
67.5,19.99999963,24.09750053,0,1.056863613e-07,0.382499883,0,0,0,24.09750053
67.55,19.99999963,24.11662552,0,1.041910101e-07,0.3824998843,0,0,0,24.11662552
67.6,19.99999964,24.13575051,0,1.027168166e-07,0.3824998856,0,0,0,24.13575051
67.65,19.99999964,24.15487551,0,1.012634814e-07,0.3824998868,0,0,0,24.15487551
67.7,19.99999965,24.1740005,0,9.98307093e-08,0.3824998881,0,0,0,24.1740005
67.75,19.99999965,24.1931255,0,9.841820946e-08,0.3824998893,0,0,0,24.1931255
67.8,19.99999966,24.21225049,0,9.702569501e-08,0.3824998905,0,0,0,24.21225049
67.85,19.99999966,24.23137549,0,9.565288319e-08,0.3824998917,0,0,0,24.23137549
67.9,19.99999967,24.25050048,0,9.429949521e-08,0.3824998929,0,0,0,24.25050048
67.95,19.99999967,24.26962548,0,9.296525626e-08,0.3824998941,0,0,0,24.26962548
68,19.99999968,24.28875047,0,9.164989539e-08,0.3824998953,0,0,0,24.28875047
68.05,19.99999968,24.30787547,0,9.03531455e-08,0.3824998965,0,0,0,24.30787547
68.1,19.99999969,24.32700046,0,8.907474326e-08,0.3824998976,0,0,0,24.32700046
68.15,19.99999969,24.34612546,0,8.781442908e-08,0.3824998987,0,0,0,24.34612546
68.2,19.9999997,24.36525045,0,8.657194702e-08,0.3824998998,0,0,0,24.36525045
68.25,19.9999997,24.38437545,0,8.534704479e-08,0.382499901,0,0,0,24.38437545
68.3,19.9999997,24.40350044,0,8.413947363e-08,0.382499902,0,0,0,24.40350044
68.35,19.99999971,24.42262544,0,8.294898834e-08,0.3824999031,0,0,0,24.42262544
68.4,19.99999971,24.44175043,0,8.177534718e-08,0.3824999042,0,0,0,24.44175043
68.45,19.99999972,24.46087543,0,8.06183118e-08,0.3824999053,0,0,0,24.46087543
68.5,19.99999972,24.48000042,0,7.947764727e-08,0.3824999063,0,0,0,24.48000042
68.55,19.99999973,24.49912542,0,7.835312194e-08,0.3824999073,0,0,0,24.49912542
68.6,19.99999973,24.51825041,0,7.724450747e-08,0.3824999084,0,0,0,24.51825041
68.65,19.99999973,24.53737541,0,7.615157873e-08,0.3824999094,0,0,0,24.53737541
68.7,19.99999974,24.5565004,0,7.507411379e-08,0.3824999104,0,0,0,24.5565004
68.75,19.99999974,24.5756254,0,7.401189385e-08,0.3824999114,0,0,0,24.5756254
68.8,19.99999974,24.59475039,0,7.296470321e-08,0.3824999124,0,0,0,24.59475039
68.85,19.99999975,24.61387539,0,7.193232922e-08,0.3824999133,0,0,0,24.61387539
68.9,19.99999975,24.63300039,0,7.091456223e-08,0.3824999143,0,0,0,24.63300039
68.95,19.99999975,24.65212538,0,6.991119559e-08,0.3824999152,0,0,0,24.65212538
69,19.99999976,24.67125038,0,6.892202553e-08,0.3824999162,0,0,0,24.67125038
69.05,19.99999976,24.69037537,0,6.794685119e-08,0.3824999171,0,0,0,24.69037537
69.1,19.99999976,24.70950037,0,6.698547455e-08,0.382499918,0,0,0,24.70950037
69.15,19.99999977,24.72862536,0,6.603770037e-08,0.3824999189,0,0,0,24.72862536
69.2,19.99999977,24.74775036,0,6.510333621e-08,0.3824999198,0,0,0,24.74775036
69.25,19.99999977,24.76687536,0,6.418219233e-08,0.3824999207,0,0,0,24.76687536
69.3,19.99999978,24.78600035,0,6.327408166e-08,0.3824999216,0,0,0,24.78600035
69.35,19.99999978,24.80512535,0,6.237881981e-08,0.3824999224,0,0,0,24.80512535
69.4,19.99999978,24.82425035,0,6.149622497e-08,0.3824999233,0,0,0,24.82425035
69.45,19.99999979,24.84337534,0,6.062611793e-08,0.3824999241,0,0,0,24.84337534
69.5,19.99999979,24.86250034,0,5.976832198e-08,0.382499925,0,0,0,24.86250034
69.55,19.99999979,24.88162533,0,5.892266296e-08,0.3824999258,0,0,0,24.88162533
69.6,19.9999998,24.90075033,0,5.808896912e-08,0.3824999266,0,0,0,24.90075033
69.65,19.9999998,24.91987533,0,5.726707117e-08,0.3824999274,0,0,0,24.91987533
69.7,19.9999998,24.93900032,0,5.645680222e-08,0.3824999282,0,0,0,24.93900032
69.75,19.9999998,24.95812532,0,5.565799772e-08,0.382499929,0,0,0,24.95812532
69.8,19.99999981,24.97725032,0,5.487049547e-08,0.3824999298,0,0,0,24.97725032
69.85,19.99999981,24.99637531,0,5.409413555e-08,0.3824999306,0,0,0,24.99637531
69.9,19.99999981,25.01550031,0,5.332876031e-08,0.3824999314,0,0,0,25.01550031
69.95,19.99999982,25.03462531,0,5.257421433e-08,0.3824999321,0,0,0,25.03462531
70,19.99999982,25.0537503,0,5.183034438e-08,0.3824999329,0,0,0,25.0537503
70.05,19.99999982,25.0728753,0,5.109699942e-08,0.3824999336,0,0,0,25.0728753
70.1,19.99999982,25.0920003,0,5.037403051e-08,0.3824999343,0,0,0,25.0920003
70.15,19.99999983,25.11112529,0,4.966129086e-08,0.3824999351,0,0,0,25.11112529
70.2,19.99999983,25.13025029,0,4.895863572e-08,0.3824999358,0,0,0,25.13025029
70.25,19.99999983,25.14937529,0,4.826592242e-08,0.3824999365,0,0,0,25.14937529
70.3,19.99999983,25.16850028,0,4.758301028e-08,0.3824999372,0,0,0,25.16850028
70.35,19.99999984,25.18762528,0,4.690976064e-08,0.3824999379,0,0,0,25.18762528
70.4,19.99999984,25.20675028,0,4.624603677e-08,0.3824999386,0,0,0,25.20675028
70.45,19.99999984,25.22587527,0,4.55917039e-08,0.3824999393,0,0,0,25.22587527
70.5,19.99999984,25.24500027,0,4.494662915e-08,0.3824999399,0,0,0,25.24500027
70.55,19.99999984,25.26412527,0,4.431068153e-08,0.3824999406,0,0,0,25.26412527
70.6,19.99999985,25.28325026,0,4.368373191e-08,0.3824999412,0,0,0,25.28325026
70.65,19.99999985,25.30237526,0,4.306565296e-08,0.3824999419,0,0,0,25.30237526
70.7,19.99999985,25.32150026,0,4.245631918e-08,0.3824999425,0,0,0,25.32150026
70.75,19.99999985,25.34062526,0,4.185560684e-08,0.3824999432,0,0,0,25.34062526
70.8,19.99999986,25.35975025,0,4.126339394e-08,0.3824999438,0,0,0,25.35975025
70.85,19.99999986,25.37887525,0,4.067956024e-08,0.3824999444,0,0,0,25.37887525
70.9,19.99999986,25.39800025,0,4.010398717e-08,0.382499945,0,0,0,25.39800025
70.95,19.99999986,25.41712524,0,3.953655786e-08,0.3824999456,0,0,0,25.41712524
71,19.99999986,25.43625024,0,3.897715708e-08,0.3824999462,0,0,0,25.43625024
71.05,19.99999987,25.45537524,0,3.842567123e-08,0.3824999468,0,0,0,25.45537524
71.1,19.99999987,25.47450024,0,3.788198832e-08,0.3824999474,0,0,0,25.47450024
71.15,19.99999987,25.49362523,0,3.734599796e-08,0.382499948,0,0,0,25.49362523
71.2,19.99999987,25.51275023,0,3.68175913e-08,0.3824999486,0,0,0,25.51275023
71.25,19.99999987,25.53187523,0,3.629666104e-08,0.3824999491,0,0,0,25.53187523
71.3,19.99999987,25.55100023,0,3.57831014e-08,0.3824999497,0,0,0,25.55100023
71.35,19.99999988,25.57012522,0,3.527680809e-08,0.3824999503,0,0,0,25.57012522
71.4,19.99999988,25.58925022,0,3.477767829e-08,0.3824999508,0,0,0,25.58925022
71.45,19.99999988,25.60837522,0,3.428561066e-08,0.3824999514,0,0,0,25.60837522
71.5,19.99999988,25.62750022,0,3.380050527e-08,0.3824999519,0,0,0,25.62750022
71.55,19.99999988,25.64662521,0,3.332226361e-08,0.3824999524,0,0,0,25.64662521
71.6,19.99999988,25.66575021,0,3.285078857e-08,0.382499953,0,0,0,25.66575021
71.65,19.99999989,25.68487521,0,3.238598441e-08,0.3824999535,0,0,0,25.68487521
71.7,19.99999989,25.70400021,0,3.192775674e-08,0.382499954,0,0,0,25.70400021
71.75,19.99999989,25.7231252,0,3.14760125e-08,0.3824999545,0,0,0,25.7231252
71.8,19.99999989,25.7422502,0,3.103065998e-08,0.382499955,0,0,0,25.7422502
71.85,19.99999989,25.7613752,0,3.059160873e-08,0.3824999555,0,0,0,25.7613752
71.9,19.99999989,25.7805002,0,3.015876959e-08,0.382499956,0,0,0,25.7805002
71.95,19.9999999,25.7996252,0,2.973205467e-08,0.3824999565,0,0,0,25.7996252
72,19.9999999,25.81875019,0,2.931137731e-08,0.382499957,0,0,0,25.81875019
72.05,19.9999999,25.83787519,0,2.889665211e-08,0.3824999574,0,0,0,25.83787519
72.1,19.9999999,25.85700019,0,2.848779482e-08,0.3824999579,0,0,0,25.85700019
72.15,19.9999999,25.87612519,0,2.808472244e-08,0.3824999584,0,0,0,25.87612519
72.2,19.9999999,25.89525019,0,2.768735311e-08,0.3824999588,0,0,0,25.89525019
72.25,19.9999999,25.91437518,0,2.729560614e-08,0.3824999593,0,0,0,25.91437518
72.3,19.99999991,25.93350018,0,2.690940198e-08,0.3824999597,0,0,0,25.93350018
72.35,19.99999991,25.95262518,0,2.65286622e-08,0.3824999602,0,0,0,25.95262518
72.4,19.99999991,25.97175018,0,2.615330949e-08,0.3824999606,0,0,0,25.97175018
72.45,19.99999991,25.99087518,0,2.578326763e-08,0.3824999611,0,0,0,25.99087518
72.5,19.99999991,26.01000017,0,2.541846147e-08,0.3824999615,0,0,0,26.01000017
72.55,19.99999991,26.02912517,0,2.505881693e-08,0.3824999619,0,0,0,26.02912517
72.6,19.99999991,26.04825017,0,2.470426099e-08,0.3824999623,0,0,0,26.04825017
72.65,19.99999991,26.06737517,0,2.435472164e-08,0.3824999627,0,0,0,26.06737517
72.7,19.99999992,26.08650017,0,2.401012791e-08,0.3824999632,0,0,0,26.08650017
72.75,19.99999992,26.10562516,0,2.367040981e-08,0.3824999636,0,0,0,26.10562516
72.8,19.99999992,26.12475016,0,2.333549837e-08,0.382499964,0,0,0,26.12475016
72.85,19.99999992,26.14387516,0,2.300532558e-08,0.3824999644,0,0,0,26.14387516
72.9,19.99999992,26.16300016,0,2.267982438e-08,0.3824999648,0,0,0,26.16300016
72.95,19.99999992,26.18212516,0,2.235892869e-08,0.3824999651,0,0,0,26.18212516
73,19.99999992,26.20125016,0,2.204257333e-08,0.3824999655,0,0,0,26.20125016
73.05,19.99999992,26.22037515,0,2.173069407e-08,0.3824999659,0,0,0,26.22037515
73.1,19.99999992,26.23950015,0,2.142322757e-08,0.3824999663,0,0,0,26.23950015
73.15,19.99999993,26.25862515,0,2.11201114e-08,0.3824999667,0,0,0,26.25862515
73.2,19.99999993,26.27775015,0,2.0821284e-08,0.382499967,0,0,0,26.27775015
73.25,19.99999993,26.29687515,0,2.05266847e-08,0.3824999674,0,0,0,26.29687515
73.3,19.99999993,26.31600015,0,2.023625367e-08,0.3824999678,0,0,0,26.31600015
73.35,19.99999993,26.33512514,0,1.994993194e-08,0.3824999681,0,0,0,26.33512514
73.4,19.99999993,26.35425014,0,1.966766135e-08,0.3824999685,0,0,0,26.35425014
73.45,19.99999993,26.37337514,0,1.93893846e-08,0.3824999688,0,0,0,26.37337514
73.5,19.99999993,26.39250014,0,1.911504518e-08,0.3824999692,0,0,0,26.39250014
73.55,19.99999993,26.41162514,0,1.884458736e-08,0.3824999695,0,0,0,26.41162514
73.6,19.99999993,26.43075014,0,1.857795624e-08,0.3824999698,0,0,0,26.43075014
73.65,19.99999994,26.44987513,0,1.831509768e-08,0.3824999702,0,0,0,26.44987513
73.7,19.99999994,26.46900013,0,1.805595828e-08,0.3824999705,0,0,0,26.46900013
73.75,19.99999994,26.48812513,0,1.780048544e-08,0.3824999708,0,0,0,26.48812513
73.8,19.99999994,26.50725013,0,1.754862726e-08,0.3824999711,0,0,0,26.50725013
73.85,19.99999994,26.52637513,0,1.730033262e-08,0.3824999715,0,0,0,26.52637513
73.9,19.99999994,26.54550013,0,1.705555109e-08,0.3824999718,0,0,0,26.54550013
73.95,19.99999994,26.56462513,0,1.681423295e-08,0.3824999721,0,0,0,26.56462513
74,19.99999994,26.58375012,0,1.657632922e-08,0.3824999724,0,0,0,26.58375012
74.05,19.99999994,26.60287512,0,1.634179157e-08,0.3824999727,0,0,0,26.60287512
74.1,19.99999994,26.62200012,0,1.611057238e-08,0.382499973,0,0,0,26.62200012
74.15,19.99999994,26.64112512,0,1.588262471e-08,0.3824999733,0,0,0,26.64112512
74.2,19.99999995,26.66025012,0,1.565790225e-08,0.3824999736,0,0,0,26.66025012
74.25,19.99999995,26.67937512,0,1.543635938e-08,0.3824999739,0,0,0,26.67937512
74.3,19.99999995,26.69850012,0,1.521795111e-08,0.3824999742,0,0,0,26.69850012
74.35,19.99999995,26.71762511,0,1.500263309e-08,0.3824999745,0,0,0,26.71762511
74.4,19.99999995,26.73675011,0,1.479036159e-08,0.3824999747,0,0,0,26.73675011
74.45,19.99999995,26.75587511,0,1.45810935e-08,0.382499975,0,0,0,26.75587511
74.5,19.99999995,26.77500011,0,1.437478635e-08,0.3824999753,0,0,0,26.77500011
74.55,19.99999995,26.79412511,0,1.417139822e-08,0.3824999756,0,0,0,26.79412511
74.6,19.99999995,26.81325011,0,1.397088782e-08,0.3824999758,0,0,0,26.81325011
74.65,19.99999995,26.83237511,0,1.377321443e-08,0.3824999761,0,0,0,26.83237511
74.7,19.99999995,26.85150011,0,1.357833792e-08,0.3824999764,0,0,0,26.85150011
74.75,19.99999995,26.87062511,0,1.33862187e-08,0.3824999766,0,0,0,26.87062511
74.8,19.99999995,26.8897501,0,1.319681777e-08,0.3824999769,0,0,0,26.8897501
74.85,19.99999995,26.9088751,0,1.301009666e-08,0.3824999772,0,0,0,26.9088751
74.9,19.99999996,26.9280001,0,1.282601745e-08,0.3824999774,0,0,0,26.9280001
74.95,19.99999996,26.9471251,0,1.264454278e-08,0.3824999777,0,0,0,26.9471251
75,19.99999996,26.9662501,0,1.246563578e-08,0.3824999779,0,0,0,26.9662501
75.05,19.99999996,26.9853751,0,1.228926013e-08,0.3824999781,0,0,0,26.9853751
75.1,19.99999996,27.0045001,0,1.211538001e-08,0.3824999784,0,0,0,27.0045001
75.15,19.99999996,27.0236251,0,1.194396011e-08,0.3824999786,0,0,0,27.0236251
75.2,19.99999996,27.0427501,0,1.177496562e-08,0.3824999789,0,0,0,27.0427501
75.25,19.99999996,27.06187509,0,1.160836223e-08,0.3824999791,0,0,0,27.06187509
75.3,19.99999996,27.08100009,0,1.144411609e-08,0.3824999793,0,0,0,27.08100009
75.35,19.99999996,27.10012509,0,1.128219387e-08,0.3824999796,0,0,0,27.10012509
75.4,19.99999996,27.11925009,0,1.112256268e-08,0.3824999798,0,0,0,27.11925009
75.45,19.99999996,27.13837509,0,1.09651901e-08,0.38249998,0,0,0,27.13837509
75.5,19.99999996,27.15750009,0,1.081004418e-08,0.3824999802,0,0,0,27.15750009
75.55,19.99999996,27.17662509,0,1.065709341e-08,0.3824999804,0,0,0,27.17662509
75.6,19.99999996,27.19575009,0,1.050630674e-08,0.3824999807,0,0,0,27.19575009
75.65,19.99999996,27.21487509,0,1.035765353e-08,0.3824999809,0,0,0,27.21487509
75.7,19.99999996,27.23400009,0,1.021110362e-08,0.3824999811,0,0,0,27.23400009
75.75,19.99999996,27.25312508,0,1.006662723e-08,0.3824999813,0,0,0,27.25312508
75.8,19.99999997,27.27225008,0,9.924195025e-09,0.3824999815,0,0,0,27.27225008
75.85,19.99999997,27.29137508,0,9.783778091e-09,0.3824999817,0,0,0,27.29137508
75.9,19.99999997,27.31050008,0,9.645347909e-09,0.3824999819,0,0,0,27.31050008
75.95,19.99999997,27.32962508,0,9.508876369e-09,0.3824999821,0,0,0,27.32962508
76,19.99999997,27.34875008,0,9.374335757e-09,0.3824999823,0,0,0,27.34875008
76.05,19.99999997,27.36787508,0,9.241698754e-09,0.3824999825,0,0,0,27.36787508
76.1,19.99999997,27.38700008,0,9.110938425e-09,0.3824999827,0,0,0,27.38700008
76.15,19.99999997,27.40612508,0,8.982028217e-09,0.3824999829,0,0,0,27.40612508
76.2,19.99999997,27.42525008,0,8.854941954e-09,0.3824999831,0,0,0,27.42525008
76.25,19.99999997,27.44437508,0,8.729653827e-09,0.3824999833,0,0,0,27.44437508
76.3,19.99999997,27.46350007,0,8.606138396e-09,0.3824999834,0,0,0,27.46350007
76.35,19.99999997,27.48262507,0,8.484370579e-09,0.3824999836,0,0,0,27.48262507
76.4,19.99999997,27.50175007,0,8.364325648e-09,0.3824999838,0,0,0,27.50175007
76.45,19.99999997,27.52087507,0,8.245979227e-09,0.382499984,0,0,0,27.52087507
76.5,19.99999997,27.54000007,0,8.129307284e-09,0.3824999842,0,0,0,27.54000007
76.55,19.99999997,27.55912507,0,8.014286126e-09,0.3824999843,0,0,0,27.55912507
76.6,19.99999997,27.57825007,0,7.900892397e-09,0.3824999845,0,0,0,27.57825007
76.65,19.99999997,27.59737507,0,7.789103069e-09,0.3824999847,0,0,0,27.59737507
76.7,19.99999997,27.61650007,0,7.678895444e-09,0.3824999849,0,0,0,27.61650007
76.75,19.99999997,27.63562507,0,7.57024714e-09,0.382499985,0,0,0,27.63562507
76.8,19.99999997,27.65475007,0,7.463136096e-09,0.3824999852,0,0,0,27.65475007
76.85,19.99999997,27.67387507,0,7.35754056e-09,0.3824999853,0,0,0,27.67387507
76.9,19.99999997,27.69300007,0,7.253439091e-09,0.3824999855,0,0,0,27.69300007
76.95,19.99999997,27.71212506,0,7.150810548e-09,0.3824999857,0,0,0,27.71212506
77,19.99999998,27.73125006,0,7.049634091e-09,0.3824999858,0,0,0,27.73125006
77.05,19.99999998,27.75037506,0,6.949889175e-09,0.382499986,0,0,0,27.75037506
77.1,19.99999998,27.76950006,0,6.851555544e-09,0.3824999861,0,0,0,27.76950006
77.15,19.99999998,27.78862506,0,6.754613231e-09,0.3824999863,0,0,0,27.78862506
77.2,19.99999998,27.80775006,0,6.65904255e-09,0.3824999864,0,0,0,27.80775006
77.25,19.99999998,27.82687506,0,6.564824093e-09,0.3824999866,0,0,0,27.82687506
77.3,19.99999998,27.84600006,0,6.471938729e-09,0.3824999867,0,0,0,27.84600006
77.35,19.99999998,27.86512506,0,6.380367595e-09,0.3824999869,0,0,0,27.86512506
77.4,19.99999998,27.88425006,0,6.290092097e-09,0.382499987,0,0,0,27.88425006
77.45,19.99999998,27.90337506,0,6.201093902e-09,0.3824999872,0,0,0,27.90337506
77.5,19.99999998,27.92250006,0,6.113354938e-09,0.3824999873,0,0,0,27.92250006
77.55,19.99999998,27.94162506,0,6.026857388e-09,0.3824999875,0,0,0,27.94162506
77.6,19.99999998,27.96075006,0,5.941583688e-09,0.3824999876,0,0,0,27.96075006
77.65,19.99999998,27.97987506,0,5.857516521e-09,0.3824999877,0,0,0,27.97987506
77.7,19.99999998,27.99900005,0,5.774638815e-09,0.3824999879,0,0,0,27.99900005
77.75,19.99999998,28.01812505,0,5.692933743e-09,0.382499988,0,0,0,28.01812505
77.8,19.99999998,28.03725005,0,5.612384711e-09,0.3824999881,0,0,0,28.03725005
77.85,19.99999998,28.05637505,0,5.532975364e-09,0.3824999883,0,0,0,28.05637505
77.9,19.99999998,28.07550005,0,5.454689575e-09,0.3824999884,0,0,0,28.07550005
77.95,19.99999998,28.09462505,0,5.377511448e-09,0.3824999885,0,0,0,28.09462505
78,19.99999998,28.11375005,0,5.301425311e-09,0.3824999887,0,0,0,28.11375005
78.05,19.99999998,28.13287505,0,5.226415712e-09,0.3824999888,0,0,0,28.13287505
78.1,19.99999998,28.15200005,0,5.152467421e-09,0.3824999889,0,0,0,28.15200005
78.15,19.99999998,28.17112505,0,5.07956542e-09,0.382499989,0,0,0,28.17112505
78.2,19.99999998,28.19025005,0,5.007694906e-09,0.3824999891,0,0,0,28.19025005
78.25,19.99999998,28.20937505,0,4.936841284e-09,0.3824999893,0,0,0,28.20937505
78.3,19.99999998,28.22850005,0,4.866990166e-09,0.3824999894,0,0,0,28.22850005
78.35,19.99999998,28.24762505,0,4.798127369e-09,0.3824999895,0,0,0,28.24762505
78.4,19.99999998,28.26675005,0,4.730238907e-09,0.3824999896,0,0,0,28.26675005
78.45,19.99999998,28.28587505,0,4.663310997e-09,0.3824999897,0,0,0,28.28587505
78.5,19.99999998,28.30500005,0,4.597330045e-09,0.3824999898,0,0,0,28.30500005
78.55,19.99999998,28.32412505,0,4.532282655e-09,0.38249999,0,0,0,28.32412505
78.6,19.99999998,28.34325004,0,4.468155617e-09,0.3824999901,0,0,0,28.34325004
78.65,19.99999998,28.36237504,0,4.404935909e-09,0.3824999902,0,0,0,28.36237504
78.7,19.99999998,28.38150004,0,4.342610694e-09,0.3824999903,0,0,0,28.38150004
78.75,19.99999999,28.40062504,0,4.281167315e-09,0.3824999904,0,0,0,28.40062504
78.8,19.99999999,28.41975004,0,4.220593295e-09,0.3824999905,0,0,0,28.41975004
78.85,19.99999999,28.43887504,0,4.160876334e-09,0.3824999906,0,0,0,28.43887504
78.9,19.99999999,28.45800004,0,4.102004306e-09,0.3824999907,0,0,0,28.45800004
78.95,19.99999999,28.47712504,0,4.043965254e-09,0.3824999908,0,0,0,28.47712504
79,19.99999999,28.49625004,0,3.986747395e-09,0.3824999909,0,0,0,28.49625004
79.05,19.99999999,28.51537504,0,3.930339108e-09,0.382499991,0,0,0,28.51537504
79.1,19.99999999,28.53450004,0,3.874728938e-09,0.3824999911,0,0,0,28.53450004
79.15,19.99999999,28.55362504,0,3.819905595e-09,0.3824999912,0,0,0,28.55362504
79.2,19.99999999,28.57275004,0,3.765857944e-09,0.3824999913,0,0,0,28.57275004
79.25,19.99999999,28.59187504,0,3.71257501e-09,0.3824999914,0,0,0,28.59187504
79.3,19.99999999,28.61100004,0,3.660045975e-09,0.3824999915,0,0,0,28.61100004
79.35,19.99999999,28.63012504,0,3.608260169e-09,0.3824999916,0,0,0,28.63012504
79.4,19.99999999,28.64925004,0,3.557207079e-09,0.3824999917,0,0,0,28.64925004
79.45,19.99999999,28.66837504,0,3.506876336e-09,0.3824999918,0,0,0,28.66837504
79.5,19.99999999,28.68750004,0,3.45725772e-09,0.3824999919,0,0,0,28.68750004
79.55,19.99999999,28.70662504,0,3.408341156e-09,0.382499992,0,0,0,28.70662504
79.6,19.99999999,28.72575004,0,3.360116709e-09,0.382499992,0,0,0,28.72575004
79.65,19.99999999,28.74487504,0,3.312574588e-09,0.3824999921,0,0,0,28.74487504
79.7,19.99999999,28.76400003,0,3.265705138e-09,0.3824999922,0,0,0,28.76400003
79.75,19.99999999,28.78312503,0,3.219498841e-09,0.3824999923,0,0,0,28.78312503
79.8,19.99999999,28.80225003,0,3.173946315e-09,0.3824999924,0,0,0,28.80225003
79.85,19.99999999,28.82137503,0,3.129038309e-09,0.3824999925,0,0,0,28.82137503
79.9,19.99999999,28.84050003,0,3.084765705e-09,0.3824999926,0,0,0,28.84050003
79.95,19.99999999,28.85962503,0,3.041119511e-09,0.3824999926,0,0,0,28.85962503
80,19.99999999,28.87875003,0,2.998090865e-09,0.3824999927,0,0,0,28.87875003
80.05,19.99999999,28.89787503,0,2.955671029e-09,0.3824999928,0,0,0,28.89787503
80.1,19.99999999,28.91700003,0,2.913851389e-09,0.3824999929,0,0,0,28.91700003
80.15,19.99999999,28.93612503,0,2.872623454e-09,0.382499993,0,0,0,28.93612503
80.2,19.99999999,28.95525003,0,2.83197885e-09,0.382499993,0,0,0,28.95525003
80.25,19.99999999,28.97437503,0,2.791909324e-09,0.3824999931,0,0,0,28.97437503
80.3,19.99999999,28.99350003,0,2.752406741e-09,0.3824999932,0,0,0,28.99350003
80.35,19.99999999,29.01262503,0,2.713463077e-09,0.3824999933,0,0,0,29.01262503
80.4,19.99999999,29.03175003,0,2.675070426e-09,0.3824999933,0,0,0,29.03175003
80.45,19.99999999,29.05087503,0,2.63722099e-09,0.3824999934,0,0,0,29.05087503
80.5,19.99999999,29.07000003,0,2.599907083e-09,0.3824999935,0,0,0,29.07000003
80.55,19.99999999,29.08912503,0,2.56312113e-09,0.3824999936,0,0,0,29.08912503
80.6,19.99999999,29.10825003,0,2.526855659e-09,0.3824999936,0,0,0,29.10825003
80.65,19.99999999,29.12737503,0,2.491103306e-09,0.3824999937,0,0,0,29.12737503
80.7,19.99999999,29.14650003,0,2.455856811e-09,0.3824999938,0,0,0,29.14650003
80.75,19.99999999,29.16562503,0,2.421109018e-09,0.3824999938,0,0,0,29.16562503
80.8,19.99999999,29.18475003,0,2.386852869e-09,0.3824999939,0,0,0,29.18475003
80.85,19.99999999,29.20387503,0,2.353081408e-09,0.382499994,0,0,0,29.20387503
80.9,19.99999999,29.22300003,0,2.319787779e-09,0.382499994,0,0,0,29.22300003
80.95,19.99999999,29.24212503,0,2.286965219e-09,0.3824999941,0,0,0,29.24212503
81,19.99999999,29.26125003,0,2.254607064e-09,0.3824999942,0,0,0,29.26125003
81.05,19.99999999,29.28037503,0,2.222706743e-09,0.3824999942,0,0,0,29.28037503
81.1,19.99999999,29.29950003,0,2.191257778e-09,0.3824999943,0,0,0,29.29950003
81.15,19.99999999,29.31862503,0,2.160253782e-09,0.3824999944,0,0,0,29.31862503
81.2,19.99999999,29.33775003,0,2.129688461e-09,0.3824999944,0,0,0,29.33775003
81.25,19.99999999,29.35687502,0,2.099555607e-09,0.3824999945,0,0,0,29.35687502
81.3,19.99999999,29.37600002,0,2.069849101e-09,0.3824999946,0,0,0,29.37600002
81.35,19.99999999,29.39512502,0,2.040562911e-09,0.3824999946,0,0,0,29.39512502
81.4,19.99999999,29.41425002,0,2.011691089e-09,0.3824999947,0,0,0,29.41425002
81.45,19.99999999,29.43337502,0,1.983227774e-09,0.3824999947,0,0,0,29.43337502
81.5,19.99999999,29.45250002,0,1.955167185e-09,0.3824999948,0,0,0,29.45250002
81.55,19.99999999,29.47162502,0,1.927503623e-09,0.3824999948,0,0,0,29.47162502
81.6,19.99999999,29.49075002,0,1.900231472e-09,0.3824999949,0,0,0,29.49075002
81.65,19.99999999,29.50987502,0,1.873345193e-09,0.382499995,0,0,0,29.50987502
81.7,19.99999999,29.52900002,0,1.846839327e-09,0.382499995,0,0,0,29.52900002
81.75,19.99999999,29.54812502,0,1.820708491e-09,0.3824999951,0,0,0,29.54812502
81.8,19.99999999,29.56725002,0,1.794947379e-09,0.3824999951,0,0,0,29.56725002
81.85,19.99999999,29.58637502,0,1.769550759e-09,0.3824999952,0,0,0,29.58637502
81.9,19.99999999,29.60550002,0,1.744513475e-09,0.3824999952,0,0,0,29.60550002
81.95,19.99999999,29.62462502,0,1.719830442e-09,0.3824999953,0,0,0,29.62462502
82,19.99999999,29.64375002,0,1.695496649e-09,0.3824999953,0,0,0,29.64375002
82.05,19.99999999,29.66287502,0,1.671507152e-09,0.3824999954,0,0,0,29.66287502
82.1,19.99999999,29.68200002,0,1.647857082e-09,0.3824999954,0,0,0,29.68200002
82.15,19.99999999,29.70112502,0,1.624541636e-09,0.3824999955,0,0,0,29.70112502
82.2,19.99999999,29.72025002,0,1.601556079e-09,0.3824999955,0,0,0,29.72025002
82.25,19.99999999,29.73937502,0,1.578895743e-09,0.3824999956,0,0,0,29.73937502
82.3,19.99999999,29.75850002,0,1.556556027e-09,0.3824999956,0,0,0,29.75850002
82.35,19.99999999,29.77762502,0,1.534532395e-09,0.3824999957,0,0,0,29.77762502
82.4,19.99999999,29.79675002,0,1.512820373e-09,0.3824999957,0,0,0,29.79675002
82.45,19.99999999,29.81587502,0,1.491415555e-09,0.3824999958,0,0,0,29.81587502
82.5,19.99999999,29.83500002,0,1.470313592e-09,0.3824999958,0,0,0,29.83500002
82.55,19.99999999,29.85412502,0,1.449510199e-09,0.3824999959,0,0,0,29.85412502
82.6,20,29.87325002,0,1.429001153e-09,0.3824999959,0,0,0,29.87325002
82.65,20,29.89237502,0,1.408782288e-09,0.382499996,0,0,0,29.89237502
82.7,20,29.91150002,0,1.388849499e-09,0.382499996,0,0,0,29.91150002
82.75,20,29.93062502,0,1.369198737e-09,0.3824999961,0,0,0,29.93062502
82.8,20,29.94975002,0,1.349826014e-09,0.3824999961,0,0,0,29.94975002
82.85,20,29.96887502,0,1.330727394e-09,0.3824999961,0,0,0,29.96887502
82.9,20,29.98800002,0,1.311898999e-09,0.3824999962,0,0,0,29.98800002
82.95,20,30.00712502,0,1.293337007e-09,0.3824999962,0,0,0,30.00712502
83,20,30.02625002,0,1.275037647e-09,0.3824999963,0,0,0,30.02625002
83.05,20,30.04537502,0,1.256997204e-09,0.3824999963,0,0,0,30.04537502
83.1,20,30.06450002,0,1.239212014e-09,0.3824999963,0,0,0,30.06450002
83.15,20,30.08362502,0,1.221678466e-09,0.3824999964,0,0,0,30.08362502
83.2,20,30.10275002,0,1.204393e-09,0.3824999964,0,0,0,30.10275002
83.25,20,30.12187502,0,1.187352104e-09,0.3824999965,0,0,0,30.12187502
83.3,20,30.14100002,0,1.170552319e-09,0.3824999965,0,0,0,30.14100002
83.35,20,30.16012502,0,1.153990234e-09,0.3824999965,0,0,0,30.16012502
83.4,20,30.17925002,0,1.137662484e-09,0.3824999966,0,0,0,30.17925002
83.45,20,30.19837502,0,1.121565756e-09,0.3824999966,0,0,0,30.19837502
83.5,20,30.21750002,0,1.105696779e-09,0.3824999967,0,0,0,30.21750002
83.55,20,30.23662501,0,1.090052331e-09,0.3824999967,0,0,0,30.23662501
83.6,20,30.25575001,0,1.074629236e-09,0.3824999967,0,0,0,30.25575001
83.65,20,30.27487501,0,1.059424361e-09,0.3824999968,0,0,0,30.27487501
83.7,20,30.29400001,0,1.044434619e-09,0.3824999968,0,0,0,30.29400001
83.75,20,30.31312501,0,1.029656967e-09,0.3824999968,0,0,0,30.31312501
83.8,20,30.33225001,0,1.015088403e-09,0.3824999969,0,0,0,30.33225001
83.85,20,30.35137501,0,1.000725968e-09,0.3824999969,0,0,0,30.35137501
83.9,20,30.37050001,0,9.865667473e-10,0.3824999969,0,0,0,30.37050001
83.95,20,30.38962501,0,9.726078644e-10,0.382499997,0,0,0,30.38962501
84,20,30.40875001,0,9.58846485e-10,0.382499997,0,0,0,30.40875001
84.05,20,30.42787501,0,9.452798147e-10,0.382499997,0,0,0,30.42787501
84.1,20,30.44700001,0,9.319050985e-10,0.3824999971,0,0,0,30.44700001
84.15,20,30.46612501,0,9.187196205e-10,0.3824999971,0,0,0,30.46612501
84.2,20,30.48525001,0,9.057207031e-10,0.3824999971,0,0,0,30.48525001
84.25,20,30.50437501,0,8.929057068e-10,0.3824999972,0,0,0,30.50437501
84.3,20,30.52350001,0,8.802720292e-10,0.3824999972,0,0,0,30.52350001
84.35,20,30.54262501,0,8.678171048e-10,0.3824999972,0,0,0,30.54262501
84.4,20,30.56175001,0,8.555384046e-10,0.3824999973,0,0,0,30.56175001
84.45,20,30.58087501,0,8.434334351e-10,0.3824999973,0,0,0,30.58087501
84.5,20,30.60000001,0,8.314997381e-10,0.3824999973,0,0,0,30.60000001
84.55,20,30.61912501,0,8.197348905e-10,0.3824999974,0,0,0,30.61912501
84.6,20,30.63825001,0,8.08136503e-10,0.3824999974,0,0,0,30.63825001
84.65,20,30.65737501,0,7.967022206e-10,0.3824999974,0,0,0,30.65737501
84.7,20,30.67650001,0,7.854297213e-10,0.3824999974,0,0,0,30.67650001
84.75,20,30.69562501,0,7.743167159e-10,0.3824999975,0,0,0,30.69562501
84.8,20,30.71475001,0,7.63360948e-10,0.3824999975,0,0,0,30.71475001
84.85,20,30.73387501,0,7.525601926e-10,0.3824999975,0,0,0,30.73387501
84.9,20,30.75300001,0,7.419122566e-10,0.3824999976,0,0,0,30.75300001
84.95,20,30.77212501,0,7.314149776e-10,0.3824999976,0,0,0,30.77212501
85,20,30.79125001,0,7.210662242e-10,0.3824999976,0,0,0,30.79125001
85.05,20,30.81037501,0,7.108638947e-10,0.3824999976,0,0,0,30.81037501
85.1,20,30.82950001,0,7.008059175e-10,0.3824999977,0,0,0,30.82950001
85.15,20,30.84862501,0,6.908902501e-10,0.3824999977,0,0,0,30.84862501
85.2,20,30.86775001,0,6.811148789e-10,0.3824999977,0,0,0,30.86775001
85.25,20,30.88687501,0,6.71477819e-10,0.3824999977,0,0,0,30.88687501
85.3,20,30.90600001,0,6.619771134e-10,0.3824999978,0,0,0,30.90600001
85.35,20,30.92512501,0,6.526108328e-10,0.3824999978,0,0,0,30.92512501
85.4,20,30.94425001,0,6.433770752e-10,0.3824999978,0,0,0,30.94425001
85.45,20,30.96337501,0,6.342739655e-10,0.3824999978,0,0,0,30.96337501
85.5,20,30.98250001,0,6.252996553e-10,0.3824999979,0,0,0,30.98250001
85.55,20,31.00162501,0,6.164523222e-10,0.3824999979,0,0,0,31.00162501
85.6,20,31.02075001,0,6.077301695e-10,0.3824999979,0,0,0,31.02075001
85.65,20,31.03987501,0,5.991314262e-10,0.3824999979,0,0,0,31.03987501
85.7,20,31.05900001,0,5.90654346e-10,0.382499998,0,0,0,31.05900001
85.75,20,31.07812501,0,5.822972076e-10,0.382499998,0,0,0,31.07812501
85.8,20,31.09725001,0,5.740583139e-10,0.382499998,0,0,0,31.09725001
85.85,20,31.11637501,0,5.659359919e-10,0.382499998,0,0,0,31.11637501
85.9,20,31.13550001,0,5.579285922e-10,0.382499998,0,0,0,31.13550001
85.95,20,31.15462501,0,5.500344889e-10,0.3824999981,0,0,0,31.15462501
86,20,31.17375001,0,5.422520788e-10,0.3824999981,0,0,0,31.17375001
86.05,20,31.19287501,0,5.345797816e-10,0.3824999981,0,0,0,31.19287501
86.1,20,31.21200001,0,5.270160393e-10,0.3824999981,0,0,0,31.21200001
86.15,20,31.23112501,0,5.195593161e-10,0.3824999981,0,0,0,31.23112501
86.2,20,31.25025001,0,5.122080977e-10,0.3824999982,0,0,0,31.25025001
86.25,20,31.26937501,0,5.049608913e-10,0.3824999982,0,0,0,31.26937501
86.3,20,31.28850001,0,4.978162252e-10,0.3824999982,0,0,0,31.28850001
86.35,20,31.30762501,0,4.907726487e-10,0.3824999982,0,0,0,31.30762501
86.4,20,31.32675001,0,4.838287313e-10,0.3824999982,0,0,0,31.32675001
86.45,20,31.34587501,0,4.769830631e-10,0.3824999983,0,0,0,31.34587501
86.5,20,31.36500001,0,4.702342539e-10,0.3824999983,0,0,0,31.36500001
86.55,20,31.38412501,0,4.635809333e-10,0.3824999983,0,0,0,31.38412501
86.6,20,31.40325001,0,4.570217502e-10,0.3824999983,0,0,0,31.40325001
86.65,20,31.42237501,0,4.505553726e-10,0.3824999983,0,0,0,31.42237501
86.7,20,31.44150001,0,4.441804875e-10,0.3824999984,0,0,0,31.44150001
86.75,20,31.46062501,0,4.378958003e-10,0.3824999984,0,0,0,31.46062501
86.8,20,31.47975001,0,4.317000348e-10,0.3824999984,0,0,0,31.47975001
86.85,20,31.49887501,0,4.255919329e-10,0.3824999984,0,0,0,31.49887501
86.9,20,31.51800001,0,4.195702542e-10,0.3824999984,0,0,0,31.51800001
86.95,20,31.53712501,0,4.136337759e-10,0.3824999984,0,0,0,31.53712501
87,20,31.55625001,0,4.077812926e-10,0.3824999985,0,0,0,31.55625001
87.05,20,31.57537501,0,4.020116157e-10,0.3824999985,0,0,0,31.57537501
87.1,20,31.59450001,0,3.963235738e-10,0.3824999985,0,0,0,31.59450001
87.15,20,31.61362501,0,3.907160116e-10,0.3824999985,0,0,0,31.61362501
87.2,20,31.63275001,0,3.851877906e-10,0.3824999985,0,0,0,31.63275001
87.25,20,31.65187501,0,3.79737788e-10,0.3824999985,0,0,0,31.65187501
87.3,20,31.67100001,0,3.743648973e-10,0.3824999986,0,0,0,31.67100001
87.35,20,31.69012501,0,3.690680274e-10,0.3824999986,0,0,0,31.69012501
87.4,20,31.70925001,0,3.638461025e-10,0.3824999986,0,0,0,31.70925001
87.45,20,31.72837501,0,3.586980625e-10,0.3824999986,0,0,0,31.72837501
87.5,20,31.74750001,0,3.536228618e-10,0.3824999986,0,0,0,31.74750001
87.55,20,31.76662501,0,3.486194698e-10,0.3824999986,0,0,0,31.76662501
87.6,20,31.78575001,0,3.436868706e-10,0.3824999987,0,0,0,31.78575001
87.65,20,31.80487501,0,3.388240625e-10,0.3824999987,0,0,0,31.80487501
87.7,20,31.82400001,0,3.34030058e-10,0.3824999987,0,0,0,31.82400001
87.75,20,31.84312501,0,3.293038837e-10,0.3824999987,0,0,0,31.84312501
87.8,20,31.86225001,0,3.246445797e-10,0.3824999987,0,0,0,31.86225001
87.85,20,31.88137501,0,3.200512e-10,0.3824999987,0,0,0,31.88137501
87.9,20,31.90050001,0,3.155228118e-10,0.3824999987,0,0,0,31.90050001
87.95,20,31.91962501,0,3.110584955e-10,0.3824999988,0,0,0,31.91962501
88,20,31.93875001,0,3.066573446e-10,0.3824999988,0,0,0,31.93875001
88.05,20,31.95787501,0,3.023184654e-10,0.3824999988,0,0,0,31.95787501
88.1,20,31.97700001,0,2.980409768e-10,0.3824999988,0,0,0,31.97700001
88.15,20,31.99612501,0,2.938240101e-10,0.3824999988,0,0,0,31.99612501
88.2,20,32.01525001,0,2.896667091e-10,0.3824999988,0,0,0,32.01525001
88.25,20,32.03437501,0,2.855682295e-10,0.3824999988,0,0,0,32.03437501
88.3,20,32.05350001,0,2.815277391e-10,0.3824999988,0,0,0,32.05350001
88.35,20,32.07262501,0,2.775444174e-10,0.3824999989,0,0,0,32.07262501
88.4,20,32.09175001,0,2.736174555e-10,0.3824999989,0,0,0,32.09175001
88.45,20,32.11087501,0,2.697460559e-10,0.3824999989,0,0,0,32.11087501
88.5,20,32.13,0,2.659294327e-10,0.3824999989,0,0,0,32.13
88.55,20,32.149125,0,2.621668106e-10,0.3824999989,0,0,0,32.149125
88.6,20,32.16825,0,2.584574257e-10,0.3824999989,0,0,0,32.16825
88.65,20,32.187375,0,2.548005247e-10,0.3824999989,0,0,0,32.187375
88.7,20,32.2065,0,2.51195365e-10,0.3824999989,0,0,0,32.2065
88.75,20,32.225625,0,2.476412145e-10,0.382499999,0,0,0,32.225625
88.8,20,32.24475,0,2.441373515e-10,0.382499999,0,0,0,32.24475
88.85,20,32.263875,0,2.406830645e-10,0.382499999,0,0,0,32.263875
88.9,20,32.283,0,2.37277652e-10,0.382499999,0,0,0,32.283
88.95,20,32.302125,0,2.339204225e-10,0.382499999,0,0,0,32.302125
89,20,32.32125,0,2.306106943e-10,0.382499999,0,0,0,32.32125
89.05,20,32.340375,0,2.273477953e-10,0.382499999,0,0,0,32.340375
89.1,20,32.3595,0,2.241310629e-10,0.382499999,0,0,0,32.3595
89.15,20,32.378625,0,2.209598438e-10,0.382499999,0,0,0,32.378625
89.2,20,32.39775,0,2.178334942e-10,0.3824999991,0,0,0,32.39775
89.25,20,32.416875,0,2.147513791e-10,0.3824999991,0,0,0,32.416875
89.3,20,32.436,0,2.117128727e-10,0.3824999991,0,0,0,32.436
89.35,20,32.455125,0,2.08717358e-10,0.3824999991,0,0,0,32.455125
89.4,20,32.47425,0,2.057642267e-10,0.3824999991,0,0,0,32.47425
89.45,20,32.493375,0,2.028528791e-10,0.3824999991,0,0,0,32.493375
89.5,20,32.5125,0,1.99982724e-10,0.3824999991,0,0,0,32.5125
89.55,20,32.531625,0,1.971531786e-10,0.3824999991,0,0,0,32.531625
89.6,20,32.55075,0,1.943636682e-10,0.3824999991,0,0,0,32.55075
89.65,20,32.569875,0,1.916136265e-10,0.3824999991,0,0,0,32.569875
89.7,20,32.589,0,1.889024951e-10,0.3824999992,0,0,0,32.589
89.75,20,32.608125,0,1.862297232e-10,0.3824999992,0,0,0,32.608125
89.8,20,32.62725,0,1.835947683e-10,0.3824999992,0,0,0,32.62725
89.85,20,32.646375,0,1.809970952e-10,0.3824999992,0,0,0,32.646375
89.9,20,32.6655,0,1.784361765e-10,0.3824999992,0,0,0,32.6655
89.95,20,32.684625,0,1.759114921e-10,0.3824999992,0,0,0,32.684625
90,20,32.70375,0,1.734225293e-10,0.3824999992,0,0,0,32.70375
