time,x,y,psi,u,v,r,left,right
0,0,0,0,0,0,0,0,0
0.005,0,0,0,0,0,0,0,0
0.01,0,0,0,0,0,0,0,0
0.015,0,0,0,0,0,0,0,0
0.02,0,0,0,0,0,0,0,0
0.025,0,0,0,0,0,0,0,0
0.03,0,0,0,0,0,0,0,0
0.035,0,0,0,0,0,0,0,0
0.04,0,0,0,0,0,0,0,0
0.045,0,0,0,0,0,0,0,0
0.05,0,0,0,0,0,0,0,0
0.055,0,0,0,0,0,0,0,0
0.06,0,0,0,0,0,0,0,0
0.065,0,0,0,0,0,0,0,0
0.07,0,0,0,0,0,0,0,0
0.075,0,0,0,0,0,0,0,0
0.08,0,0,0,0,0,0,0,0
0.085,0,0,0,0,0,0,0,0
0.09,0,0,0,0,0,0,0,0
0.095,0,0,0,0,0,0,0,0
0.1,0,0,0,0,0,0,0,0
0.105,0,0,0,0,0,0,0,0
0.11,0,0,0,0,0,0,0,0
0.115,0,0,0,0,0,0,0,0
0.12,0,0,0,0,0,0,0,0
0.125,0,0,0,0,0,0,0,0
0.13,0,0,0,0,0,0,0,0
0.135,0,0,0,0,0,0,0,0
0.14,0,0,0,0,0,0,0,0
0.145,0,0,0,0,0,0,0,0
0.15,0,0,0,0,0,0,0,0
0.155,0,0,0,0,0,0,0,0
0.16,0,0,0,0,0,0,0,0
0.165,0,0,0,0,0,0,0,0
0.17,0,0,0,0,0,0,0,0
0.175,0,0,0,0,0,0,0,0
0.18,0,0,0,0,0,0,0,0
0.185,0,0,0,0,0,0,0,0
0.19,0,0,0,0,0,0,0,0
0.195,0,0,0,0,0,0,0,0
0.2,0,0,0,0,0,0,0,0
0.205,0,0,0,0,0,0,0,0
0.21,0,0,0,0,0,0,0,0
0.215,0,0,0,0,0,0,0,0
0.22,0,0,0,0,0,0,0,0
0.225,0,0,0,0,0,0,0,0
0.23,0,0,0,0,0,0,0,0
0.235,0,0,0,0,0,0,0,0
0.24,0,0,0,0,0,0,0,0
0.245,0,0,0,0,0,0,0,0
0.25,0,0,0,0,0,0,0,0
0.255,0,0,0,0,0,0,0,0
0.26,0,0,0,0,0,0,0,0
0.265,0,0,0,0,0,0,0,0
0.27,0,0,0,0,0,0,0,0
0.275,0,0,0,0,0,0,0,0
0.28,0,0,0,0,0,0,0,0
0.285,0,0,0,0,0,0,0,0
0.29,0,0,0,0,0,0,0,0
0.295,0,0,0,0,0,0,0,0
0.3,0,0,0,0,0,0,0,0
0.305,0,0,0,0,0,0,0,0
0.31,0,0,0,0,0,0,0,0
0.315,0,0,0,0,0,0,0,0
0.32,0,0,0,0,0,0,0,0
0.325,0,0,0,0,0,0,0,0
0.33,0,0,0,0,0,0,0,0
0.335,0,0,0,0,0,0,0,0
0.34,0,0,0,0,0,0,0,0
0.345,0,0,0,0,0,0,0,0
0.35,0,0,0,0,0,0,0,0
0.355,0,0,0,0,0,0,0,0
0.36,0,0,0,0,0,0,0,0
0.365,0,0,0,0,0,0,0,0
0.37,0,0,0,0,0,0,0,0
0.375,0,0,0,0,0,0,0,0
0.38,0,0,0,0,0,0,0,0
0.385,0,0,0,0,0,0,0,0
0.39,0,0,0,0,0,0,0,0
0.395,0,0,0,0,0,0,0,0
0.4,0,0,0,0,0,0,0,0
0.405,0,0,0,0,0,0,0,0
0.41,0,0,0,0,0,0,0,0
0.415,0,0,0,0,0,0,0,0
0.42,0,0,0,0,0,0,0,0
0.425,0,0,0,0,0,0,0,0
0.43,0,0,0,0,0,0,0,0
0.435,0,0,0,0,0,0,0,0
0.44,0,0,0,0,0,0,0,0
0.445,0,0,0,0,0,0,0,0
0.45,0,0,0,0,0,0,0,0
0.455,0,0,0,0,0,0,0,0
0.46,0,0,0,0,0,0,0,0
0.465,0,0,0,0,0,0,0,0
0.47,0,0,0,0,0,0,0,0
0.475,0,0,0,0,0,0,0,0
0.48,0,0,0,0,0,0,0,0
0.485,0,0,0,0,0,0,0,0
0.49,0,0,0,0,0,0,0,0
0.495,0,0,0,0,0,0,0,0
0.5,0,0,0,0,0,0,0,0
0.505,0,0,0,0,0,0,0,0
0.51,0,0,0,0,0,0,0,0
0.515,0,0,0,0,0,0,0,0
0.52,0,0,0,0,0,0,0,0
0.525,0,0,0,0,0,0,0,0
0.53,0,0,0,0,0,0,0,0
0.535,0,0,0,0,0,0,0,0
0.54,0,0,0,0,0,0,0,0
0.545,0,0,0,0,0,0,0,0
0.55,0,0,0,0,0,0,0,0
0.555,0,0,0,0,0,0,0,0
0.56,0,0,0,0,0,0,0,0
0.565,0,0,0,0,0,0,0,0
0.57,0,0,0,0,0,0,0,0
0.575,0,0,0,0,0,0,0,0
0.58,0,0,0,0,0,0,0,0
0.585,0,0,0,0,0,0,0,0
0.59,0,0,0,0,0,0,0,0
0.595,0,0,0,0,0,0,0,0
0.6,0,0,0,0,0,0,0,0
0.605,0,0,0,0,0,0,0,0
0.61,0,0,0,0,0,0,0,0
0.615,0,0,0,0,0,0,0,0
0.62,0,0,0,0,0,0,0,0
0.625,0,0,0,0,0,0,0,0
0.63,0,0,0,0,0,0,0,0
0.635,0,0,0,0,0,0,0,0
0.64,0,0,0,0,0,0,0,0
0.645,0,0,0,0,0,0,0,0
0.65,0,0,0,0,0,0,0,0
0.655,0,0,0,0,0,0,0,0
0.66,0,0,0,0,0,0,0,0
0.665,0,0,0,0,0,0,0,0
0.67,0,0,0,0,0,0,0,0
0.675,0,0,0,0,0,0,0,0
0.68,0,0,0,0,0,0,0,0
0.685,0,0,0,0,0,0,0,0
0.69,0,0,0,0,0,0,0,0
0.695,0,0,0,0,0,0,0,0
0.7,0,0,0,0,0,0,0,0
0.705,0,0,0,0,0,0,0,0
0.71,0,0,0,0,0,0,0,0
0.715,0,0,0,0,0,0,0,0
0.72,0,0,0,0,0,0,0,0
0.725,0,0,0,0,0,0,0,0
0.73,0,0,0,0,0,0,0,0
0.735,0,0,0,0,0,0,0,0
0.74,0,0,0,0,0,0,0,0
0.745,0,0,0,0,0,0,0,0
0.75,0,0,0,0,0,0,0,0
0.755,0,0,0,0,0,0,0,0
0.76,0,0,0,0,0,0,0,0
0.765,0,0,0,0,0,0,0,0
0.77,0,0,0,0,0,0,0,0
0.775,0,0,0,0,0,0,0,0
0.78,0,0,0,0,0,0,0,0
0.785,0,0,0,0,0,0,0,0
0.79,0,0,0,0,0,0,0,0
0.795,0,0,0,0,0,0,0,0
0.8,0,0,0,0,0,0,0,0
0.805,0,0,0,0,0,0,0,0
0.81,0,0,0,0,0,0,0,0
0.815,0,0,0,0,0,0,0,0
0.82,0,0,0,0,0,0,0,0
0.825,0,0,0,0,0,0,0,0
0.83,0,0,0,0,0,0,0,0
0.835,0,0,0,0,0,0,0,0
0.84,0,0,0,0,0,0,0,0
0.845,0,0,0,0,0,0,0,0
0.85,0,0,0,0,0,0,0,0
0.855,0,0,0,0,0,0,0,0
0.86,0,0,0,0,0,0,0,0
0.865,0,0,0,0,0,0,0,0
0.87,0,0,0,0,0,0,0,0
0.875,0,0,0,0,0,0,0,0
0.88,0,0,0,0,0,0,0,0
0.885,0,0,0,0,0,0,0,0
0.89,0,0,0,0,0,0,0,0
0.895,0,0,0,0,0,0,0,0
0.9,0,0,0,0,0,0,0,0
0.905,0,0,0,0,0,0,0,0
0.91,0,0,0,0,0,0,0,0
0.915,0,0,0,0,0,0,0,0
0.92,0,0,0,0,0,0,0,0
0.925,0,0,0,0,0,0,0,0
0.93,0,0,0,0,0,0,0,0
0.935,0,0,0,0,0,0,0,0
0.94,0,0,0,0,0,0,0,0
0.945,0,0,0,0,0,0,0,0
0.95,0,0,0,0,0,0,0,0
0.955,0,0,0,0,0,0,0,0
0.96,0,0,0,0,0,0,0,0
0.965,0,0,0,0,0,0,0,0
0.97,0,0,0,0,0,0,0,0
0.975,0,0,0,0,0,0,0,0
0.98,0,0,0,0,0,0,0,0
0.985,0,0,0,0,0,0,0,0
0.99,0,0,0,0,0,0,0,0
0.995,0,0,0,0,0,0,0,0
1,0,0,0,0,0,0,0,0
1.005,0,0,0,0,0,0,0,0
1.01,0,0,0,0,0,0,0,0
1.015,0,0,0,0,0,0,0,0
1.02,0,0,0,0,0,0,0,0
1.025,0,0,0,0,0,0,0,0
1.03,0,0,0,0,0,0,0,0
1.035,0,0,0,0,0,0,0,0
1.04,0,0,0,0,0,0,0,0
1.045,0,0,0,0,0,0,0,0
1.05,0,0,0,0,0,0,0,0
1.055,0,0,0,0,0,0,0,0
1.06,0,0,0,0,0,0,0,0
1.065,0,0,0,0,0,0,0,0
1.07,0,0,0,0,0,0,0,0
1.075,0,0,0,0,0,0,0,0
1.08,4.570700662e-08,0,0,2.730751766e-05,0,0,0.97541151,0.97541151
1.085,3.610346879e-07,0,0,0.0001073952743,0,0,1.903251639,1.903251639
1.09,1.203200932e-06,0,0,0.0002376120501,0,0,2.785840472,2.785840472
1.095,2.816493615e-06,0,0,0.0004154359725,0,0,3.625384939,3.625384939
1.1,5.432901308e-06,0,0,0.0006384681817,0,0,4.423984339,4.423984339
1.105,9.272713277e-06,0,0,0.0009044268064,0,0,5.183635586,5.183635586
1.11,1.454508984e-05,0,0,0.001211141239,0,0,5.906238206,5.906238206
1.115,2.144860512e-05,0,0,0.00155654669,0,0,6.593599079,6.593599079
1.12,3.017176287e-05,0,0,0.001938679013,0,0,7.247436968,7.247436968
1.125,4.08934876e-05,0,0,0.00235566978,0,0,7.869386806,7.869386806
1.13,5.378359099e-05,0,0,0.002805741604,0,0,8.461003793,8.461003793
1.135,6.900321615e-05,0,0,0.003287203688,0,0,9.023767278,9.023767278
1.14,8.670525986e-05,0,0,0.00379844759,0,0,9.559084465,9.559084465
1.145,0.0001070347741,0,0,0.004337943206,0,0,10.06829392,10.06829392
1.15,0.0001301293482,0,0,0.004904234936,0,0,10.55266895,10.55266895
1.155,0.000156119472,0,0,0.00549593805,0,0,11.01342072,11.01342072
1.16,0.0001851288819,0,0,0.006111735226,0,0,11.45170136,11.45170136
1.165,0.000217274889,0,0,0.006750373257,0,0,11.86860681,11.86860681
1.17,0.0002526686923,0,0,0.007410659924,0,0,12.26517953,12.26517953
1.175,0.0002914156759,0,0,0.008091461021,0,0,12.64241118,12.64241118
1.18,0.000333615692,0,0,0.008791697518,0,0,13.00124502,13.00124502
1.185,0.0003793633298,0,0,0.009510342877,0,0,13.34257833,13.34257833
1.19,0.0004287481718,0,0,0.01024642048,0,0,13.66726461,13.66726461
1.195,0.0004818550373,0,0,0.01099900122,0,0,13.97611576,13.97611576
1.2,0.0005387642136,0,0,0.01176720114,0,0,14.26990406,14.26990406
1.205,0.0005995516768,0,0,0.01255017927,0,0,14.54936414,14.54936414
1.21,0.000664289301,0,0,0.01334713553,0,0,14.81519479,14.81519479
1.215,0.0007330450582,0,0,0.0141573087,0,0,15.06806072,15.06806072
1.22,0.0008058832073,0,0,0.01497997457,0,0,15.30859424,15.30859424
1.225,0.0008828644749,0,0,0.01581444412,0,0,15.5373968,15.5373968
1.23,0.0009640462269,0,0,0.01666006178,0,0,15.75504052,15.75504052
1.235,0.001049482632,0,0,0.01751620385,0,0,15.96206964,15.96206964
1.24,0.001139224815,0,0,0.01838227689,0,0,16.15900183,16.15900183
1.245,0.00123332101,0,0,0.01925771632,0,0,16.34632952,16.34632952
1.25,0.001331816692,0,0,0.02014198493,0,0,16.52452113,16.52452113
1.255,0.001434754721,0,0,0.0210345716,0,0,16.69402224,16.69402224
1.26,0.00154217546,0,0,0.02193499002,0,0,16.85525667,16.85525667
1.265,0.001654116902,0,0,0.02284277748,0,0,17.00862762,17.00862762
1.27,0.001770614782,0,0,0.02375749373,0,0,17.15451857,17.15451857
1.275,0.001891702688,0,0,0.02467871985,0,0,17.29329434,17.29329434
1.28,0.002017412164,0,0,0.02560605726,0,0,17.42530193,17.42530193
1.285,0.002147772813,0,0,0.0265391267,0,0,17.55087143,17.55087143
1.29,0.002282812382,0,0,0.02747756731,0,0,17.67031684,17.67031684
1.295,0.002422556864,0,0,0.0284210357,0,0,17.78393683,17.78393683
1.3,0.002567030574,0,0,0.02936920514,0,0,17.89201551,17.89201551
1.305,0.002716256232,0,0,0.03032176474,0,0,17.99482313,17.99482313
1.31,0.002870255044,0,0,0.03127841866,0,0,18.09261676,18.09261676
1.315,0.003029046772,0,0,0.03223888538,0,0,18.18564093,18.18564093
1.32,0.003192649806,0,0,0.03320289704,0,0,18.27412827,18.27412827
1.325,0.003361081226,0,0,0.03417019873,0,0,18.35830003,18.35830003
1.33,0.003534356871,0,0,0.03514054787,0,0,18.43836668,18.43836668
1.335,0.003712491398,0,0,0.03611371366,0,0,18.51452844,18.51452844
1.34,0.003895498335,0,0,0.03708947642,0,0,18.58697574,18.58697574
1.345,0.004083390142,0,0,0.03806762713,0,0,18.65588974,18.65588974
1.35,0.004276178255,0,0,0.03904796687,0,0,18.72144278,18.72144278
1.355,0.004473873143,0,0,0.04003030633,0,0,18.78379875,18.78379875
1.36,0.00467648435,0,0,0.04101446536,0,0,18.84311358,18.84311358
1.365,0.004884020543,0,0,0.04200027252,0,0,18.8995356,18.8995356
1.37,0.00509648955,0,0,0.04298756465,0,0,18.95320588,18.95320588
1.375,0.005313898405,0,0,0.04397618645,0,0,19.00425863,19.00425863
1.38,0.005536253384,0,0,0.04496599016,0,0,19.05282151,19.05282151
1.385,0.005763560041,0,0,0.04595683513,0,0,19.09901595,19.09901595
1.39,0.005995823247,0,0,0.04694858749,0,0,19.14295746,19.14295746
1.395,0.006233047216,0,0,0.04794111984,0,0,19.18475592,19.18475592
1.4,0.006475235543,0,0,0.04893431094,0,0,19.22451584,19.22451584
1.405,0.006722391231,0,0,0.04992804537,0,0,19.26233665,19.26233665
1.41,0.006974516719,0,0,0.05092221329,0,0,19.29831292,19.29831292
1.415,0.007231613912,0,0,0.05191671015,0,0,19.3325346,19.3325346
1.42,0.007493684202,0,0,0.05291143643,0,0,19.36508727,19.36508727
1.425,0.0077607285,0,0,0.05390629743,0,0,19.39605233,19.39605233
1.43,0.008032747251,0,0,0.05490120297,0,0,19.42550721,19.42550721
1.435,0.008309740461,0,0,0.05589606723,0,0,19.45352555,19.45352555
1.44,0.008591707718,0,0,0.05689080854,0,0,19.48017742,19.48017742
1.445,0.008878648211,0,0,0.05788534912,0,0,19.50552947,19.50552947
1.45,0.009170560751,0,0,0.05887961496,0,0,19.52964508,19.52964508
1.455,0.009467443785,0,0,0.0598735356,0,0,19.55258456,19.55258456
1.46,0.00976929542,0,0,0.06086704395,0,0,19.57440527,19.57440527
1.465,0.01007611343,0,0,0.06186007616,0,0,19.59516177,19.59516177
1.47,0.01038789529,0,0,0.06285257145,0,0,19.61490596,19.61490596
1.475,0.01070463815,0,0,0.06384447194,0,0,19.63368722,19.63368722
1.48,0.01102633892,0,0,0.06483572254,0,0,19.65155251,19.65155251
1.485,0.01135299421,0,0,0.06582627081,0,0,19.66854649,19.66854649
1.49,0.01168460038,0,0,0.06681606681,0,0,19.68471167,19.68471167
1.495,0.01202115354,0,0,0.06780506299,0,0,19.70008846,19.70008846
1.5,0.0123626496,0,0,0.0687932141,0,0,19.71471532,19.71471532
1.505,0.0127090842,0,0,0.06978047705,0,0,19.72862882,19.72862882
1.51,0.01306045282,0,0,0.0707668108,0,0,19.74186375,19.74186375
1.515,0.0134167507,0,0,0.0717521763,0,0,19.7544532,19.7544532
1.52,0.01377797291,0,0,0.07273653634,0,0,19.76642866,19.76642866
1.525,0.01414411433,0,0,0.07371985552,0,0,19.77782007,19.77782007
1.53,0.01451516967,0,0,0.07470210011,0,0,19.78865591,19.78865591
1.535,0.01489113348,0,0,0.07568323801,0,0,19.79896329,19.79896329
1.54,0.01527200016,0,0,0.07666323865,0,0,19.80876796,19.80876796
1.545,0.01565776393,0,0,0.07764207292,0,0,19.81809446,19.81809446
1.55,0.01604841889,0,0,0.0786197131,0,0,19.8269661,19.8269661
1.555,0.01644395902,0,0,0.07959613279,0,0,19.83540506,19.83540506
1.56,0.01684437815,0,0,0.08057130688,0,0,19.84343245,19.84343245
1.565,0.01724966998,0,0,0.08154521141,0,0,19.85106834,19.85106834
1.57,0.01765982811,0,0,0.08251782362,0,0,19.85833182,19.85833182
1.575,0.01807484602,0,0,0.08348912179,0,0,19.86524106,19.86524106
1.58,0.0184947171,0,0,0.08445908528,0,0,19.87181333,19.87181333
1.585,0.01891943462,0,0,0.08542769439,0,0,19.87806507,19.87806507
1.59,0.01934899176,0,0,0.08639493041,0,0,19.88401191,19.88401191
1.595,0.0197833816,0,0,0.08736077549,0,0,19.88966871,19.88966871
1.6,0.02022259716,0,0,0.08832521265,0,0,19.89504963,19.89504963
1.605,0.02066663136,0,0,0.08928822571,0,0,19.90016812,19.90016812
1.61,0.02111547702,0,0,0.09024979928,0,0,19.90503698,19.90503698
1.615,0.02156912693,0,0,0.09120991868,0,0,19.90966838,19.90966838
1.62,0.02202757376,0,0,0.09216856997,0,0,19.91407391,19.91407391
1.625,0.02249081016,0,0,0.09312573986,0,0,19.91826457,19.91826457
1.63,0.02295882867,0,0,0.09408141568,0,0,19.92225085,19.92225085
1.635,0.0234316218,0,0,0.09503558539,0,0,19.92604273,19.92604273
1.64,0.02390918199,0,0,0.09598823752,0,0,19.92964966,19.92964966
1.645,0.02439150163,0,0,0.09693936116,0,0,19.93308069,19.93308069
1.65,0.02487857304,0,0,0.09788894592,0,0,19.93634438,19.93634438
1.655,0.02537038851,0,0,0.0988369819,0,0,19.9394489,19.9394489
1.66,0.02586694026,0,0,0.0997834597,0,0,19.94240202,19.94240202
1.665,0.02636822049,0,0,0.1007283704,0,0,19.9452111,19.9452111
1.67,0.02687422134,0,0,0.1016717054,0,0,19.94788319,19.94788319
1.675,0.02738493491,0,0,0.1026134566,0,0,19.95042496,19.95042496
1.68,0.02790035325,0,0,0.1035536163,0,0,19.95284276,19.95284276
1.685,0.02842046841,0,0,0.1044921772,0,0,19.95514265,19.95514265
1.69,0.02894527235,0,0,0.1054291323,0,0,19.95733036,19.95733036
1.695,0.02947475704,0,0,0.106364475,0,0,19.95941139,19.95941139
1.7,0.0300089144,0,0,0.1072981989,0,0,19.96139092,19.96139092
1.705,0.03054773632,0,0,0.108230298,0,0,19.9632739,19.9632739
1.71,0.03109121466,0,0,0.1091607667,0,0,19.96506506,19.96506506
1.715,0.03163934126,0,0,0.1100895995,0,0,19.96676885,19.96676885
1.72,0.03219210792,0,0,0.1110167913,0,0,19.96838956,19.96838956
1.725,0.03274950643,0,0,0.1119423373,0,0,19.96993122,19.96993122
1.73,0.03331152855,0,0,0.1128662326,0,0,19.97139769,19.97139769
1.735,0.033878166,0,0,0.113788473,0,0,19.97279264,19.97279264
1.74,0.03444941051,0,0,0.1147090543,0,0,19.97411956,19.97411956
1.745,0.03502525377,0,0,0.1156279725,0,0,19.97538176,19.97538176
1.75,0.03560568746,0,0,0.1165452238,0,0,19.97658241,19.97658241
1.755,0.03619070323,0,0,0.1174608047,0,0,19.9777245,19.9777245
1.76,0.03678029271,0,0,0.1183747118,0,0,19.97881089,19.97881089
1.765,0.03737444755,0,0,0.1192869419,0,0,19.97984429,19.97984429
1.77,0.03797315933,0,0,0.120197492,0,0,19.9808273,19.9808273
1.775,0.03857641966,0,0,0.1211063593,0,0,19.98176236,19.98176236
1.78,0.03918422012,0,0,0.1220135409,0,0,19.98265182,19.98265182
1.785,0.03979655226,0,0,0.1229190345,0,0,19.9834979,19.9834979
1.79,0.04041340764,0,0,0.1238228374,0,0,19.98430272,19.98430272
1.795,0.04103477781,0,0,0.1247249476,0,0,19.98506828,19.98506828
1.8,0.0416606543,0,0,0.1256253628,0,0,19.98579651,19.98579651
1.805,0.04229102861,0,0,0.1265240811,0,0,19.98648922,19.98648922
1.81,0.04292589228,0,0,0.1274211005,0,0,19.98714815,19.98714815
1.815,0.04356523678,0,0,0.1283164193,0,0,19.98777494,19.98777494
1.82,0.04420905363,0,0,0.1292100358,0,0,19.98837117,19.98837117
1.825,0.0448573343,0,0,0.1301019484,0,0,19.98893831,19.98893831
1.83,0.04551007027,0,0,0.1309921557,0,0,19.9894778,19.9894778
1.835,0.04616725301,0,0,0.1318806563,0,0,19.98999097,19.98999097
1.84,0.04682887399,0,0,0.132767449,0,0,19.99047912,19.99047912
1.845,0.04749492465,0,0,0.1336525325,0,0,19.99094346,19.99094346
1.85,0.04816539646,0,0,0.1345359059,0,0,19.99138515,19.99138515
1.855,0.04884028086,0,0,0.135417568,0,0,19.9918053,19.9918053
1.86,0.04951956929,0,0,0.136297518,0,0,19.99220496,19.99220496
1.865,0.05020325319,0,0,0.1371757551,0,0,19.99258513,19.99258513
1.87,0.05089132398,0,0,0.1380522783,0,0,19.99294676,19.99294676
1.875,0.05158377311,0,0,0.1389270871,0,0,19.99329075,19.99329075
1.88,0.052280592,0,0,0.1398001808,0,0,19.99361796,19.99361796
1.885,0.05298177206,0,0,0.1406715589,0,0,19.99392922,19.99392922
1.89,0.05368730473,0,0,0.1415412207,0,0,19.99422529,19.99422529
1.895,0.05439718141,0,0,0.142409166,0,0,19.99450693,19.99450693
1.9,0.05511139352,0,0,0.1432753942,0,0,19.99477483,19.99477483
1.905,0.05582993249,0,0,0.1441399051,0,0,19.99502966,19.99502966
1.91,0.05655278971,0,0,0.1450026984,0,0,19.99527207,19.99527207
1.915,0.05727995661,0,0,0.1458637739,0,0,19.99550265,19.99550265
1.92,0.05801142459,0,0,0.1467231314,0,0,19.99572199,19.99572199
1.925,0.05874718506,0,0,0.1475807707,0,0,19.99593063,19.99593063
1.93,0.05948722943,0,0,0.1484366919,0,0,19.9961291,19.9961291
1.935,0.06023154911,0,0,0.1492908948,0,0,19.99631788,19.99631788
1.94,0.06098013552,0,0,0.1501433796,0,0,19.99649746,19.99649746
1.945,0.06173298005,0,0,0.1509941462,0,0,19.99666828,19.99666828
1.95,0.06249007411,0,0,0.1518431948,0,0,19.99683077,19.99683077
1.955,0.06325140913,0,0,0.1526905254,0,0,19.99698534,19.99698534
1.96,0.06401697651,0,0,0.1535361384,0,0,19.99713236,19.99713236
1.965,0.06478676765,0,0,0.1543800339,0,0,19.99727222,19.99727222
1.97,0.06556077398,0,0,0.1552222121,0,0,19.99740526,19.99740526
1.975,0.06633898691,0,0,0.1560626734,0,0,19.9975318,19.9975318
1.98,0.06712139786,0,0,0.1569014181,0,0,19.99765218,19.99765218
1.985,0.06790799823,0,0,0.1577384466,0,0,19.99776668,19.99776668
1.99,0.06869877946,0,0,0.1585737592,0,0,19.9978756,19.9978756
1.995,0.06949373297,0,0,0.1594073564,0,0,19.99797921,19.99797921
2,0.07029285017,0,0,0.1602392386,0,0,19.99807777,19.99807777
2.005,0.07109612249,0,0,0.1610694063,0,0,19.99817152,19.99817152
2.01,0.07190354137,0,0,0.1618978601,0,0,19.99826069,19.99826069
2.015,0.07271509824,0,0,0.1627246004,0,0,19.99834552,19.99834552
2.02,0.07353078452,0,0,0.1635496279,0,0,19.99842621,19.99842621
2.025,0.07435059166,0,0,0.1643729432,0,0,19.99850296,19.99850296
2.03,0.0751745111,0,0,0.1651945469,0,0,19.99857597,19.99857597
2.035,0.07600253428,0,0,0.1660144396,0,0,19.99864542,19.99864542
2.04,0.07683465265,0,0,0.166832622,0,0,19.99871149,19.99871149
2.045,0.07767085765,0,0,0.1676490949,0,0,19.99877433,19.99877433
2.05,0.07851114075,0,0,0.1684638589,0,0,19.99883411,19.99883411
2.055,0.07935549339,0,0,0.1692769149,0,0,19.99889097,19.99889097
2.06,0.08020390705,0,0,0.1700882635,0,0,19.99894506,19.99894506
2.065,0.08105637319,0,0,0.1708979056,0,0,19.99899651,19.99899651
2.07,0.08191288327,0,0,0.1717058421,0,0,19.99904545,19.99904545
2.075,0.08277342877,0,0,0.1725120737,0,0,19.999092,19.999092
2.08,0.08363800116,0,0,0.1733166013,0,0,19.99913628,19.99913628
2.085,0.08450659194,0,0,0.1741194258,0,0,19.99917841,19.99917841
2.09,0.08537919258,0,0,0.1749205481,0,0,19.99921848,19.99921848
2.095,0.08625579459,0,0,0.1757199692,0,0,19.99925659,19.99925659
2.1,0.08713638944,0,0,0.17651769,0,0,19.99929285,19.99929285
2.105,0.08802096865,0,0,0.1773137114,0,0,19.99932734,19.99932734
2.11,0.08890952372,0,0,0.1781080344,0,0,19.99936014,19.99936014
2.115,0.08980204617,0,0,0.1789006601,0,0,19.99939135,19.99939135
2.12,0.0906985275,0,0,0.1796915895,0,0,19.99942103,19.99942103
2.125,0.09159895924,0,0,0.1804808235,0,0,19.99944927,19.99944927
2.13,0.09250333291,0,0,0.1812683633,0,0,19.99947613,19.99947613
2.135,0.09341164005,0,0,0.18205421,0,0,19.99950168,19.99950168
2.14,0.09432387219,0,0,0.1828383646,0,0,19.99952598,19.99952598
2.145,0.09524002088,0,0,0.1836208282,0,0,19.9995491,19.9995491
2.15,0.09616007766,0,0,0.184401602,0,0,19.99957109,19.99957109
2.155,0.09708403408,0,0,0.1851806872,0,0,19.99959201,19.99959201
2.16,0.09801188172,0,0,0.1859580848,0,0,19.99961191,19.99961191
2.165,0.09894361212,0,0,0.186733796,0,0,19.99963084,19.99963084
2.17,0.09987921687,0,0,0.1875078221,0,0,19.99964884,19.99964884
2.175,0.1008186875,0,0,0.1882801643,0,0,19.99966597,19.99966597
2.18,0.1017620157,0,0,0.1890508237,0,0,19.99968226,19.99968226
2.185,0.102709193,0,0,0.1898198017,0,0,19.99969775,19.99969775
2.19,0.1036602109,0,0,0.1905870994,0,0,19.99971249,19.99971249
2.195,0.1046150612,0,0,0.1913527182,0,0,19.99972652,19.99972652
2.2,0.1055737353,0,0,0.1921166593,0,0,19.99973985,19.99973985
2.205,0.106536225,0,0,0.1928789241,0,0,19.99975254,19.99975254
2.21,0.1075025218,0,0,0.1936395137,0,0,19.99976461,19.99976461
2.215,0.1084726173,0,0,0.1943984297,0,0,19.99977609,19.99977609
2.22,0.1094465033,0,0,0.1951556732,0,0,19.99978701,19.99978701
2.225,0.1104241713,0,0,0.1959112457,0,0,19.9997974,19.9997974
2.23,0.1114056129,0,0,0.1966651485,0,0,19.99980728,19.99980728
2.235,0.11239082,0,0,0.1974173831,0,0,19.99981668,19.99981668
2.24,0.113379784,0,0,0.1981679507,0,0,19.99982562,19.99982562
2.245,0.1143724967,0,0,0.1989168529,0,0,19.99983412,19.99983412
2.25,0.1153689497,0,0,0.199664091,0,0,19.99984221,19.99984221
2.255,0.1163691348,0,0,0.2004096665,0,0,19.99984991,19.99984991
2.26,0.1173730436,0,0,0.2011535808,0,0,19.99985723,19.99985723
2.265,0.1183806679,0,0,0.2018958354,0,0,19.99986419,19.99986419
2.27,0.1193919992,0,0,0.2026364318,0,0,19.99987082,19.99987082
2.275,0.1204070294,0,0,0.2033753714,0,0,19.99987712,19.99987712
2.28,0.1214257502,0,0,0.2041126558,0,0,19.99988311,19.99988311
2.285,0.1224481532,0,0,0.2048482864,0,0,19.99988881,19.99988881
2.29,0.1234742303,0,0,0.2055822647,0,0,19.99989423,19.99989423
2.295,0.1245039731,0,0,0.2063145924,0,0,19.99989939,19.99989939
2.3,0.1255373735,0,0,0.207045271,0,0,19.9999043,19.9999043
2.305,0.1265744231,0,0,0.2077743019,0,0,19.99990897,19.99990897
2.31,0.1276151138,0,0,0.2085016868,0,0,19.9999134,19.9999134
2.315,0.1286594372,0,0,0.2092274273,0,0,19.99991763,19.99991763
2.32,0.1297073853,0,0,0.209951525,0,0,19.99992165,19.99992165
2.325,0.1307589497,0,0,0.2106739814,0,0,19.99992547,19.99992547
2.33,0.1318141224,0,0,0.2113947982,0,0,19.9999291,19.9999291
2.335,0.132872895,0,0,0.212113977,0,0,19.99993256,19.99993256
2.34,0.1339352594,0,0,0.2128315195,0,0,19.99993585,19.99993585
2.345,0.1350012075,0,0,0.2135474272,0,0,19.99993898,19.99993898
2.35,0.136070731,0,0,0.2142617019,0,0,19.99994195,19.99994195
2.355,0.1371438218,0,0,0.2149743452,0,0,19.99994478,19.99994478
2.36,0.1382204717,0,0,0.2156853588,0,0,19.99994748,19.99994748
2.365,0.1393006726,0,0,0.2163947444,0,0,19.99995004,19.99995004
2.37,0.1403844164,0,0,0.2171025037,0,0,19.99995248,19.99995248
2.375,0.141471695,0,0,0.2178086384,0,0,19.99995479,19.99995479
2.38,0.1425625001,0,0,0.2185131502,0,0,19.999957,19.999957
2.385,0.1436568238,0,0,0.2192160409,0,0,19.9999591,19.9999591
2.39,0.1447546578,0,0,0.2199173122,0,0,19.99996109,19.99996109
2.395,0.1458559942,0,0,0.2206169658,0,0,19.99996299,19.99996299
2.4,0.1469608248,0,0,0.2213150035,0,0,19.99996479,19.99996479
2.405,0.1480691415,0,0,0.2220114272,0,0,19.99996651,19.99996651
2.41,0.1491809364,0,0,0.2227062385,0,0,19.99996814,19.99996814
2.415,0.1502962012,0,0,0.2233994392,0,0,19.9999697,19.9999697
2.42,0.1514149281,0,0,0.2240910312,0,0,19.99997117,19.99997117
2.425,0.1525371089,0,0,0.2247810163,0,0,19.99997258,19.99997258
2.43,0.1536627356,0,0,0.2254693963,0,0,19.99997392,19.99997392
2.435,0.1547918002,0,0,0.226156173,0,0,19.99997519,19.99997519
2.44,0.1559242946,0,0,0.2268413482,0,0,19.9999764,19.9999764
2.445,0.157060211,0,0,0.2275249239,0,0,19.99997755,19.99997755
2.45,0.1581995412,0,0,0.2282069018,0,0,19.99997865,19.99997865
2.455,0.1593422773,0,0,0.2288872838,0,0,19.99997969,19.99997969
2.46,0.1604884114,0,0,0.2295660718,0,0,19.99998068,19.99998068
2.465,0.1616379354,0,0,0.2302432678,0,0,19.99998162,19.99998162
2.47,0.1627908414,0,0,0.2309188735,0,0,19.99998252,19.99998252
2.475,0.1639471215,0,0,0.2315928908,0,0,19.99998337,19.99998337
2.48,0.1651067677,0,0,0.2322653218,0,0,19.99998418,19.99998418
2.485,0.1662697721,0,0,0.2329361682,0,0,19.99998495,19.99998495
2.49,0.1674361267,0,0,0.2336054321,0,0,19.99998569,19.99998569
2.495,0.1686058238,0,0,0.2342731153,0,0,19.99998638,19.99998638
2.5,0.1697788552,0,0,0.2349392198,0,0,19.99998705,19.99998705
2.505,0.1709552133,0,0,0.2356037476,0,0,19.99998768,19.99998768
2.51,0.1721348901,0,0,0.2362667006,0,0,19.99998828,19.99998828
2.515,0.1733178777,0,0,0.2369280808,0,0,19.99998885,19.99998885
2.52,0.1745041683,0,0,0.2375878901,0,0,19.9999894,19.9999894
2.525,0.175693754,0,0,0.2382461306,0,0,19.99998991,19.99998991
2.53,0.176886627,0,0,0.2389028042,0,0,19.9999904,19.9999904
2.535,0.1780827794,0,0,0.2395579129,0,0,19.99999087,19.99999087
2.54,0.1792822035,0,0,0.2402114588,0,0,19.99999132,19.99999132
2.545,0.1804848914,0,0,0.2408634438,0,0,19.99999174,19.99999174
2.55,0.1816908353,0,0,0.2415138699,0,0,19.99999214,19.99999214
2.555,0.1829000275,0,0,0.2421627393,0,0,19.99999253,19.99999253
2.56,0.1841124601,0,0,0.2428100538,0,0,19.99999289,19.99999289
2.565,0.1853281255,0,0,0.2434558157,0,0,19.99999324,19.99999324
2.57,0.1865470157,0,0,0.2441000268,0,0,19.99999357,19.99999357
2.575,0.1877691232,0,0,0.2447426894,0,0,19.99999388,19.99999388
2.58,0.18899444,0,0,0.2453838054,0,0,19.99999418,19.99999418
2.585,0.1902229586,0,0,0.2460233769,0,0,19.99999446,19.99999446
2.59,0.1914546712,0,0,0.246661406,0,0,19.99999473,19.99999473
2.595,0.1926895701,0,0,0.2472978948,0,0,19.99999499,19.99999499
2.6,0.1939276476,0,0,0.2479328453,0,0,19.99999524,19.99999524
2.605,0.195168896,0,0,0.2485662598,0,0,19.99999547,19.99999547
2.61,0.1964133077,0,0,0.2491981402,0,0,19.99999569,19.99999569
2.615,0.1976608749,0,0,0.2498284887,0,0,19.9999959,19.9999959
2.62,0.19891159,0,0,0.2504573074,0,0,19.9999961,19.9999961
2.625,0.2001654454,0,0,0.2510845984,0,0,19.99999629,19.99999629
2.63,0.2014224334,0,0,0.2517103639,0,0,19.99999647,19.99999647
2.635,0.2026825465,0,0,0.252334606,0,0,19.99999664,19.99999664
2.64,0.203945777,0,0,0.2529573269,0,0,19.99999681,19.99999681
2.645,0.2052121172,0,0,0.2535785287,0,0,19.99999696,19.99999696
2.65,0.2064815597,0,0,0.2541982135,0,0,19.99999711,19.99999711
2.655,0.2077540968,0,0,0.2548163835,0,0,19.99999725,19.99999725
2.66,0.209029721,0,0,0.255433041,0,0,19.99999739,19.99999739
2.665,0.2103084247,0,0,0.256048188,0,0,19.99999751,19.99999751
2.67,0.2115902004,0,0,0.2566618267,0,0,19.99999763,19.99999763
2.675,0.2128750405,0,0,0.2572739594,0,0,19.99999775,19.99999775
2.68,0.2141629375,0,0,0.2578845882,0,0,19.99999786,19.99999786
2.685,0.2154538839,0,0,0.2584937153,0,0,19.99999796,19.99999796
2.69,0.2167478721,0,0,0.2591013429,0,0,19.99999806,19.99999806
2.695,0.2180448948,0,0,0.2597074733,0,0,19.99999816,19.99999816
2.7,0.2193449444,0,0,0.2603121087,0,0,19.99999825,19.99999825
2.705,0.2206480134,0,0,0.2609152512,0,0,19.99999833,19.99999833
2.71,0.2219540944,0,0,0.2615169031,0,0,19.99999841,19.99999841
2.715,0.22326318,0,0,0.2621170666,0,0,19.99999849,19.99999849
2.72,0.2245752626,0,0,0.262715744,0,0,19.99999856,19.99999856
2.725,0.2258903349,0,0,0.2633129376,0,0,19.99999863,19.99999863
2.73,0.2272083895,0,0,0.2639086494,0,0,19.9999987,19.9999987
2.735,0.228529419,0,0,0.2645028819,0,0,19.99999876,19.99999876
2.74,0.2298534159,0,0,0.2650956372,0,0,19.99999883,19.99999883
2.745,0.2311803729,0,0,0.2656869177,0,0,19.99999888,19.99999888
2.75,0.2325102826,0,0,0.2662767256,0,0,19.99999894,19.99999894
2.755,0.2338431377,0,0,0.2668650631,0,0,19.99999899,19.99999899
2.76,0.2351789308,0,0,0.2674519326,0,0,19.99999904,19.99999904
2.765,0.2365176546,0,0,0.2680373363,0,0,19.99999908,19.99999908
2.77,0.2378593017,0,0,0.2686212765,0,0,19.99999913,19.99999913
2.775,0.2392038649,0,0,0.2692037555,0,0,19.99999917,19.99999917
2.78,0.2405513368,0,0,0.2697847755,0,0,19.99999921,19.99999921
2.785,0.2419017102,0,0,0.270364339,0,0,19.99999925,19.99999925
2.79,0.2432549778,0,0,0.2709424482,0,0,19.99999929,19.99999929
2.795,0.2446111323,0,0,0.2715191054,0,0,19.99999932,19.99999932
2.8,0.2459701664,0,0,0.2720943129,0,0,19.99999936,19.99999936
2.805,0.247332073,0,0,0.272668073,0,0,19.99999939,19.99999939
2.81,0.2486968447,0,0,0.2732403881,0,0,19.99999942,19.99999942
2.815,0.2500644745,0,0,0.2738112605,0,0,19.99999944,19.99999944
2.82,0.2514349549,0,0,0.2743806925,0,0,19.99999947,19.99999947
2.825,0.252808279,0,0,0.2749486864,0,0,19.9999995,19.9999995
2.83,0.2541844394,0,0,0.2755152446,0,0,19.99999952,19.99999952
2.835,0.2555634291,0,0,0.2760803695,0,0,19.99999955,19.99999955
2.84,0.2569452407,0,0,0.2766440633,0,0,19.99999957,19.99999957
2.845,0.2583298673,0,0,0.2772063284,0,0,19.99999959,19.99999959
2.85,0.2597173016,0,0,0.2777671672,0,0,19.99999961,19.99999961
2.855,0.2611075366,0,0,0.278326582,0,0,19.99999963,19.99999963
2.86,0.2625005651,0,0,0.2788845752,0,0,19.99999965,19.99999965
2.865,0.26389638,0,0,0.2794411491,0,0,19.99999966,19.99999966
2.87,0.2652949742,0,0,0.2799963062,0,0,19.99999968,19.99999968
2.875,0.2666963407,0,0,0.2805500487,0,0,19.9999997,19.9999997
2.88,0.2681004724,0,0,0.2811023791,0,0,19.99999971,19.99999971
2.885,0.2695073621,0,0,0.2816532998,0,0,19.99999972,19.99999972
2.89,0.270917003,0,0,0.282202813,0,0,19.99999974,19.99999974
2.895,0.2723293879,0,0,0.2827509213,0,0,19.99999975,19.99999975
2.9,0.2737445099,0,0,0.2832976269,0,0,19.99999976,19.99999976
2.905,0.2751623619,0,0,0.2838429324,0,0,19.99999977,19.99999977
2.91,0.2765829369,0,0,0.2843868399,0,0,19.99999979,19.99999979
2.915,0.2780062279,0,0,0.2849293521,0,0,19.9999998,19.9999998
2.92,0.2794322281,0,0,0.2854704712,0,0,19.99999981,19.99999981
2.925,0.2808609303,0,0,0.2860101997,0,0,19.99999982,19.99999982
2.93,0.2822923278,0,0,0.28654854,0,0,19.99999982,19.99999982
2.935,0.2837264134,0,0,0.2870854945,0,0,19.99999983,19.99999983
2.94,0.2851631804,0,0,0.2876210655,0,0,19.99999984,19.99999984
2.945,0.2866026218,0,0,0.2881552556,0,0,19.99999985,19.99999985
2.95,0.2880447307,0,0,0.2886880671,0,0,19.99999986,19.99999986
2.955,0.2894895001,0,0,0.2892195024,0,0,19.99999986,19.99999986
2.96,0.2909369234,0,0,0.289749564,0,0,19.99999987,19.99999987
2.965,0.2923869935,0,0,0.2902782543,0,0,19.99999988,19.99999988
2.97,0.2938397036,0,0,0.2908055756,0,0,19.99999988,19.99999988
2.975,0.295295047,0,0,0.2913315306,0,0,19.99999989,19.99999989
2.98,0.2967530167,0,0,0.2918561215,0,0,19.99999989,19.99999989
2.985,0.2982136059,0,0,0.2923793508,0,0,19.9999999,19.9999999
2.99,0.2996768079,0,0,0.2929012209,0,0,19.9999999,19.9999999
2.995,0.3011426159,0,0,0.2934217343,0,0,19.99999991,19.99999991
3,0.302611023,0,0,0.2939408935,0,0,19.99999991,19.99999991
3.005,0.3040820226,0,0,0.2944587008,0,0,19.99999992,19.99999992
3.01,0.3055556078,0,0,0.2949751587,0,0,19.99999992,19.99999992
3.015,0.3070317719,0,0,0.2954902697,0,0,19.99999992,19.99999992
3.02,0.3085105082,0,0,0.2960040362,0,0,19.99999993,19.99999993
3.025,0.30999181,0,0,0.2965164606,0,0,19.99999993,19.99999993
3.03,0.3114756706,0,0,0.2970275454,0,0,19.99999994,19.99999994
3.035,0.3129620833,0,0,0.2975372931,0,0,19.99999994,19.99999994
3.04,0.3144510413,0,0,0.2980457061,0,0,19.99999994,19.99999994
3.045,0.3159425381,0,0,0.2985527869,0,0,19.99999994,19.99999994
3.05,0.317436567,0,0,0.2990585379,0,0,19.99999995,19.99999995
3.055,0.3189331213,0,0,0.2995629616,0,0,19.99999995,19.99999995
3.06,0.3204321944,0,0,0.3000660604,0,0,19.99999995,19.99999995
3.065,0.3219337797,0,0,0.3005678369,0,0,19.99999995,19.99999995
3.07,0.3234378705,0,0,0.3010682935,0,0,19.99999996,19.99999996
3.075,0.3249444604,0,0,0.3015674326,0,0,19.99999996,19.99999996
3.08,0.3264535427,0,0,0.3020652567,0,0,19.99999996,19.99999996
3.085,0.3279651108,0,0,0.3025617683,0,0,19.99999996,19.99999996
3.09,0.3294791582,0,0,0.3030569699,0,0,19.99999996,19.99999996
3.095,0.3309956783,0,0,0.3035508639,0,0,19.99999997,19.99999997
3.1,0.3325146646,0,0,0.3040434528,0,0,19.99999997,19.99999997
3.105,0.3340361107,0,0,0.3045347392,0,0,19.99999997,19.99999997
3.11,0.3355600099,0,0,0.3050247253,0,0,19.99999997,19.99999997
3.115,0.3370863557,0,0,0.3055134138,0,0,19.99999997,19.99999997
3.12,0.3386151418,0,0,0.3060008072,0,0,19.99999997,19.99999997
3.125,0.3401463617,0,0,0.3064869078,0,0,19.99999997,19.99999997
3.13,0.3416800088,0,0,0.3069717182,0,0,19.99999998,19.99999998
3.135,0.3432160767,0,0,0.3074552409,0,0,19.99999998,19.99999998
3.14,0.344754559,0,0,0.3079374783,0,0,19.99999998,19.99999998
3.145,0.3462954493,0,0,0.3084184329,0,0,19.99999998,19.99999998
3.15,0.3478387412,0,0,0.3088981073,0,0,19.99999998,19.99999998
3.155,0.3493844283,0,0,0.3093765038,0,0,19.99999998,19.99999998
3.16,0.3509325041,0,0,0.309853625,0,0,19.99999998,19.99999998
3.165,0.3524829624,0,0,0.3103294734,0,0,19.99999998,19.99999998
3.17,0.3540357968,0,0,0.3108040514,0,0,19.99999998,19.99999998
3.175,0.3555910008,0,0,0.3112773616,0,0,19.99999998,19.99999998
3.18,0.3571485683,0,0,0.3117494064,0,0,19.99999999,19.99999999
3.185,0.3587084928,0,0,0.3122201884,0,0,19.99999999,19.99999999
3.19,0.360270768,0,0,0.3126897099,0,0,19.99999999,19.99999999
3.195,0.3618353878,0,0,0.3131579736,0,0,19.99999999,19.99999999
3.2,0.3634023457,0,0,0.3136249818,0,0,19.99999999,19.99999999
3.205,0.3649716355,0,0,0.3140907371,0,0,19.99999999,19.99999999
3.21,0.366543251,0,0,0.314555242,0,0,19.99999999,19.99999999
3.215,0.3681171858,0,0,0.3150184989,0,0,19.99999999,19.99999999
3.22,0.3696934339,0,0,0.3154805104,0,0,19.99999999,19.99999999
3.225,0.3712719889,0,0,0.315941279,0,0,19.99999999,19.99999999
3.23,0.3728528446,0,0,0.3164008071,0,0,19.99999999,19.99999999
3.235,0.3744359949,0,0,0.3168590972,0,0,19.99999999,19.99999999
3.24,0.3760214335,0,0,0.3173161518,0,0,19.99999999,19.99999999
3.245,0.3776091543,0,0,0.3177719735,0,0,19.99999999,19.99999999
3.25,0.3791991512,0,0,0.3182265647,0,0,19.99999999,19.99999999
3.255,0.380791418,0,0,0.3186799279,0,0,19.99999999,19.99999999
3.26,0.3823859484,0,0,0.3191320655,0,0,19.99999999,19.99999999
3.265,0.3839827366,0,0,0.3195829802,0,0,19.99999999,19.99999999
3.27,0.3855817762,0,0,0.3200326743,0,0,19.99999999,19.99999999
3.275,0.3871830613,0,0,0.3204811505,0,0,19.99999999,19.99999999
3.28,0.3887865857,0,0,0.320928411,0,0,19.99999999,19.99999999
3.285,0.3903923434,0,0,0.3213744586,0,0,19.99999999,19.99999999
3.29,0.3920003283,0,0,0.3218192956,0,0,20,20
3.295,0.3936105343,0,0,0.3222629245,0,0,20,20
3.3,0.3952229555,0,0,0.3227053479,0,0,20,20
3.305,0.3968375858,0,0,0.3231465682,0,0,20,20
3.31,0.3984544192,0,0,0.3235865879,0,0,20,20
3.315,0.4000734497,0,0,0.3240254095,0,0,20,20
3.32,0.4016946713,0,0,0.3244630355,0,0,20,20
3.325,0.403318078,0,0,0.3248994683,0,0,20,20
3.33,0.404943664,0,0,0.3253347106,0,0,20,20
3.335,0.4065714232,0,0,0.3257687647,0,0,20,20
3.34,0.4082013496,0,0,0.3262016332,0,0,20,20
3.345,0.4098334375,0,0,0.3266333185,0,0,20,20
3.35,0.4114676809,0,0,0.3270638231,0,0,20,20
3.355,0.4131040738,0,0,0.3274931495,0,0,20,20
3.36,0.4147426104,0,0,0.3279213002,0,0,20,20
3.365,0.4163832848,0,0,0.3283482777,0,0,20,20
3.37,0.4180260912,0,0,0.3287740845,0,0,20,20
3.375,0.4196710237,0,0,0.329198723,0,0,20,20
3.38,0.4213180765,0,0,0.3296221957,0,0,20,20
3.385,0.4229672437,0,0,0.3300445052,0,0,20,20
3.39,0.4246185196,0,0,0.3304656538,0,0,20,20
3.395,0.4262718984,0,0,0.3308856441,0,0,20,20
3.4,0.4279273741,0,0,0.3313044785,0,0,20,20
3.405,0.4295849412,0,0,0.3317221596,0,0,20,20
3.41,0.4312445938,0,0,0.3321386897,0,0,20,20
3.415,0.4329063262,0,0,0.3325540714,0,0,20,20
3.42,0.4345701326,0,0,0.3329683072,0,0,20,20
3.425,0.4362360074,0,0,0.3333813995,0,0,20,20
3.43,0.4379039447,0,0,0.3337933508,0,0,20,20
3.435,0.439573939,0,0,0.3342041635,0,0,20,20
3.44,0.4412459845,0,0,0.3346138402,0,0,20,20
3.445,0.4429200755,0,0,0.3350223833,0,0,20,20
3.45,0.4445962064,0,0,0.3354297953,0,0,20,20
3.455,0.4462743716,0,0,0.3358360785,0,0,20,20
3.46,0.4479545653,0,0,0.3362412356,0,0,20,20
3.465,0.449636782,0,0,0.336645269,0,0,20,20
3.47,0.4513210161,0,0,0.3370481811,0,0,20,20
3.475,0.453007262,0,0,0.3374499743,0,0,20,20
3.48,0.454695514,0,0,0.3378506512,0,0,20,20
3.485,0.4563857666,0,0,0.3382502143,0,0,20,20
3.49,0.4580780143,0,0,0.3386486658,0,0,20,20
3.495,0.4597722515,0,0,0.3390460084,0,0,20,20
3.5,0.4614684726,0,0,0.3394422445,0,0,20,20
3.505,0.4631666721,0,0,0.3398373764,0,0,20,20
3.51,0.4648668445,0,0,0.3402314068,0,0,20,20
3.515,0.4665689843,0,0,0.3406243379,0,0,20,20
3.52,0.468273086,0,0,0.3410161724,0,0,20,20
3.525,0.4699791442,0,0,0.3414069125,0,0,20,20
3.53,0.4716871533,0,0,0.3417965608,0,0,20,20
3.535,0.473397108,0,0,0.3421851197,0,0,20,20
3.54,0.4751090027,0,0,0.3425725916,0,0,20,20
3.545,0.4768228321,0,0,0.342958979,0,0,20,20
3.55,0.4785385907,0,0,0.3433442843,0,0,20,20
3.555,0.4802562731,0,0,0.34372851,0,0,20,20
3.56,0.481975874,0,0,0.3441116584,0,0,20,20
3.565,0.4836973879,0,0,0.344493732,0,0,20,20
3.57,0.4854208095,0,0,0.3448747333,0,0,20,20
3.575,0.4871461335,0,0,0.3452546647,0,0,20,20
3.58,0.4888733544,0,0,0.3456335285,0,0,20,20
3.585,0.490602467,0,0,0.3460113273,0,0,20,20
3.59,0.4923334659,0,0,0.3463880634,0,0,20,20
3.595,0.4940663459,0,0,0.3467637392,0,0,20,20
3.6,0.4958011015,0,0,0.3471383573,0,0,20,20
3.605,0.4975377277,0,0,0.3475119199,0,0,20,20
3.61,0.499276219,0,0,0.3478844295,0,0,20,20
3.615,0.5010165702,0,0,0.3482558886,0,0,20,20
3.62,0.5027587761,0,0,0.3486262995,0,0,20,20
3.625,0.5045028315,0,0,0.3489956646,0,0,20,20
3.63,0.506248731,0,0,0.3493639863,0,0,20,20
3.635,0.5079964696,0,0,0.3497312671,0,0,20,20
3.64,0.509746042,0,0,0.3500975093,0,0,20,20
3.645,0.511497443,0,0,0.3504627154,0,0,20,20
3.65,0.5132506674,0,0,0.3508268877,0,0,20,20
3.655,0.5150057101,0,0,0.3511900287,0,0,20,20
3.66,0.516762566,0,0,0.3515521407,0,0,20,20
3.665,0.5185212298,0,0,0.3519132261,0,0,20,20
3.67,0.5202816965,0,0,0.3522732873,0,0,20,20
3.675,0.522043961,0,0,0.3526323266,0,0,20,20
3.68,0.5238080181,0,0,0.3529903466,0,0,20,20
3.685,0.5255738628,0,0,0.3533473495,0,0,20,20
3.69,0.5273414899,0,0,0.3537033377,0,0,20,20
3.695,0.5291108945,0,0,0.3540583136,0,0,20,20
3.7,0.5308820714,0,0,0.3544122797,0,0,20,20
3.705,0.5326550156,0,0,0.3547652381,0,0,20,20
3.71,0.5344297221,0,0,0.3551171914,0,0,20,20
3.715,0.5362061858,0,0,0.3554681418,0,0,20,20
3.72,0.5379844018,0,0,0.3558180918,0,0,20,20
3.725,0.5397643651,0,0,0.3561670438,0,0,20,20
3.73,0.5415460706,0,0,0.3565149999,0,0,20,20
3.735,0.5433295134,0,0,0.3568619627,0,0,20,20
3.74,0.5451146886,0,0,0.3572079345,0,0,20,20
3.745,0.5469015911,0,0,0.3575529176,0,0,20,20
3.75,0.5486902161,0,0,0.3578969143,0,0,20,20
3.755,0.5504805586,0,0,0.3582399271,0,0,20,20
3.76,0.5522726137,0,0,0.3585819583,0,0,20,20
3.765,0.5540663766,0,0,0.3589230101,0,0,20,20
3.77,0.5558618422,0,0,0.359263085,0,0,20,20
3.775,0.5576590058,0,0,0.3596021852,0,0,20,20
3.78,0.5594578624,0,0,0.3599403132,0,0,20,20
3.785,0.5612584073,0,0,0.3602774712,0,0,20,20
3.79,0.5630606355,0,0,0.3606136615,0,0,20,20
3.795,0.5648645423,0,0,0.3609488866,0,0,20,20
3.8,0.5666701228,0,0,0.3612831486,0,0,20,20
3.805,0.5684773722,0,0,0.36161645,0,0,20,20
3.81,0.5702862857,0,0,0.361948793,0,0,20,20
3.815,0.5720968585,0,0,0.3622801799,0,0,20,20
3.82,0.5739090859,0,0,0.3626106131,0,0,20,20
3.825,0.5757229631,0,0,0.3629400949,0,0,20,20
3.83,0.5775384853,0,0,0.3632686276,0,0,20,20
3.835,0.5793556478,0,0,0.3635962134,0,0,20,20
3.84,0.5811744458,0,0,0.3639228547,0,0,20,20
3.845,0.5829948747,0,0,0.3642485538,0,0,20,20
3.85,0.5848169298,0,0,0.3645733129,0,0,20,20
3.855,0.5866406063,0,0,0.3648971344,0,0,20,20
3.86,0.5884658996,0,0,0.3652200205,0,0,20,20
3.865,0.590292805,0,0,0.3655419735,0,0,20,20
3.87,0.5921213178,0,0,0.3658629957,0,0,20,20
3.875,0.5939514334,0,0,0.3661830895,0,0,20,20
3.88,0.5957831471,0,0,0.3665022569,0,0,20,20
3.885,0.5976164544,0,0,0.3668205004,0,0,20,20
3.89,0.5994513506,0,0,0.3671378222,0,0,20,20
3.895,0.6012878311,0,0,0.3674542245,0,0,20,20
3.9,0.6031258913,0,0,0.3677697097,0,0,20,20
3.905,0.6049655267,0,0,0.3680842799,0,0,20,20
3.91,0.6068067326,0,0,0.3683979375,0,0,20,20
3.915,0.6086495045,0,0,0.3687106847,0,0,20,20
3.92,0.6104938379,0,0,0.3690225237,0,0,20,20
3.925,0.6123397282,0,0,0.3693334568,0,0,20,20
3.93,0.614187171,0,0,0.3696434862,0,0,20,20
3.935,0.6160361616,0,0,0.3699526143,0,0,20,20
3.94,0.6178866956,0,0,0.3702608431,0,0,20,20
3.945,0.6197387685,0,0,0.3705681749,0,0,20,20
3.95,0.6215923759,0,0,0.3708746121,0,0,20,20
3.955,0.6234475132,0,0,0.3711801567,0,0,20,20
3.96,0.625304176,0,0,0.3714848111,0,0,20,20
3.965,0.6271623598,0,0,0.3717885774,0,0,20,20
3.97,0.6290220603,0,0,0.3720914579,0,0,20,20
3.975,0.6308832729,0,0,0.3723934548,0,0,20,20
3.98,0.6327459933,0,0,0.3726945703,0,0,20,20
3.985,0.6346102172,0,0,0.3729948066,0,0,20,20
3.99,0.6364759399,0,0,0.3732941659,0,0,20,20
3.995,0.6383431574,0,0,0.3735926504,0,0,20,20
4,0.640211865,0,0,0.3738902623,0,0,20,20
4.005,0.6420820585,0,0,0.3741870038,0,0,20,20
4.01,0.6439537336,0,0,0.3744828772,0,0,20,20
4.015,0.6458268859,0,0,0.3747778845,0,0,20,20
4.02,0.647701511,0,0,0.375072028,0,0,20,20
4.025,0.6495776047,0,0,0.3753653099,0,0,20,20
4.03,0.6514551627,0,0,0.3756577323,0,0,20,20
4.035,0.6533341806,0,0,0.3759492974,0,0,20,20
4.04,0.6552146542,0,0,0.3762400074,0,0,20,20
4.045,0.6570965792,0,0,0.3765298644,0,0,20,20
4.05,0.6589799514,0,0,0.3768188707,0,0,20,20
4.055,0.6608647665,0,0,0.3771070284,0,0,20,20
4.06,0.6627510203,0,0,0.3773943396,0,0,20,20
4.065,0.6646387085,0,0,0.3776808065,0,0,20,20
4.07,0.666527827,0,0,0.3779664312,0,0,20,20
4.075,0.6684183714,0,0,0.3782512159,0,0,20,20
4.08,0.6703103377,0,0,0.3785351628,0,0,20,20
4.085,0.6722037217,0,0,0.378818274,0,0,20,20
4.09,0.6740985191,0,0,0.3791005516,0,0,20,20
4.095,0.6759947258,0,0,0.3793819977,0,0,20,20
4.1,0.6778923377,0,0,0.3796626145,0,0,20,20
4.105,0.6797913506,0,0,0.3799424042,0,0,20,20
4.11,0.6816917603,0,0,0.3802213688,0,0,20,20
4.115,0.6835935629,0,0,0.3804995104,0,0,20,20
4.12,0.6854967541,0,0,0.3807768313,0,0,20,20
4.125,0.6874013298,0,0,0.3810533334,0,0,20,20
4.13,0.6893072861,0,0,0.3813290189,0,0,20,20
4.135,0.6912146187,0,0,0.38160389,0,0,20,20
4.14,0.6931233236,0,0,0.3818779486,0,0,20,20
4.145,0.6950333968,0,0,0.382151197,0,0,20,20
4.15,0.6969448342,0,0,0.3824236371,0,0,20,20
4.155,0.6988576318,0,0,0.3826952712,0,0,20,20
4.16,0.7007717856,0,0,0.3829661013,0,0,20,20
4.165,0.7026872915,0,0,0.3832361294,0,0,20,20
4.17,0.7046041456,0,0,0.3835053577,0,0,20,20
4.175,0.7065223438,0,0,0.3837737883,0,0,20,20
4.18,0.7084418821,0,0,0.3840414231,0,0,20,20
4.185,0.7103627567,0,0,0.3843082644,0,0,20,20
4.19,0.7122849634,0,0,0.384574314,0,0,20,20
4.195,0.7142084985,0,0,0.3848395743,0,0,20,20
4.2,0.7161333579,0,0,0.385104047,0,0,20,20
4.205,0.7180595376,0,0,0.3853677344,0,0,20,20
4.21,0.7199870339,0,0,0.3856306386,0,0,20,20
4.215,0.7219158427,0,0,0.3858927614,0,0,20,20
4.22,0.7238459602,0,0,0.386154105,0,0,20,20
4.225,0.7257773825,0,0,0.3864146715,0,0,20,20
4.23,0.7277101056,0,0,0.3866744628,0,0,20,20
4.235,0.7296441258,0,0,0.386933481,0,0,20,20
4.24,0.7315794392,0,0,0.3871917281,0,0,20,20
4.245,0.7335160418,0,0,0.3874492062,0,0,20,20
4.25,0.73545393,0,0,0.3877059173,0,0,20,20
4.255,0.7373930997,0,0,0.3879618634,0,0,20,20
4.26,0.7393335473,0,0,0.3882170465,0,0,20,20
4.265,0.7412752689,0,0,0.3884714686,0,0,20,20
4.27,0.7432182607,0,0,0.3887251318,0,0,20,20
4.275,0.745162519,0,0,0.388978038,0,0,20,20
4.28,0.7471080399,0,0,0.3892301893,0,0,20,20
4.285,0.7490548196,0,0,0.3894815876,0,0,20,20
4.29,0.7510028545,0,0,0.389732235,0,0,20,20
4.295,0.7529521407,0,0,0.3899821334,0,0,20,20
4.3,0.7549026746,0,0,0.3902312849,0,0,20,20
4.305,0.7568544523,0,0,0.3904796913,0,0,20,20
4.31,0.7588074702,0,0,0.3907273548,0,0,20,20
4.315,0.7607617246,0,0,0.3909742772,0,0,20,20
4.32,0.7627172118,0,0,0.3912204605,0,0,20,20
4.325,0.764673928,0,0,0.3914659068,0,0,20,20
4.33,0.7666318696,0,0,0.3917106179,0,0,20,20
4.335,0.768591033,0,0,0.3919545958,0,0,20,20
4.34,0.7705514144,0,0,0.3921978426,0,0,20,20
4.345,0.7725130102,0,0,0.39244036,0,0,20,20
4.35,0.7744758168,0,0,0.3926821502,0,0,20,20
4.355,0.7764398305,0,0,0.3929232151,0,0,20,20
4.36,0.7784050477,0,0,0.3931635565,0,0,20,20
4.365,0.7803714648,0,0,0.3934031764,0,0,20,20
4.37,0.7823390783,0,0,0.3936420768,0,0,20,20
4.375,0.7843078844,0,0,0.3938802596,0,0,20,20
4.38,0.7862778797,0,0,0.3941177267,0,0,20,20
4.385,0.7882490605,0,0,0.39435448,0,0,20,20
4.39,0.7902214233,0,0,0.3945905216,0,0,20,20
4.395,0.7921949645,0,0,0.3948258532,0,0,20,20
4.4,0.7941696806,0,0,0.3950604768,0,0,20,20
4.405,0.7961455681,0,0,0.3952943943,0,0,20,20
4.41,0.7981226234,0,0,0.3955276076,0,0,20,20
4.415,0.800100843,0,0,0.3957601186,0,0,20,20
4.42,0.8020802234,0,0,0.3959919292,0,0,20,20
4.425,0.8040607611,0,0,0.3962230413,0,0,20,20
4.43,0.8060424527,0,0,0.3964534569,0,0,20,20
4.435,0.8080252946,0,0,0.3966831777,0,0,20,20
4.44,0.8100092833,0,0,0.3969122057,0,0,20,20
4.445,0.8119944155,0,0,0.3971405427,0,0,20,20
4.45,0.8139806876,0,0,0.3973681906,0,0,20,20
4.455,0.8159680962,0,0,0.3975951513,0,0,20,20
4.46,0.8179566379,0,0,0.3978214267,0,0,20,20
4.465,0.8199463093,0,0,0.3980470186,0,0,20,20
4.47,0.821937107,0,0,0.3982719289,0,0,20,20
4.475,0.8239290275,0,0,0.3984961595,0,0,20,20
4.48,0.8259220675,0,0,0.3987197121,0,0,20,20
4.485,0.8279162235,0,0,0.3989425887,0,0,20,20
4.49,0.8299114922,0,0,0.399164791,0,0,20,20
4.495,0.8319078703,0,0,0.399386321,0,0,20,20
4.5,0.8339053543,0,0,0.3996071804,0,0,20,20
4.505,0.835903941,0,0,0.3998273712,0,0,20,20
4.51,0.8379036269,0,0,0.4000468951,0,0,20,20
4.515,0.8399044088,0,0,0.4002657539,0,0,20,20
4.52,0.8419062834,0,0,0.4004839495,0,0,20,20
4.525,0.8439092472,0,0,0.4007014837,0,0,20,20
4.53,0.8459132971,0,0,0.4009183584,0,0,20,20
4.535,0.8479184297,0,0,0.4011345752,0,0,20,20
4.54,0.8499246417,0,0,0.4013501361,0,0,20,20
4.545,0.85193193,0,0,0.4015650428,0,0,20,20
4.55,0.8539402911,0,0,0.4017792972,0,0,20,20
4.555,0.8559497219,0,0,0.401992901,0,0,20,20
4.56,0.857960219,0,0,0.402205856,0,0,20,20
4.565,0.8599717793,0,0,0.402418164,0,0,20,20
4.57,0.8619843996,0,0,0.4026298269,0,0,20,20
4.575,0.8639980765,0,0,0.4028408463,0,0,20,20
4.58,0.866012807,0,0,0.403051224,0,0,20,20
4.585,0.8680285877,0,0,0.4032609619,0,0,20,20
4.59,0.8700454155,0,0,0.4034700617,0,0,20,20
4.595,0.8720632873,0,0,0.4036785252,0,0,20,20
4.6,0.8740821997,0,0,0.4038863541,0,0,20,20
4.605,0.8761021498,0,0,0.4040935502,0,0,20,20
4.61,0.8781231342,0,0,0.4043001152,0,0,20,20
4.615,0.8801451499,0,0,0.4045060509,0,0,20,20
4.62,0.8821681936,0,0,0.404711359,0,0,20,20
4.625,0.8841922624,0,0,0.4049160414,0,0,20,20
4.63,0.886217353,0,0,0.4051200996,0,0,20,20
4.635,0.8882434624,0,0,0.4053235356,0,0,20,20
4.64,0.8902705873,0,0,0.4055263509,0,0,20,20
4.645,0.8922987248,0,0,0.4057285473,0,0,20,20
4.65,0.8943278718,0,0,0.4059301266,0,0,20,20
4.655,0.8963580251,0,0,0.4061310904,0,0,20,20
4.66,0.8983891817,0,0,0.4063314405,0,0,20,20
4.665,0.9004213385,0,0,0.4065311786,0,0,20,20
4.67,0.9024544924,0,0,0.4067303064,0,0,20,20
4.675,0.9044886405,0,0,0.4069288256,0,0,20,20
4.68,0.9065237797,0,0,0.407126738,0,0,20,20
4.685,0.9085599069,0,0,0.4073240451,0,0,20,20
4.69,0.9105970191,0,0,0.4075207488,0,0,20,20
4.695,0.9126351134,0,0,0.4077168506,0,0,20,20
4.7,0.9146741866,0,0,0.4079123523,0,0,20,20
4.705,0.9167142359,0,0,0.4081072556,0,0,20,20
4.71,0.9187552582,0,0,0.4083015622,0,0,20,20
4.715,0.9207972505,0,0,0.4084952736,0,0,20,20
4.72,0.9228402099,0,0,0.4086883917,0,0,20,20
4.725,0.9248841335,0,0,0.408880918,0,0,20,20
4.73,0.9269290181,0,0,0.4090728542,0,0,20,20
4.735,0.928974861,0,0,0.4092642021,0,0,20,20
4.74,0.9310216592,0,0,0.4094549631,0,0,20,20
4.745,0.9330694097,0,0,0.4096451391,0,0,20,20
4.75,0.9351181096,0,0,0.4098347316,0,0,20,20
4.755,0.937167756,0,0,0.4100237423,0,0,20,20
4.76,0.939218346,0,0,0.4102121728,0,0,20,20
4.765,0.9412698768,0,0,0.4104000248,0,0,20,20
4.77,0.9433223453,0,0,0.4105873,0,0,20,20
4.775,0.9453757488,0,0,0.4107739998,0,0,20,20
4.78,0.9474300844,0,0,0.410960126,0,0,20,20
4.785,0.9494853491,0,0,0.4111456802,0,0,20,20
4.79,0.9515415402,0,0,0.4113306641,0,0,20,20
4.795,0.9535986548,0,0,0.4115150791,0,0,20,20
4.8,0.9556566901,0,0,0.411698927,0,0,20,20
4.805,0.9577156432,0,0,0.4118822093,0,0,20,20
4.81,0.9597755112,0,0,0.4120649277,0,0,20,20
4.815,0.9618362915,0,0,0.4122470837,0,0,20,20
4.82,0.9638979811,0,0,0.412428679,0,0,20,20
4.825,0.9659605773,0,0,0.4126097151,0,0,20,20
4.83,0.9680240774,0,0,0.4127901937,0,0,20,20
4.835,0.9700884784,0,0,0.4129701163,0,0,20,20
4.84,0.9721537776,0,0,0.4131494845,0,0,20,20
4.845,0.9742199723,0,0,0.4133282999,0,0,20,20
4.85,0.9762870597,0,0,0.413506564,0,0,20,20
4.855,0.978355037,0,0,0.4136842785,0,0,20,20
4.86,0.9804239015,0,0,0.4138614448,0,0,20,20
4.865,0.9824936505,0,0,0.4140380647,0,0,20,20
4.87,0.9845642813,0,0,0.4142141395,0,0,20,20
4.875,0.986635791,0,0,0.4143896709,0,0,20,20
4.88,0.9887081771,0,0,0.4145646605,0,0,20,20
4.885,0.9907814367,0,0,0.4147391098,0,0,20,20
4.89,0.9928555673,0,0,0.4149130203,0,0,20,20
4.895,0.994930566,0,0,0.4150863935,0,0,20,20
4.9,0.9970064303,0,0,0.4152592311,0,0,20,20
4.905,0.9990831575,0,0,0.4154315345,0,0,20,20
4.91,1.001160745,0,0,0.4156033053,0,0,20,20
4.915,1.00323919,0,0,0.4157745451,0,0,20,20
4.92,1.005318489,0,0,0.4159452552,0,0,20,20
4.925,1.007398641,0,0,0.4161154373,0,0,20,20
4.93,1.009479643,0,0,0.4162850929,0,0,20,20
4.935,1.011561491,0,0,0.4164542234,0,0,20,20
4.94,1.013644184,0,0,0.4166228305,0,0,20,20
4.945,1.015727719,0,0,0.4167909156,0,0,20,20
4.95,1.017812093,0,0,0.4169584801,0,0,20,20
4.955,1.019897303,0,0,0.4171255257,0,0,20,20
4.96,1.021983347,0,0,0.4172920537,0,0,20,20
4.965,1.024070222,0,0,0.4174580658,0,0,20,20
4.97,1.026157927,0,0,0.4176235633,0,0,20,20
4.975,1.028246457,0,0,0.4177885478,0,0,20,20
4.98,1.030335811,0,0,0.4179530208,0,0,20,20
4.985,1.032425987,0,0,0.4181169836,0,0,20,20
4.99,1.03451698,0,0,0.4182804379,0,0,20,20
4.995,1.03660879,0,0,0.418443385,0,0,20,20
5,1.038701413,0,0,0.4186058265,0,0,20,20
5.005,1.040794848,0,0,0.4187677638,0,0,20,20
5.01,1.04288909,0,0,0.4189291983,0,0,20,20
5.015,1.044984139,0,0,0.4190901315,0,0,20,20
5.02,1.047079991,0,0,0.4192505649,0,0,20,20
5.025,1.049176643,0,0,0.4194105,0,0,20,20
5.03,1.051274095,0,0,0.419569938,0,0,20,20
5.035,1.053372342,0,0,0.4197288806,0,0,20,20
5.04,1.055471383,0,0,0.4198873292,0,0,20,20
5.045,1.057571214,0,0,0.4200452851,0,0,20,20
5.05,1.059671835,0,0,0.4202027498,0,0,20,20
5.055,1.061773241,0,0,0.4203597247,0,0,20,20
5.06,1.063875431,0,0,0.4205162114,0,0,20,20
5.065,1.065978402,0,0,0.4206722111,0,0,20,20
5.07,1.068082153,0,0,0.4208277253,0,0,20,20
5.075,1.070186679,0,0,0.4209827554,0,0,20,20
5.08,1.072291979,0,0,0.4211373028,0,0,20,20
5.085,1.074398051,0,0,0.421291369,0,0,20,20
5.09,1.076504892,0,0,0.4214449553,0,0,20,20
5.095,1.0786125,0,0,0.4215980631,0,0,20,20
5.1,1.080720872,0,0,0.4217506939,0,0,20,20
5.105,1.082830006,0,0,0.421902849,0,0,20,20
5.11,1.0849399,0,0,0.4220545298,0,0,20,20
5.115,1.087050551,0,0,0.4222057377,0,0,20,20
5.12,1.089161956,0,0,0.4223564741,0,0,20,20
5.125,1.091274115,0,0,0.4225067404,0,0,20,20
5.13,1.093387023,0,0,0.4226565379,0,0,20,20
5.135,1.095500679,0,0,0.422805868,0,0,20,20
5.14,1.097615081,0,0,0.4229547321,0,0,20,20
5.145,1.099730226,0,0,0.4231031315,0,0,20,20
5.15,1.101846111,0,0,0.4232510676,0,0,20,20
5.155,1.103962736,0,0,0.4233985418,0,0,20,20
5.16,1.106080096,0,0,0.4235455555,0,0,20,20
5.165,1.10819819,0,0,0.4236921099,0,0,20,20
5.17,1.110317016,0,0,0.4238382064,0,0,20,20
5.175,1.112436572,0,0,0.4239838464,0,0,20,20
5.18,1.114556854,0,0,0.4241290312,0,0,20,20
5.185,1.116677861,0,0,0.4242737621,0,0,20,20
5.19,1.118799591,0,0,0.4244180405,0,0,20,20
5.195,1.120922041,0,0,0.4245618678,0,0,20,20
5.2,1.123045209,0,0,0.4247052451,0,0,20,20
5.205,1.125169093,0,0,0.424848174,0,0,20,20
5.21,1.12729369,0,0,0.4249906556,0,0,20,20
5.215,1.129418998,0,0,0.4251326913,0,0,20,20
5.22,1.131545016,0,0,0.4252742825,0,0,20,20
5.225,1.13367174,0,0,0.4254154303,0,0,20,20
5.23,1.13579917,0,0,0.4255561363,0,0,20,20
5.235,1.137927301,0,0,0.4256964015,0,0,20,20
5.24,1.140056133,0,0,0.4258362274,0,0,20,20
5.245,1.142185663,0,0,0.4259756152,0,0,20,20
5.25,1.144315888,0,0,0.4261145663,0,0,20,20
5.255,1.146446808,0,0,0.4262530819,0,0,20,20
5.26,1.148578418,0,0,0.4263911633,0,0,20,20
5.265,1.150710718,0,0,0.4265288118,0,0,20,20
5.27,1.152843706,0,0,0.4266660287,0,0,20,20
5.275,1.154977378,0,0,0.4268028153,0,0,20,20
5.28,1.157111733,0,0,0.4269391728,0,0,20,20
5.285,1.159246769,0,0,0.4270751025,0,0,20,20
5.29,1.161382484,0,0,0.4272106056,0,0,20,20
5.295,1.163518874,0,0,0.4273456835,0,0,20,20
5.3,1.16565594,0,0,0.4274803374,0,0,20,20
5.305,1.167793677,0,0,0.4276145686,0,0,20,20
5.31,1.169932085,0,0,0.4277483782,0,0,20,20
5.315,1.17207116,0,0,0.4278817677,0,0,20,20
5.32,1.174210902,0,0,0.4280147381,0,0,20,20
5.325,1.176351307,0,0,0.4281472908,0,0,20,20
5.33,1.178492374,0,0,0.428279427,0,0,20,20
5.335,1.1806341,0,0,0.4284111479,0,0,20,20
5.34,1.182776485,0,0,0.4285424548,0,0,20,20
5.345,1.184919524,0,0,0.4286733489,0,0,20,20
5.35,1.187063217,0,0,0.4288038315,0,0,20,20
5.355,1.189207562,0,0,0.4289339037,0,0,20,20
5.36,1.191352556,0,0,0.4290635668,0,0,20,20
5.365,1.193498197,0,0,0.429192822,0,0,20,20
5.37,1.195644483,0,0,0.4293216705,0,0,20,20
5.375,1.197791413,0,0,0.4294501135,0,0,20,20
5.38,1.199938984,0,0,0.4295781523,0,0,20,20
5.385,1.202087194,0,0,0.429705788,0,0,20,20
5.39,1.204236041,0,0,0.4298330219,0,0,20,20
5.395,1.206385523,0,0,0.4299598551,0,0,20,20
5.4,1.208535639,0,0,0.4300862889,0,0,20,20
5.405,1.210686386,0,0,0.4302123244,0,0,20,20
5.41,1.212837761,0,0,0.4303379629,0,0,20,20
5.415,1.214989765,0,0,0.4304632054,0,0,20,20
5.42,1.217142393,0,0,0.4305880533,0,0,20,20
5.425,1.219295644,0,0,0.4307125077,0,0,20,20
5.43,1.221449517,0,0,0.4308365697,0,0,20,20
5.435,1.223604009,0,0,0.4309602406,0,0,20,20
5.44,1.225759119,0,0,0.4310835214,0,0,20,20
5.445,1.227914844,0,0,0.4312064135,0,0,20,20
5.45,1.230071183,0,0,0.4313289179,0,0,20,20
5.455,1.232228133,0,0,0.4314510358,0,0,20,20
5.46,1.234385692,0,0,0.4315727684,0,0,20,20
5.465,1.23654386,0,0,0.4316941168,0,0,20,20
5.47,1.238702633,0,0,0.4318150822,0,0,20,20
5.475,1.24086201,0,0,0.4319356657,0,0,20,20
5.48,1.243021989,0,0,0.4320558685,0,0,20,20
5.485,1.245182568,0,0,0.4321756918,0,0,20,20
5.49,1.247343745,0,0,0.4322951365,0,0,20,20
5.495,1.249505519,0,0,0.432414204,0,0,20,20
5.5,1.251667886,0,0,0.4325328953,0,0,20,20
5.505,1.253830847,0,0,0.4326512116,0,0,20,20
5.51,1.255994398,0,0,0.432769154,0,0,20,20
5.515,1.258158538,0,0,0.4328867236,0,0,20,20
5.52,1.260323265,0,0,0.4330039215,0,0,20,20
5.525,1.262488576,0,0,0.4331207489,0,0,20,20
5.53,1.264654471,0,0,0.4332372069,0,0,20,20
5.535,1.266820948,0,0,0.4333532965,0,0,20,20
5.54,1.268988004,0,0,0.433469019,0,0,20,20
5.545,1.271155637,0,0,0.4335843754,0,0,20,20
5.55,1.273323847,0,0,0.4336993668,0,0,20,20
5.555,1.275492631,0,0,0.4338139944,0,0,20,20
5.56,1.277661986,0,0,0.4339282591,0,0,20,20
5.565,1.279831913,0,0,0.4340421622,0,0,20,20
5.57,1.282002407,0,0,0.4341557046,0,0,20,20
5.575,1.284173469,0,0,0.4342688876,0,0,20,20
5.58,1.286345096,0,0,0.4343817121,0,0,20,20
5.585,1.288517285,0,0,0.4344941794,0,0,20,20
5.59,1.290690037,0,0,0.4346062903,0,0,20,20
5.595,1.292863348,0,0,0.4347180461,0,0,20,20
5.6,1.295037217,0,0,0.4348294478,0,0,20,20
5.605,1.297211642,0,0,0.4349404965,0,0,20,20
5.61,1.299386621,0,0,0.4350511932,0,0,20,20
5.615,1.301562153,0,0,0.435161539,0,0,20,20
5.62,1.303738236,0,0,0.435271535,0,0,20,20
5.625,1.305914868,0,0,0.4353811822,0,0,20,20
5.63,1.308092047,0,0,0.4354904817,0,0,20,20
5.635,1.310269772,0,0,0.4355994346,0,0,20,20
5.64,1.312448041,0,0,0.4357080418,0,0,20,20
5.645,1.314626852,0,0,0.4358163045,0,0,20,20
5.65,1.316806203,0,0,0.4359242237,0,0,20,20
5.655,1.318986094,0,0,0.4360318005,0,0,20,20
5.66,1.321166521,0,0,0.4361390358,0,0,20,20
5.665,1.323347483,0,0,0.4362459307,0,0,20,20
5.67,1.32552898,0,0,0.4363524863,0,0,20,20
5.675,1.327711008,0,0,0.4364587035,0,0,20,20
5.68,1.329893566,0,0,0.4365645835,0,0,20,20
5.685,1.332076653,0,0,0.4366701272,0,0,20,20
5.69,1.334260267,0,0,0.4367753356,0,0,20,20
5.695,1.336444406,0,0,0.4368802099,0,0,20,20
5.7,1.338629068,0,0,0.4369847509,0,0,20,20
5.705,1.340814253,0,0,0.4370889597,0,0,20,20
5.71,1.342999957,0,0,0.4371928374,0,0,20,20
5.715,1.34518618,0,0,0.4372963849,0,0,20,20
5.72,1.347372921,0,0,0.4373996032,0,0,20,20
5.725,1.349560176,0,0,0.4375024934,0,0,20,20
5.73,1.351747945,0,0,0.4376050564,0,0,20,20
5.735,1.353936226,0,0,0.4377072933,0,0,20,20
5.74,1.356125017,0,0,0.437809205,0,0,20,20
5.745,1.358314318,0,0,0.4379107925,0,0,20,20
5.75,1.360504125,0,0,0.4380120569,0,0,20,20
5.755,1.362694438,0,0,0.438112999,0,0,20,20
5.76,1.364885254,0,0,0.43821362,0,0,20,20
5.765,1.367076573,0,0,0.4383139207,0,0,20,20
5.77,1.369268393,0,0,0.4384139022,0,0,20,20
5.775,1.371460712,0,0,0.4385135654,0,0,20,20
5.78,1.373653528,0,0,0.4386129113,0,0,20,20
5.785,1.37584684,0,0,0.4387119408,0,0,20,20
5.79,1.378040647,0,0,0.438810655,0,0,20,20
5.795,1.380234946,0,0,0.4389090548,0,0,20,20
5.8,1.382429737,0,0,0.4390071412,0,0,20,20
5.805,1.384625017,0,0,0.4391049151,0,0,20,20
5.81,1.386820786,0,0,0.4392023775,0,0,20,20
5.815,1.38901704,0,0,0.4392995293,0,0,20,20
5.82,1.39121378,0,0,0.4393963716,0,0,20,20
5.825,1.393411004,0,0,0.4394929051,0,0,20,20
5.83,1.395608709,0,0,0.4395891309,0,0,20,20
5.835,1.397806894,0,0,0.43968505,0,0,20,20
5.84,1.400005559,0,0,0.4397806633,0,0,20,20
5.845,1.402204701,0,0,0.4398759716,0,0,20,20
5.85,1.404404318,0,0,0.439970976,0,0,20,20
5.855,1.40660441,0,0,0.4400656774,0,0,20,20
5.86,1.408804974,0,0,0.4401600766,0,0,20,20
5.865,1.41100601,0,0,0.4402541747,0,0,20,20
5.87,1.413207516,0,0,0.4403479726,0,0,20,20
5.875,1.415409489,0,0,0.4404414712,0,0,20,20
5.88,1.41761193,0,0,0.4405346713,0,0,20,20
5.885,1.419814836,0,0,0.440627574,0,0,20,20
5.89,1.422018205,0,0,0.4407201801,0,0,20,20
5.895,1.424222037,0,0,0.4408124906,0,0,20,20
5.9,1.426426329,0,0,0.4409045063,0,0,20,20
5.905,1.428631081,0,0,0.4409962282,0,0,20,20
5.91,1.430836291,0,0,0.4410876572,0,0,20,20
5.915,1.433041958,0,0,0.4411787941,0,0,20,20
5.92,1.435248079,0,0,0.4412696399,0,0,20,20
5.925,1.437454653,0,0,0.4413601955,0,0,20,20
5.93,1.43966168,0,0,0.4414504617,0,0,20,20
5.935,1.441869158,0,0,0.4415404395,0,0,20,20
5.94,1.444077084,0,0,0.4416301298,0,0,20,20
5.945,1.446285458,0,0,0.4417195333,0,0,20,20
5.95,1.448494279,0,0,0.4418086511,0,0,20,20
5.955,1.450703544,0,0,0.441897484,0,0,20,20
5.96,1.452913253,0,0,0.4419860328,0,0,20,20
5.965,1.455123404,0,0,0.4420742985,0,0,20,20
5.97,1.457333996,0,0,0.442162282,0,0,20,20
5.975,1.459545027,0,0,0.442249984,0,0,20,20
5.98,1.461756495,0,0,0.4423374055,0,0,20,20
5.985,1.4639684,0,0,0.4424245473,0,0,20,20
5.99,1.46618074,0,0,0.4425114104,0,0,20,20
5.995,1.468393514,0,0,0.4425979955,0,0,20,20
6,1.47060672,0,0,0.4426843035,0,0,20,20
6.005,1.472820356,0,0,0.4427703353,0,0,20,20
6.01,1.475034423,0,0,0.4428560917,0,0,20,20
6.015,1.477248917,0,0,0.4429415736,0,0,20,20
6.02,1.479463838,0,0,0.4430267818,0,0,20,20
6.025,1.481679184,0,0,0.4431117172,0,0,20,20
6.03,1.483894955,0,0,0.4431963807,0,0,20,20
6.035,1.486111148,0,0,0.443280773,0,0,20,20
6.04,1.488327762,0,0,0.443364895,0,0,20,20
6.045,1.490544796,0,0,0.4434487475,0,0,20,20
6.05,1.492762249,0,0,0.4435323314,0,0,20,20
6.055,1.494980119,0,0,0.4436156476,0,0,20,20
6.06,1.497198405,0,0,0.4436986967,0,0,20,20
6.065,1.499417106,0,0,0.4437814798,0,0,20,20
6.07,1.501636219,0,0,0.4438639975,0,0,20,20
6.075,1.503855745,0,0,0.4439462508,0,0,20,20
6.08,1.506075681,0,0,0.4440282404,0,0,20,20
6.085,1.508296027,0,0,0.4441099671,0,0,20,20
6.09,1.510516781,0,0,0.4441914318,0,0,20,20
6.095,1.512737941,0,0,0.4442726353,0,0,20,20
6.1,1.514959507,0,0,0.4443535784,0,0,20,20
6.105,1.517181476,0,0,0.4444342619,0,0,20,20
6.11,1.519403849,0,0,0.4445146867,0,0,20,20
6.115,1.521626623,0,0,0.4445948534,0,0,20,20
6.12,1.523849797,0,0,0.4446747629,0,0,20,20
6.125,1.52607337,0,0,0.4447544161,0,0,20,20
6.13,1.528297341,0,0,0.4448338137,0,0,20,20
6.135,1.530521708,0,0,0.4449129565,0,0,20,20
6.14,1.53274647,0,0,0.4449918452,0,0,20,20
6.145,1.534971626,0,0,0.4450704808,0,0,20,20
6.15,1.537197174,0,0,0.445148864,0,0,20,20
6.155,1.539423114,0,0,0.4452269955,0,0,20,20
6.16,1.541649444,0,0,0.4453048762,0,0,20,20
6.165,1.543876162,0,0,0.4453825068,0,0,20,20
6.17,1.546103268,0,0,0.4454598881,0,0,20,20
6.175,1.548330761,0,0,0.4455370209,0,0,20,20
6.18,1.550558638,0,0,0.4456139059,0,0,20,20
6.185,1.552786899,0,0,0.445690544,0,0,20,20
6.19,1.555015543,0,0,0.4457669359,0,0,20,20
6.195,1.557244568,0,0,0.4458430823,0,0,20,20
6.2,1.559473974,0,0,0.4459189841,0,0,20,20
6.205,1.561703758,0,0,0.445994642,0,0,20,20
6.21,1.56393392,0,0,0.4460700567,0,0,20,20
6.215,1.566164458,0,0,0.4461452291,0,0,20,20
6.22,1.568395371,0,0,0.4462201598,0,0,20,20
6.225,1.570626659,0,0,0.4462948496,0,0,20,20
6.23,1.57285832,0,0,0.4463692994,0,0,20,20
6.235,1.575090352,0,0,0.4464435097,0,0,20,20
6.24,1.577322754,0,0,0.4465174815,0,0,20,20
6.245,1.579555526,0,0,0.4465912153,0,0,20,20
6.25,1.581788666,0,0,0.446664712,0,0,20,20
6.255,1.584022173,0,0,0.4467379723,0,0,20,20
6.26,1.586256045,0,0,0.446810997,0,0,20,20
6.265,1.588490282,0,0,0.4468837868,0,0,20,20
6.27,1.590724883,0,0,0.4469563423,0,0,20,20
6.275,1.592959845,0,0,0.4470286644,0,0,20,20
6.28,1.595195169,0,0,0.4471007538,0,0,20,20
6.285,1.597430853,0,0,0.4471726112,0,0,20,20
6.29,1.599666895,0,0,0.4472442373,0,0,20,20
6.295,1.601903295,0,0,0.4473156329,0,0,20,20
6.3,1.604140051,0,0,0.4473867987,0,0,20,20
6.305,1.606377162,0,0,0.4474577353,0,0,20,20
6.31,1.608614628,0,0,0.4475284436,0,0,20,20
6.315,1.610852446,0,0,0.4475989242,0,0,20,20
6.32,1.613090617,0,0,0.4476691778,0,0,20,20
6.325,1.615329138,0,0,0.4477392052,0,0,20,20
6.33,1.617568008,0,0,0.4478090071,0,0,20,20
6.335,1.619807227,0,0,0.4478785841,0,0,20,20
6.34,1.622046794,0,0,0.447947937,0,0,20,20
6.345,1.624286706,0,0,0.4480170664,0,0,20,20
6.35,1.626526964,0,0,0.4480859732,0,0,20,20
6.355,1.628767566,0,0,0.4481546579,0,0,20,20
6.36,1.63100851,0,0,0.4482231213,0,0,20,20
6.365,1.633249797,0,0,0.4482913641,0,0,20,20
6.37,1.635491423,0,0,0.4483593869,0,0,20,20
6.375,1.63773339,0,0,0.4484271905,0,0,20,20
6.38,1.639975695,0,0,0.4484947755,0,0,20,20
6.385,1.642218337,0,0,0.4485621426,0,0,20,20
6.39,1.644461316,0,0,0.4486292925,0,0,20,20
6.395,1.64670463,0,0,0.448696226,0,0,20,20
6.4,1.648948278,0,0,0.4487629436,0,0,20,20
6.405,1.651192259,0,0,0.448829446,0,0,20,20
6.41,1.653436572,0,0,0.448895734,0,0,20,20
6.415,1.655681216,0,0,0.4489618082,0,0,20,20
6.42,1.65792619,0,0,0.4490276692,0,0,20,20
6.425,1.660171492,0,0,0.4490933178,0,0,20,20
6.43,1.662417123,0,0,0.4491587546,0,0,20,20
6.435,1.66466308,0,0,0.4492239802,0,0,20,20
6.44,1.666909362,0,0,0.4492889954,0,0,20,20
6.445,1.669155969,0,0,0.4493538009,0,0,20,20
6.45,1.6714029,0,0,0.4494183971,0,0,20,20
6.455,1.673650153,0,0,0.4494827849,0,0,20,20
6.46,1.675897727,0,0,0.4495469649,0,0,20,20
6.465,1.678145622,0,0,0.4496109377,0,0,20,20
6.47,1.680393836,0,0,0.4496747039,0,0,20,20
6.475,1.682642369,0,0,0.4497382643,0,0,20,20
6.48,1.684891219,0,0,0.4498016195,0,0,20,20
6.485,1.687140385,0,0,0.4498647701,0,0,20,20
6.49,1.689389866,0,0,0.4499277168,0,0,20,20
6.495,1.691639661,0,0,0.4499904602,0,0,20,20
6.5,1.69388977,0,0,0.450053001,0,0,20,20
6.505,1.696140191,0,0,0.4501153397,0,0,20,20
6.51,1.698390923,0,0,0.4501774771,0,0,20,20
6.515,1.700641966,0,0,0.4502394138,0,0,20,20
6.52,1.702893317,0,0,0.4503011503,0,0,20,20
6.525,1.705144977,0,0,0.4503626874,0,0,20,20
6.53,1.707396944,0,0,0.4504240256,0,0,20,20
6.535,1.709649217,0,0,0.4504851656,0,0,20,20
6.54,1.711901795,0,0,0.4505461081,0,0,20,20
6.545,1.714154677,0,0,0.4506068536,0,0,20,20
6.55,1.716407863,0,0,0.4506674027,0,0,20,20
6.555,1.718661351,0,0,0.4507277561,0,0,20,20
6.56,1.72091514,0,0,0.4507879144,0,0,20,20
6.565,1.72316923,0,0,0.4508478782,0,0,20,20
6.57,1.725423619,0,0,0.4509076482,0,0,20,20
6.575,1.727678306,0,0,0.4509672249,0,0,20,20
6.58,1.729933291,0,0,0.4510266089,0,0,20,20
6.585,1.732188572,0,0,0.4510858009,0,0,20,20
6.59,1.734444148,0,0,0.4511448014,0,0,20,20
6.595,1.73670002,0,0,0.4512036112,0,0,20,20
6.6,1.738956184,0,0,0.4512622307,0,0,20,20
6.605,1.741212642,0,0,0.4513206605,0,0,20,20
6.61,1.743469391,0,0,0.4513789014,0,0,20,20
6.615,1.74572643,0,0,0.4514369538,0,0,20,20
6.62,1.74798376,0,0,0.4514948184,0,0,20,20
6.625,1.750241378,0,0,0.4515524958,0,0,20,20
6.63,1.752499284,0,0,0.4516099865,0,0,20,20
6.635,1.754757478,0,0,0.4516672912,0,0,20,20
6.64,1.757015957,0,0,0.4517244104,0,0,20,20
6.645,1.759274721,0,0,0.4517813447,0,0,20,20
6.65,1.76153377,0,0,0.4518380947,0,0,20,20
6.655,1.763793102,0,0,0.451894661,0,0,20,20
6.66,1.766052716,0,0,0.4519510442,0,0,20,20
6.665,1.768312612,0,0,0.4520072449,0,0,20,20
6.67,1.770572789,0,0,0.4520632636,0,0,20,20
6.675,1.772833245,0,0,0.4521191009,0,0,20,20
6.68,1.775093979,0,0,0.4521747573,0,0,20,20
6.685,1.777354992,0,0,0.4522302336,0,0,20,20
6.69,1.779616281,0,0,0.4522855301,0,0,20,20
6.695,1.781877847,0,0,0.4523406476,0,0,20,20
6.7,1.784139688,0,0,0.4523955865,0,0,20,20
6.705,1.786401802,0,0,0.4524503475,0,0,20,20
6.71,1.788664191,0,0,0.452504931,0,0,20,20
6.715,1.790926851,0,0,0.4525593377,0,0,20,20
6.72,1.793189784,0,0,0.4526135682,0,0,20,20
6.725,1.795452987,0,0,0.4526676229,0,0,20,20
6.73,1.79771646,0,0,0.4527215024,0,0,20,20
6.735,1.799980202,0,0,0.4527752074,0,0,20,20
6.74,1.802244212,0,0,0.4528287383,0,0,20,20
6.745,1.804508489,0,0,0.4528820957,0,0,20,20
6.75,1.806773032,0,0,0.4529352801,0,0,20,20
6.755,1.809037841,0,0,0.4529882922,0,0,20,20
6.76,1.811302915,0,0,0.4530411324,0,0,20,20
6.765,1.813568252,0,0,0.4530938012,0,0,20,20
6.77,1.815833853,0,0,0.4531462994,0,0,20,20
6.775,1.818099715,0,0,0.4531986273,0,0,20,20
6.78,1.820365839,0,0,0.4532507855,0,0,20,20
6.785,1.822632223,0,0,0.4533027746,0,0,20,20
6.79,1.824898866,0,0,0.4533545951,0,0,20,20
6.795,1.827165768,0,0,0.4534062475,0,0,20,20
6.8,1.829432928,0,0,0.4534577324,0,0,20,20
6.805,1.831700345,0,0,0.4535090503,0,0,20,20
6.81,1.833968018,0,0,0.4535602017,0,0,20,20
6.815,1.836235947,0,0,0.4536111872,0,0,20,20
6.82,1.83850413,0,0,0.4536620073,0,0,20,20
6.825,1.840772567,0,0,0.4537126625,0,0,20,20
6.83,1.843041256,0,0,0.4537631533,0,0,20,20
6.835,1.845310198,0,0,0.4538134803,0,0,20,20
6.84,1.847579391,0,0,0.453863644,0,0,20,20
6.845,1.849848834,0,0,0.4539136449,0,0,20,20
6.85,1.852118527,0,0,0.4539634835,0,0,20,20
6.855,1.854388469,0,0,0.4540131603,0,0,20,20
6.86,1.856658658,0,0,0.4540626759,0,0,20,20
6.865,1.858929095,0,0,0.4541120308,0,0,20,20
6.87,1.861199778,0,0,0.4541612255,0,0,20,20
6.875,1.863470707,0,0,0.4542102604,0,0,20,20
6.88,1.865741881,0,0,0.4542591362,0,0,20,20
6.885,1.868013298,0,0,0.4543078533,0,0,20,20
6.89,1.870284959,0,0,0.4543564121,0,0,20,20
6.895,1.872556862,0,0,0.4544048133,0,0,20,20
6.9,1.874829007,0,0,0.4544530573,0,0,20,20
6.905,1.877101393,0,0,0.4545011447,0,0,20,20
6.91,1.879374018,0,0,0.4545490758,0,0,20,20
6.915,1.881646883,0,0,0.4545968513,0,0,20,20
6.92,1.883919986,0,0,0.4546444716,0,0,20,20
6.925,1.886193327,0,0,0.4546919372,0,0,20,20
6.93,1.888466905,0,0,0.4547392486,0,0,20,20
6.935,1.89074072,0,0,0.4547864063,0,0,20,20
6.94,1.893014769,0,0,0.4548334108,0,0,20,20
6.945,1.895289054,0,0,0.4548802626,0,0,20,20
6.95,1.897563572,0,0,0.4549269621,0,0,20,20
6.955,1.899838323,0,0,0.4549735099,0,0,20,20
6.96,1.902113307,0,0,0.4550199064,0,0,20,20
6.965,1.904388522,0,0,0.4550661521,0,0,20,20
6.97,1.906663968,0,0,0.4551122475,0,0,20,20
6.975,1.908939644,0,0,0.4551581931,0,0,20,20
6.98,1.911215549,0,0,0.4552039894,0,0,20,20
6.985,1.913491684,0,0,0.4552496368,0,0,20,20
6.99,1.915768046,0,0,0.4552951357,0,0,20,20
6.995,1.918044635,0,0,0.4553404868,0,0,20,20
7,1.92032145,0,0,0.4553856905,0,0,20,20
7.005,1.922598491,0,0,0.4554307471,0,0,20,20
7.01,1.924875757,0,0,0.4554756573,0,0,20,20
7.015,1.927153248,0,0,0.4555204214,0,0,20,20
7.02,1.929430961,0,0,0.45556504,0,0,20,20
7.025,1.931708898,0,0,0.4556095134,0,0,20,20
7.03,1.933987056,0,0,0.4556538422,0,0,20,20
7.035,1.936265436,0,0,0.4556980268,0,0,20,20
7.04,1.938544036,0,0,0.4557420678,0,0,20,20
7.045,1.940822856,0,0,0.4557859654,0,0,20,20
7.05,1.943101896,0,0,0.4558297203,0,0,20,20
7.055,1.945381153,0,0,0.4558733328,0,0,20,20
7.06,1.947660629,0,0,0.4559168034,0,0,20,20
7.065,1.949940321,0,0,0.4559601327,0,0,20,20
7.07,1.95222023,0,0,0.4560033209,0,0,20,20
7.075,1.954500354,0,0,0.4560463686,0,0,20,20
7.08,1.956780693,0,0,0.4560892762,0,0,20,20
7.085,1.959061247,0,0,0.4561320442,0,0,20,20
7.09,1.961342014,0,0,0.456174673,0,0,20,20
7.095,1.963622993,0,0,0.4562171631,0,0,20,20
7.1,1.965904185,0,0,0.4562595149,0,0,20,20
7.105,1.968185588,0,0,0.4563017288,0,0,20,20
7.11,1.970467202,0,0,0.4563438053,0,0,20,20
7.115,1.972749026,0,0,0.4563857449,0,0,20,20
7.12,1.975031059,0,0,0.4564275479,0,0,20,20
7.125,1.977313301,0,0,0.4564692148,0,0,20,20
7.13,1.979595751,0,0,0.4565107461,0,0,20,20
7.135,1.981878408,0,0,0.4565521422,0,0,20,20
7.14,1.984161272,0,0,0.4565934034,0,0,20,20
7.145,1.986444342,0,0,0.4566345304,0,0,20,20
7.15,1.988727617,0,0,0.4566755233,0,0,20,20
7.155,1.991011097,0,0,0.4567163828,0,0,20,20
7.16,1.993294781,0,0,0.4567571093,0,0,20,20
7.165,1.995578668,0,0,0.4567977031,0,0,20,20
7.17,1.997862758,0,0,0.4568381646,0,0,20,20
7.175,2.00014705,0,0,0.4568784944,0,0,20,20
7.18,2.002431543,0,0,0.4569186928,0,0,20,20
7.185,2.004716236,0,0,0.4569587603,0,0,20,20
7.19,2.00700113,0,0,0.4569986972,0,0,20,20
7.195,2.009286223,0,0,0.4570385041,0,0,20,20
7.2,2.011571515,0,0,0.4570781812,0,0,20,20
7.205,2.013857005,0,0,0.4571177291,0,0,20,20
7.21,2.016142692,0,0,0.4571571481,0,0,20,20
7.215,2.018428576,0,0,0.4571964387,0,0,20,20
7.22,2.020714656,0,0,0.4572356012,0,0,20,20
7.225,2.023000932,0,0,0.4572746361,0,0,20,20
7.23,2.025287402,0,0,0.4573135438,0,0,20,20
7.235,2.027574067,0,0,0.4573523247,0,0,20,20
7.24,2.029860925,0,0,0.4573909792,0,0,20,20
7.245,2.032147977,0,0,0.4574295077,0,0,20,20
7.25,2.03443522,0,0,0.4574679106,0,0,20,20
7.255,2.036722655,0,0,0.4575061883,0,0,20,20
7.26,2.039010282,0,0,0.4575443413,0,0,20,20
7.265,2.041298099,0,0,0.4575823699,0,0,20,20
7.27,2.043586105,0,0,0.4576202745,0,0,20,20
7.275,2.045874301,0,0,0.4576580555,0,0,20,20
7.28,2.048162686,0,0,0.4576957133,0,0,20,20
7.285,2.050451258,0,0,0.4577332484,0,0,20,20
7.29,2.052740018,0,0,0.457770661,0,0,20,20
7.295,2.055028965,0,0,0.4578079517,0,0,20,20
7.3,2.057318097,0,0,0.4578451207,0,0,20,20
7.305,2.059607416,0,0,0.4578821685,0,0,20,20
7.31,2.061896919,0,0,0.4579190955,0,0,20,20
7.315,2.064186606,0,0,0.4579559021,0,0,20,20
7.32,2.066476478,0,0,0.4579925886,0,0,20,20
7.325,2.068766532,0,0,0.4580291555,0,0,20,20
7.33,2.071056769,0,0,0.458065603,0,0,20,20
7.335,2.073347188,0,0,0.4581019317,0,0,20,20
7.34,2.075637788,0,0,0.4581381419,0,0,20,20
7.345,2.077928569,0,0,0.4581742339,0,0,20,20
7.35,2.08021953,0,0,0.4582102082,0,0,20,20
7.355,2.082510671,0,0,0.4582460651,0,0,20,20
7.36,2.084801991,0,0,0.458281805,0,0,20,20
7.365,2.087093489,0,0,0.4583174282,0,0,20,20
7.37,2.089385165,0,0,0.4583529353,0,0,20,20
7.375,2.091677018,0,0,0.4583883265,0,0,20,20
7.38,2.093969048,0,0,0.4584236021,0,0,20,20
7.385,2.096261254,0,0,0.4584587627,0,0,20,20
7.39,2.098553635,0,0,0.4584938085,0,0,20,20
7.395,2.100846192,0,0,0.4585287399,0,0,20,20
7.4,2.103138922,0,0,0.4585635573,0,0,20,20
7.405,2.105431827,0,0,0.4585982611,0,0,20,20
7.41,2.107724905,0,0,0.4586328516,0,0,20,20
7.415,2.110018155,0,0,0.4586673291,0,0,20,20
7.42,2.112311578,0,0,0.4587016941,0,0,20,20
7.425,2.114605172,0,0,0.4587359469,0,0,20,20
7.43,2.116898937,0,0,0.4587700879,0,0,20,20
7.435,2.119192873,0,0,0.4588041174,0,0,20,20
7.44,2.121486978,0,0,0.4588380359,0,0,20,20
7.445,2.123781253,0,0,0.4588718435,0,0,20,20
7.45,2.126075696,0,0,0.4589055408,0,0,20,20
7.455,2.128370308,0,0,0.458939128,0,0,20,20
7.46,2.130665088,0,0,0.4589726056,0,0,20,20
7.465,2.132960034,0,0,0.4590059738,0,0,20,20
7.47,2.135255147,0,0,0.459039233,0,0,20,20
7.475,2.137550426,0,0,0.4590723836,0,0,20,20
7.48,2.139845871,0,0,0.459105426,0,0,20,20
7.485,2.14214148,0,0,0.4591383604,0,0,20,20
7.49,2.144437254,0,0,0.4591711872,0,0,20,20
7.495,2.146733192,0,0,0.4592039068,0,0,20,20
7.5,2.149029293,0,0,0.4592365195,0,0,20,20
7.505,2.151325557,0,0,0.4592690257,0,0,20,20
7.51,2.153621983,0,0,0.4593014257,0,0,20,20
7.515,2.155918571,0,0,0.4593337199,0,0,20,20
7.52,2.15821532,0,0,0.4593659085,0,0,20,20
7.525,2.16051223,0,0,0.4593979919,0,0,20,20
7.53,2.1628093,0,0,0.4594299706,0,0,20,20
7.535,2.16510653,0,0,0.4594618447,0,0,20,20
7.54,2.167403918,0,0,0.4594936147,0,0,20,20
7.545,2.169701465,0,0,0.4595252808,0,0,20,20
7.55,2.171999171,0,0,0.4595568435,0,0,20,20
7.555,2.174297034,0,0,0.459588303,0,0,20,20
7.56,2.176595054,0,0,0.4596196597,0,0,20,20
7.565,2.17889323,0,0,0.4596509139,0,0,20,20
7.57,2.181191563,0,0,0.459682066,0,0,20,20
7.575,2.183490051,0,0,0.4597131162,0,0,20,20
7.58,2.185788694,0,0,0.459744065,0,0,20,20
7.585,2.188087491,0,0,0.4597749126,0,0,20,20
7.59,2.190386443,0,0,0.4598056593,0,0,20,20
7.595,2.192685548,0,0,0.4598363056,0,0,20,20
7.6,2.194984806,0,0,0.4598668516,0,0,20,20
7.605,2.197284216,0,0,0.4598972978,0,0,20,20
7.61,2.199583778,0,0,0.4599276444,0,0,20,20
7.615,2.201883492,0,0,0.4599578918,0,0,20,20
7.62,2.204183357,0,0,0.4599880403,0,0,20,20
7.625,2.206483372,0,0,0.4600180903,0,0,20,20
7.63,2.208783538,0,0,0.4600480419,0,0,20,20
7.635,2.211083853,0,0,0.4600778957,0,0,20,20
7.64,2.213384317,0,0,0.4601076518,0,0,20,20
7.645,2.215684929,0,0,0.4601373106,0,0,20,20
7.65,2.21798569,0,0,0.4601668724,0,0,20,20
7.655,2.220286598,0,0,0.4601963375,0,0,20,20
7.66,2.222587653,0,0,0.4602257062,0,0,20,20
7.665,2.224888855,0,0,0.4602549789,0,0,20,20
7.67,2.227190202,0,0,0.4602841558,0,0,20,20
7.675,2.229491696,0,0,0.4603132373,0,0,20,20
7.68,2.231793335,0,0,0.4603422237,0,0,20,20
7.685,2.234095118,0,0,0.4603711152,0,0,20,20
7.69,2.236397046,0,0,0.4603999123,0,0,20,20
7.695,2.238699117,0,0,0.4604286151,0,0,20,20
7.7,2.241001332,0,0,0.460457224,0,0,20,20
7.705,2.243303689,0,0,0.4604857393,0,0,20,20
7.71,2.245606189,0,0,0.4605141614,0,0,20,20
7.715,2.247908831,0,0,0.4605424904,0,0,20,20
7.72,2.250211614,0,0,0.4605707267,0,0,20,20
7.725,2.252514538,0,0,0.4605988707,0,0,20,20
7.73,2.254817602,0,0,0.4606269225,0,0,20,20
7.735,2.257120807,0,0,0.4606548826,0,0,20,20
7.74,2.259424151,0,0,0.4606827511,0,0,20,20
7.745,2.261727634,0,0,0.4607105285,0,0,20,20
7.75,2.264031256,0,0,0.4607382149,0,0,20,20
7.755,2.266335016,0,0,0.4607658107,0,0,20,20
7.76,2.268638914,0,0,0.4607933162,0,0,20,20
7.765,2.270942949,0,0,0.4608207317,0,0,20,20
7.77,2.273247121,0,0,0.4608480575,0,0,20,20
7.775,2.275551429,0,0,0.4608752938,0,0,20,20
7.78,2.277855874,0,0,0.4609024409,0,0,20,20
7.785,2.280160454,0,0,0.4609294992,0,0,20,20
7.79,2.282465169,0,0,0.4609564689,0,0,20,20
7.795,2.284770018,0,0,0.4609833503,0,0,20,20
7.8,2.287075002,0,0,0.4610101437,0,0,20,20
7.805,2.28938012,0,0,0.4610368494,0,0,20,20
7.81,2.29168537,0,0,0.4610634677,0,0,20,20
7.815,2.293990754,0,0,0.4610899988,0,0,20,20
7.82,2.29629627,0,0,0.461116443,0,0,20,20
7.825,2.298601918,0,0,0.4611428007,0,0,20,20
7.83,2.300907698,0,0,0.461169072,0,0,20,20
7.835,2.303213609,0,0,0.4611952573,0,0,20,20
7.84,2.305519651,0,0,0.4612213569,0,0,20,20
7.845,2.307825822,0,0,0.461247371,0,0,20,20
7.85,2.310132124,0,0,0.4612732999,0,0,20,20
7.855,2.312438555,0,0,0.4612991439,0,0,20,20
7.86,2.314745115,0,0,0.4613249032,0,0,20,20
7.865,2.317051804,0,0,0.4613505782,0,0,20,20
7.87,2.319358621,0,0,0.4613761691,0,0,20,20
7.875,2.321665566,0,0,0.4614016761,0,0,20,20
7.88,2.323972638,0,0,0.4614270997,0,0,20,20
7.885,2.326279837,0,0,0.4614524399,0,0,20,20
7.89,2.328587162,0,0,0.4614776971,0,0,20,20
7.895,2.330894613,0,0,0.4615028716,0,0,20,20
7.9,2.333202191,0,0,0.4615279637,0,0,20,20
7.905,2.335509893,0,0,0.4615529735,0,0,20,20
7.91,2.33781772,0,0,0.4615779014,0,0,20,20
7.915,2.340125672,0,0,0.4616027476,0,0,20,20
7.92,2.342433747,0,0,0.4616275124,0,0,20,20
7.925,2.344741947,0,0,0.4616521961,0,0,20,20
7.93,2.347050269,0,0,0.4616767989,0,0,20,20
7.935,2.349358715,0,0,0.4617013211,0,0,20,20
7.94,2.351667282,0,0,0.461725763,0,0,20,20
7.945,2.353975972,0,0,0.4617501247,0,0,20,20
7.95,2.356284783,0,0,0.4617744066,0,0,20,20
7.955,2.358593716,0,0,0.461798609,0,0,20,20
7.96,2.360902769,0,0,0.461822732,0,0,20,20
7.965,2.363211943,0,0,0.461846776,0,0,20,20
7.97,2.365521237,0,0,0.4618707412,0,0,20,20
7.975,2.367830651,0,0,0.4618946278,0,0,20,20
7.98,2.370140183,0,0,0.4619184362,0,0,20,20
7.985,2.372449835,0,0,0.4619421665,0,0,20,20
7.99,2.374759605,0,0,0.461965819,0,0,20,20
7.995,2.377069493,0,0,0.461989394,0,0,20,20
8,2.379379499,0,0,0.4620128918,0,0,20,20
8.005,2.381689622,0,0,0.4620363125,0,0,20,20
8.01,2.383999862,0,0,0.4620596564,0,0,20,20
8.015,2.386310218,0,0,0.4620829239,0,0,20,20
8.02,2.388620691,0,0,0.462106115,0,0,20,20
8.025,2.390931279,0,0,0.4621292301,0,0,20,20
8.03,2.393241983,0,0,0.4621522694,0,0,20,20
8.035,2.395552802,0,0,0.4621752332,0,0,20,20
8.04,2.397863735,0,0,0.4621981217,0,0,20,20
8.045,2.400174783,0,0,0.4622209352,0,0,20,20
8.05,2.402485944,0,0,0.4622436739,0,0,20,20
8.055,2.404797219,0,0,0.462266338,0,0,20,20
8.06,2.407108608,0,0,0.4622889278,0,0,20,20
8.065,2.409420108,0,0,0.4623114435,0,0,20,20
8.07,2.411731722,0,0,0.4623338854,0,0,20,20
8.075,2.414043447,0,0,0.4623562537,0,0,20,20
8.08,2.416355284,0,0,0.4623785486,0,0,20,20
8.085,2.418667233,0,0,0.4624007704,0,0,20,20
8.09,2.420979292,0,0,0.4624229194,0,0,20,20
8.095,2.423291462,0,0,0.4624449957,0,0,20,20
8.1,2.425603742,0,0,0.4624669996,0,0,20,20
8.105,2.427916132,0,0,0.4624889314,0,0,20,20
8.11,2.430228631,0,0,0.4625107912,0,0,20,20
8.115,2.432541239,0,0,0.4625325793,0,0,20,20
8.12,2.434853957,0,0,0.4625542959,0,0,20,20
8.125,2.437166782,0,0,0.4625759414,0,0,20,20
8.13,2.439479716,0,0,0.4625975158,0,0,20,20
8.135,2.441792757,0,0,0.4626190194,0,0,20,20
8.14,2.444105906,0,0,0.4626404525,0,0,20,20
8.145,2.446419162,0,0,0.4626618153,0,0,20,20
8.15,2.448732524,0,0,0.462683108,0,0,20,20
8.155,2.451045993,0,0,0.4627043309,0,0,20,20
8.16,2.453359567,0,0,0.4627254841,0,0,20,20
8.165,2.455673247,0,0,0.4627465679,0,0,20,20
8.17,2.457987033,0,0,0.4627675826,0,0,20,20
8.175,2.460300923,0,0,0.4627885283,0,0,20,20
8.18,2.462614918,0,0,0.4628094053,0,0,20,20
8.185,2.464929017,0,0,0.4628302138,0,0,20,20
8.19,2.46724322,0,0,0.462850954,0,0,20,20
8.195,2.469557526,0,0,0.4628716262,0,0,20,20
8.2,2.471871936,0,0,0.4628922305,0,0,20,20
8.205,2.474186449,0,0,0.4629127672,0,0,20,20
8.21,2.476501064,0,0,0.4629332365,0,0,20,20
8.215,2.478815781,0,0,0.4629536387,0,0,20,20
8.22,2.4811306,0,0,0.4629739738,0,0,20,20
8.225,2.48344552,0,0,0.4629942423,0,0,20,20
8.23,2.485760542,0,0,0.4630144442,0,0,20,20
8.235,2.488075665,0,0,0.4630345799,0,0,20,20
8.24,2.490390888,0,0,0.4630546494,0,0,20,20
8.245,2.492706211,0,0,0.4630746531,0,0,20,20
8.25,2.495021634,0,0,0.4630945911,0,0,20,20
8.255,2.497337157,0,0,0.4631144637,0,0,20,20
8.26,2.499652779,0,0,0.4631342711,0,0,20,20
8.265,2.5019685,0,0,0.4631540134,0,0,20,20
8.27,2.504284319,0,0,0.4631736909,0,0,20,20
8.275,2.506600236,0,0,0.4631933039,0,0,20,20
8.28,2.508916252,0,0,0.4632128524,0,0,20,20
8.285,2.511232365,0,0,0.4632323368,0,0,20,20
8.29,2.513548575,0,0,0.4632517572,0,0,20,20
8.295,2.515864882,0,0,0.4632711139,0,0,20,20
8.3,2.518181286,0,0,0.463290407,0,0,20,20
8.305,2.520497786,0,0,0.4633096368,0,0,20,20
8.31,2.522814382,0,0,0.4633288034,0,0,20,20
8.315,2.525131074,0,0,0.4633479071,0,0,20,20
8.32,2.527447861,0,0,0.4633669481,0,0,20,20
8.325,2.529764744,0,0,0.4633859266,0,0,20,20
8.33,2.53208172,0,0,0.4634048428,0,0,20,20
8.335,2.534398792,0,0,0.4634236968,0,0,20,20
8.34,2.536715957,0,0,0.4634424889,0,0,20,20
8.345,2.539033217,0,0,0.4634612194,0,0,20,20
8.35,2.541350569,0,0,0.4634798883,0,0,20,20
8.355,2.543668015,0,0,0.4634984959,0,0,20,20
8.36,2.545985554,0,0,0.4635170424,0,0,20,20
8.365,2.548303186,0,0,0.463535528,0,0,20,20
8.37,2.550620909,0,0,0.4635539529,0,0,20,20
8.375,2.552938725,0,0,0.4635723173,0,0,20,20
8.38,2.555256633,0,0,0.4635906214,0,0,20,20
8.385,2.557574631,0,0,0.4636088654,0,0,20,20
8.39,2.559892721,0,0,0.4636270494,0,0,20,20
8.395,2.562210902,0,0,0.4636451737,0,0,20,20
8.4,2.564529173,0,0,0.4636632385,0,0,20,20
8.405,2.566847534,0,0,0.463681244,0,0,20,20
8.41,2.569165985,0,0,0.4636991903,0,0,20,20
8.415,2.571484526,0,0,0.4637170777,0,0,20,20
8.42,2.573803156,0,0,0.4637349063,0,0,20,20
8.425,2.576121875,0,0,0.4637526763,0,0,20,20
8.43,2.578440682,0,0,0.463770388,0,0,20,20
8.435,2.580759579,0,0,0.4637880415,0,0,20,20
8.44,2.583078563,0,0,0.463805637,0,0,20,20
8.445,2.585397635,0,0,0.4638231747,0,0,20,20
8.45,2.587716794,0,0,0.4638406548,0,0,20,20
8.455,2.590036041,0,0,0.4638580774,0,0,20,20
8.46,2.592355375,0,0,0.4638754428,0,0,20,20
8.465,2.594674796,0,0,0.4638927512,0,0,20,20
8.47,2.596994302,0,0,0.4639100027,0,0,20,20
8.475,2.599313896,0,0,0.4639271975,0,0,20,20
8.48,2.601633574,0,0,0.4639443358,0,0,20,20
8.485,2.603953339,0,0,0.4639614179,0,0,20,20
8.49,2.606273188,0,0,0.4639784437,0,0,20,20
8.495,2.608593123,0,0,0.4639954137,0,0,20,20
8.5,2.610913143,0,0,0.4640123279,0,0,20,20
8.505,2.613233246,0,0,0.4640291865,0,0,20,20
8.51,2.615553434,0,0,0.4640459897,0,0,20,20
8.515,2.617873706,0,0,0.4640627376,0,0,20,20
8.52,2.620194062,0,0,0.4640794306,0,0,20,20
8.525,2.6225145,0,0,0.4640960687,0,0,20,20
8.53,2.624835022,0,0,0.4641126521,0,0,20,20
8.535,2.627155627,0,0,0.464129181,0,0,20,20
8.54,2.629476314,0,0,0.4641456556,0,0,20,20
8.545,2.631797083,0,0,0.4641620761,0,0,20,20
8.55,2.634117935,0,0,0.4641784425,0,0,20,20
8.555,2.636438868,0,0,0.4641947552,0,0,20,20
8.56,2.638759882,0,0,0.4642110143,0,0,20,20
8.565,2.641080978,0,0,0.46422722,0,0,20,20
8.57,2.643402154,0,0,0.4642433723,0,0,20,20
8.575,2.645723411,0,0,0.4642594716,0,0,20,20
8.58,2.648044749,0,0,0.464275518,0,0,20,20
8.585,2.650366166,0,0,0.4642915116,0,0,20,20
8.59,2.652687664,0,0,0.4643074526,0,0,20,20
8.595,2.655009241,0,0,0.4643233413,0,0,20,20
8.6,2.657330897,0,0,0.4643391777,0,0,20,20
8.605,2.659652632,0,0,0.4643549621,0,0,20,20
8.61,2.661974447,0,0,0.4643706946,0,0,20,20
8.615,2.664296339,0,0,0.4643863753,0,0,20,20
8.62,2.66661831,0,0,0.4644020045,0,0,20,20
8.625,2.668940359,0,0,0.4644175823,0,0,20,20
8.63,2.671262486,0,0,0.4644331089,0,0,20,20
8.635,2.67358469,0,0,0.4644485845,0,0,20,20
8.64,2.675906972,0,0,0.4644640092,0,0,20,20
8.645,2.67822933,0,0,0.4644793832,0,0,20,20
8.65,2.680551766,0,0,0.4644947066,0,0,20,20
8.655,2.682874277,0,0,0.4645099796,0,0,20,20
8.66,2.685196865,0,0,0.4645252025,0,0,20,20
8.665,2.687519529,0,0,0.4645403752,0,0,20,20
8.67,2.689842269,0,0,0.4645554981,0,0,20,20
8.675,2.692165084,0,0,0.4645705713,0,0,20,20
8.68,2.694487975,0,0,0.4645855949,0,0,20,20
8.685,2.69681094,0,0,0.4646005691,0,0,20,20
8.69,2.69913398,0,0,0.464615494,0,0,20,20
8.695,2.701457095,0,0,0.4646303699,0,0,20,20
8.7,2.703780284,0,0,0.4646451969,0,0,20,20
8.705,2.706103547,0,0,0.4646599751,0,0,20,20
8.71,2.708426883,0,0,0.4646747047,0,0,20,20
8.715,2.710750294,0,0,0.4646893858,0,0,20,20
8.72,2.713073777,0,0,0.4647040187,0,0,20,20
8.725,2.715397334,0,0,0.4647186035,0,0,20,20
8.73,2.717720963,0,0,0.4647331403,0,0,20,20
8.735,2.720044665,0,0,0.4647476292,0,0,20,20
8.74,2.722368439,0,0,0.4647620706,0,0,20,20
8.745,2.724692286,0,0,0.4647764644,0,0,20,20
8.75,2.727016204,0,0,0.4647908109,0,0,20,20
8.755,2.729340194,0,0,0.4648051102,0,0,20,20
8.76,2.731664255,0,0,0.4648193625,0,0,20,20
8.765,2.733988387,0,0,0.4648335679,0,0,20,20
8.77,2.736312591,0,0,0.4648477265,0,0,20,20
8.775,2.738636865,0,0,0.4648618386,0,0,20,20
8.78,2.740961209,0,0,0.4648759043,0,0,20,20
8.785,2.743285623,0,0,0.4648899237,0,0,20,20
8.79,2.745610108,0,0,0.464903897,0,0,20,20
8.795,2.747934662,0,0,0.4649178243,0,0,20,20
8.8,2.750259286,0,0,0.4649317058,0,0,20,20
8.805,2.752583979,0,0,0.4649455417,0,0,20,20
8.81,2.754908742,0,0,0.464959332,0,0,20,20
8.815,2.757233573,0,0,0.464973077,0,0,20,20
8.82,2.759558472,0,0,0.4649867767,0,0,20,20
8.825,2.76188344,0,0,0.4650004314,0,0,20,20
8.83,2.764208477,0,0,0.4650140411,0,0,20,20
8.835,2.766533581,0,0,0.4650276061,0,0,20,20
8.84,2.768858752,0,0,0.4650411265,0,0,20,20
8.845,2.771183992,0,0,0.4650546023,0,0,20,20
8.85,2.773509298,0,0,0.4650680339,0,0,20,20
8.855,2.775834672,0,0,0.4650814212,0,0,20,20
8.86,2.778160113,0,0,0.4650947645,0,0,20,20
8.865,2.78048562,0,0,0.4651080639,0,0,20,20
8.87,2.782811193,0,0,0.4651213195,0,0,20,20
8.875,2.785136833,0,0,0.4651345315,0,0,20,20
8.88,2.787462538,0,0,0.4651477,0,0,20,20
8.885,2.78978831,0,0,0.4651608253,0,0,20,20
8.89,2.792114147,0,0,0.4651739073,0,0,20,20
8.895,2.794440049,0,0,0.4651869462,0,0,20,20
8.9,2.796766016,0,0,0.4651999423,0,0,20,20
8.905,2.799092048,0,0,0.4652128956,0,0,20,20
8.91,2.801418145,0,0,0.4652258063,0,0,20,20
8.915,2.803744306,0,0,0.4652386744,0,0,20,20
8.92,2.806070532,0,0,0.4652515003,0,0,20,20
8.925,2.808396821,0,0,0.4652642839,0,0,20,20
8.93,2.810723174,0,0,0.4652770255,0,0,20,20
8.935,2.813049591,0,0,0.4652897251,0,0,20,20
8.94,2.815376071,0,0,0.4653023829,0,0,20,20
8.945,2.817702615,0,0,0.4653149991,0,0,20,20
8.95,2.820029221,0,0,0.4653275737,0,0,20,20
8.955,2.822355891,0,0,0.465340107,0,0,20,20
8.96,2.824682622,0,0,0.465352599,0,0,20,20
8.965,2.827009417,0,0,0.4653650499,0,0,20,20
8.97,2.829336273,0,0,0.4653774598,0,0,20,20
8.975,2.831663191,0,0,0.4653898289,0,0,20,20
8.98,2.833990171,0,0,0.4654021572,0,0,20,20
8.985,2.836317213,0,0,0.465414445,0,0,20,20
8.99,2.838644315,0,0,0.4654266923,0,0,20,20
8.995,2.840971479,0,0,0.4654388993,0,0,20,20
9,2.843298704,0,0,0.4654510662,0,0,20,20
9.005,2.84562599,0,0,0.465463193,0,0,20,20
9.01,2.847953336,0,0,0.4654752798,0,0,20,20
9.015,2.850280743,0,0,0.4654873269,0,0,20,20
9.02,2.852608209,0,0,0.4654993343,0,0,20,20
9.025,2.854935736,0,0,0.4655113022,0,0,20,20
9.03,2.857263322,0,0,0.4655232307,0,0,20,20
9.035,2.859590968,0,0,0.46553512,0,0,20,20
9.04,2.861918674,0,0,0.46554697,0,0,20,20
9.045,2.864246438,0,0,0.4655587811,0,0,20,20
9.05,2.866574261,0,0,0.4655705533,0,0,20,20
9.055,2.868902143,0,0,0.4655822867,0,0,20,20
9.06,2.871230084,0,0,0.4655939816,0,0,20,20
9.065,2.873558083,0,0,0.4656056379,0,0,20,20
9.07,2.87588614,0,0,0.4656172558,0,0,20,20
9.075,2.878214256,0,0,0.4656288355,0,0,20,20
9.08,2.880542429,0,0,0.465640377,0,0,20,20
9.085,2.882870659,0,0,0.4656518806,0,0,20,20
9.09,2.885198947,0,0,0.4656633462,0,0,20,20
9.095,2.887527293,0,0,0.4656747742,0,0,20,20
9.1,2.889855695,0,0,0.4656861645,0,0,20,20
9.105,2.892184154,0,0,0.4656975172,0,0,20,20
9.11,2.89451267,0,0,0.4657088327,0,0,20,20
9.115,2.896841243,0,0,0.4657201108,0,0,20,20
9.12,2.899169871,0,0,0.4657313518,0,0,20,20
9.125,2.901498556,0,0,0.4657425558,0,0,20,20
9.13,2.903827297,0,0,0.4657537229,0,0,20,20
9.135,2.906156093,0,0,0.4657648533,0,0,20,20
9.14,2.908484945,0,0,0.465775947,0,0,20,20
9.145,2.910813853,0,0,0.4657870041,0,0,20,20
9.15,2.913142815,0,0,0.4657980248,0,0,20,20
9.155,2.915471833,0,0,0.4658090093,0,0,20,20
9.16,2.917800905,0,0,0.4658199576,0,0,20,20
9.165,2.920130032,0,0,0.4658308698,0,0,20,20
9.17,2.922459214,0,0,0.4658417461,0,0,20,20
9.175,2.92478845,0,0,0.4658525865,0,0,20,20
9.18,2.92711774,0,0,0.4658633913,0,0,20,20
9.185,2.929447084,0,0,0.4658741605,0,0,20,20
9.19,2.931776481,0,0,0.4658848942,0,0,20,20
9.195,2.934105932,0,0,0.4658955925,0,0,20,20
9.2,2.936435437,0,0,0.4659062557,0,0,20,20
9.205,2.938764995,0,0,0.4659168837,0,0,20,20
9.21,2.941094606,0,0,0.4659274767,0,0,20,20
9.215,2.94342427,0,0,0.4659380348,0,0,20,20
9.22,2.945753986,0,0,0.4659485581,0,0,20,20
9.225,2.948083755,0,0,0.4659590468,0,0,20,20
9.23,2.950413577,0,0,0.4659695009,0,0,20,20
9.235,2.95274345,0,0,0.4659799206,0,0,20,20
9.24,2.955073376,0,0,0.465990306,0,0,20,20
9.245,2.957403353,0,0,0.4660006571,0,0,20,20
9.25,2.959733382,0,0,0.4660109742,0,0,20,20
9.255,2.962063463,0,0,0.4660212573,0,0,20,20
9.26,2.964393595,0,0,0.4660315065,0,0,20,20
9.265,2.966723778,0,0,0.466041722,0,0,20,20
9.27,2.969054012,0,0,0.4660519038,0,0,20,20
9.275,2.971384297,0,0,0.466062052,0,0,20,20
9.28,2.973714632,0,0,0.4660721668,0,0,20,20
9.285,2.976045018,0,0,0.4660822484,0,0,20,20
9.29,2.978375455,0,0,0.4660922967,0,0,20,20
9.295,2.980705941,0,0,0.4661023119,0,0,20,20
9.3,2.983036478,0,0,0.4661122941,0,0,20,20
9.305,2.985367064,0,0,0.4661222434,0,0,20,20
9.31,2.9876977,0,0,0.4661321599,0,0,20,20
9.315,2.990028386,0,0,0.4661420438,0,0,20,20
9.32,2.992359121,0,0,0.4661518951,0,0,20,20
9.325,2.994689905,0,0,0.466161714,0,0,20,20
9.33,2.997020738,0,0,0.4661715005,0,0,20,20
9.335,2.99935162,0,0,0.4661812547,0,0,20,20
9.34,3.00168255,0,0,0.4661909769,0,0,20,20
9.345,3.004013529,0,0,0.4662006669,0,0,20,20
9.35,3.006344557,0,0,0.4662103251,0,0,20,20
9.355,3.008675633,0,0,0.4662199515,0,0,20,20
9.36,3.011006756,0,0,0.4662295461,0,0,20,20
9.365,3.013337928,0,0,0.4662391091,0,0,20,20
9.37,3.015669147,0,0,0.4662486406,0,0,20,20
9.375,3.018000414,0,0,0.4662581407,0,0,20,20
9.38,3.020331729,0,0,0.4662676095,0,0,20,20
9.385,3.02266309,0,0,0.4662770471,0,0,20,20
9.39,3.024994499,0,0,0.4662864536,0,0,20,20
9.395,3.027325955,0,0,0.4662958291,0,0,20,20
9.4,3.029657457,0,0,0.4663051737,0,0,20,20
9.405,3.031989006,0,0,0.4663144876,0,0,20,20
9.41,3.034320602,0,0,0.4663237707,0,0,20,20
9.415,3.036652244,0,0,0.4663330232,0,0,20,20
9.42,3.038983932,0,0,0.4663422453,0,0,20,20
9.425,3.041315667,0,0,0.466351437,0,0,20,20
9.43,3.043647447,0,0,0.4663605983,0,0,20,20
9.435,3.045979272,0,0,0.4663697295,0,0,20,20
9.44,3.048311144,0,0,0.4663788306,0,0,20,20
9.445,3.050643061,0,0,0.4663879017,0,0,20,20
9.45,3.052975023,0,0,0.4663969429,0,0,20,20
9.455,3.05530703,0,0,0.4664059543,0,0,20,20
9.46,3.057639082,0,0,0.4664149361,0,0,20,20
9.465,3.059971179,0,0,0.4664238882,0,0,20,20
9.47,3.062303321,0,0,0.4664328108,0,0,20,20
9.475,3.064635507,0,0,0.466441704,0,0,20,20
9.48,3.066967738,0,0,0.4664505679,0,0,20,20
9.485,3.069300013,0,0,0.4664594026,0,0,20,20
9.49,3.071632332,0,0,0.4664682081,0,0,20,20
9.495,3.073964695,0,0,0.4664769847,0,0,20,20
9.5,3.076297102,0,0,0.4664857323,0,0,20,20
9.505,3.078629552,0,0,0.4664944511,0,0,20,20
9.51,3.080962046,0,0,0.4665031411,0,0,20,20
9.515,3.083294584,0,0,0.4665118026,0,0,20,20
9.52,3.085627164,0,0,0.4665204354,0,0,20,20
9.525,3.087959788,0,0,0.4665290398,0,0,20,20
9.53,3.090292455,0,0,0.4665376159,0,0,20,20
9.535,3.092625164,0,0,0.4665461637,0,0,20,20
9.54,3.094957916,0,0,0.4665546833,0,0,20,20
9.545,3.097290711,0,0,0.4665631748,0,0,20,20
9.55,3.099623548,0,0,0.4665716383,0,0,20,20
9.555,3.101956427,0,0,0.466580074,0,0,20,20
9.56,3.104289349,0,0,0.4665884818,0,0,20,20
9.565,3.106622312,0,0,0.4665968619,0,0,20,20
9.57,3.108955317,0,0,0.4666052144,0,0,20,20
9.575,3.111288364,0,0,0.4666135394,0,0,20,20
9.58,3.113621453,0,0,0.4666218369,0,0,20,20
9.585,3.115954583,0,0,0.4666301071,0,0,20,20
9.59,3.118287754,0,0,0.46663835,0,0,20,20
9.595,3.120620966,0,0,0.4666465657,0,0,20,20
9.6,3.122954219,0,0,0.4666547543,0,0,20,20
9.605,3.125287513,0,0,0.466662916,0,0,20,20
9.61,3.127620848,0,0,0.4666710507,0,0,20,20
9.615,3.129954224,0,0,0.4666791587,0,0,20,20
9.62,3.13228764,0,0,0.4666872399,0,0,20,20
9.625,3.134621096,0,0,0.4666952944,0,0,20,20
9.63,3.136954593,0,0,0.4667033225,0,0,20,20
9.635,3.139288129,0,0,0.466711324,0,0,20,20
9.64,3.141621706,0,0,0.4667192992,0,0,20,20
9.645,3.143955322,0,0,0.466727248,0,0,20,20
9.65,3.146288978,0,0,0.4667351707,0,0,20,20
9.655,3.148622674,0,0,0.4667430672,0,0,20,20
9.66,3.150956409,0,0,0.4667509377,0,0,20,20
9.665,3.153290183,0,0,0.4667587823,0,0,20,20
9.67,3.155623997,0,0,0.466766601,0,0,20,20
9.675,3.157957849,0,0,0.4667743939,0,0,20,20
9.68,3.160291741,0,0,0.4667821612,0,0,20,20
9.685,3.162625671,0,0,0.4667899028,0,0,20,20
9.69,3.16495964,0,0,0.4667976189,0,0,20,20
9.695,3.167293647,0,0,0.4668053095,0,0,20,20
9.7,3.169627693,0,0,0.4668129748,0,0,20,20
9.705,3.171961777,0,0,0.4668206148,0,0,20,20
9.71,3.174295899,0,0,0.4668282297,0,0,20,20
9.715,3.176630059,0,0,0.4668358194,0,0,20,20
9.72,3.178964257,0,0,0.4668433841,0,0,20,20
9.725,3.181298493,0,0,0.4668509238,0,0,20,20
9.73,3.183632766,0,0,0.4668584387,0,0,20,20
9.735,3.185967077,0,0,0.4668659288,0,0,20,20
9.74,3.188301426,0,0,0.4668733943,0,0,20,20
9.745,3.190635811,0,0,0.4668808351,0,0,20,20
9.75,3.192970234,0,0,0.4668882513,0,0,20,20
9.755,3.195304694,0,0,0.4668956431,0,0,20,20
9.76,3.19763919,0,0,0.4669030106,0,0,20,20
9.765,3.199973724,0,0,0.4669103537,0,0,20,20
9.77,3.202308294,0,0,0.4669176726,0,0,20,20
9.775,3.2046429,0,0,0.4669249674,0,0,20,20
9.78,3.206977543,0,0,0.4669322382,0,0,20,20
9.785,3.209312223,0,0,0.4669394849,0,0,20,20
9.79,3.211646938,0,0,0.4669467078,0,0,20,20
9.795,3.21398169,0,0,0.4669539068,0,0,20,20
9.8,3.216316477,0,0,0.4669610821,0,0,20,20
9.805,3.2186513,0,0,0.4669682338,0,0,20,20
9.81,3.220986159,0,0,0.4669753618,0,0,20,20
9.815,3.223321054,0,0,0.4669824664,0,0,20,20
9.82,3.225655984,0,0,0.4669895475,0,0,20,20
9.825,3.22799095,0,0,0.4669966053,0,0,20,20
9.83,3.23032595,0,0,0.4670036397,0,0,20,20
9.835,3.232660986,0,0,0.467010651,0,0,20,20
9.84,3.234996057,0,0,0.4670176392,0,0,20,20
9.845,3.237331162,0,0,0.4670246043,0,0,20,20
9.85,3.239666303,0,0,0.4670315465,0,0,20,20
9.855,3.242001478,0,0,0.4670384657,0,0,20,20
9.86,3.244336687,0,0,0.4670453621,0,0,20,20
9.865,3.246671931,0,0,0.4670522358,0,0,20,20
9.87,3.24900721,0,0,0.4670590869,0,0,20,20
9.875,3.251342522,0,0,0.4670659153,0,0,20,20
9.88,3.253677869,0,0,0.4670727212,0,0,20,20
9.885,3.256013249,0,0,0.4670795046,0,0,20,20
9.89,3.258348664,0,0,0.4670862657,0,0,20,20
9.895,3.260684112,0,0,0.4670930045,0,0,20,20
9.9,3.263019594,0,0,0.467099721,0,0,20,20
9.905,3.265355109,0,0,0.4671064154,0,0,20,20
9.91,3.267690658,0,0,0.4671130878,0,0,20,20
9.915,3.27002624,0,0,0.4671197381,0,0,20,20
9.92,3.272361855,0,0,0.4671263664,0,0,20,20
9.925,3.274697504,0,0,0.467132973,0,0,20,20
9.93,3.277033185,0,0,0.4671395577,0,0,20,20
9.935,3.279368899,0,0,0.4671461207,0,0,20,20
9.94,3.281704646,0,0,0.467152662,0,0,20,20
9.945,3.284040426,0,0,0.4671591818,0,0,20,20
9.95,3.286376238,0,0,0.4671656801,0,0,20,20
9.955,3.288712082,0,0,0.4671721569,0,0,20,20
9.96,3.291047959,0,0,0.4671786124,0,0,20,20
9.965,3.293383868,0,0,0.4671850466,0,0,20,20
9.97,3.29571981,0,0,0.4671914595,0,0,20,20
9.975,3.298055783,0,0,0.4671978513,0,0,20,20
9.98,3.300391788,0,0,0.467204222,0,0,20,20
9.985,3.302727825,0,0,0.4672105717,0,0,20,20
9.99,3.305063894,0,0,0.4672169005,0,0,20,20
9.995,3.307399994,0,0,0.4672232083,0,0,20,20
10,3.309736126,0,0,0.4672294954,0,0,20,20
10.005,3.312072289,0,0,0.4672357617,0,0,20,20
10.01,3.314408484,0,0,0.4672420074,0,0,20,20
10.015,3.316744709,0,0,0.4672482324,0,0,20,20
10.02,3.319080966,0,0,0.467254437,0,0,20,20
10.025,3.321417253,0,0,0.467260621,0,0,20,20
10.03,3.323753572,0,0,0.4672667846,0,0,20,20
10.035,3.326089921,0,0,0.467272928,0,0,20,20
10.04,3.328426301,0,0,0.467279051,0,0,20,20
10.045,3.330762712,0,0,0.4672851538,0,0,20,20
10.05,3.333099153,0,0,0.4672912365,0,0,20,20
10.055,3.335435624,0,0,0.4672972992,0,0,20,20
10.06,3.337772126,0,0,0.4673033418,0,0,20,20
10.065,3.340108657,0,0,0.4673093645,0,0,20,20
10.07,3.342445219,0,0,0.4673153674,0,0,20,20
10.075,3.344781811,0,0,0.4673213504,0,0,20,20
10.08,3.347118433,0,0,0.4673273137,0,0,20,20
10.085,3.349455084,0,0,0.4673332573,0,0,20,20
10.09,3.351791765,0,0,0.4673391813,0,0,20,20
10.095,3.354128476,0,0,0.4673450858,0,0,20,20
10.1,3.356465216,0,0,0.4673509708,0,0,20,20
10.105,3.358801986,0,0,0.4673568363,0,0,20,20
10.11,3.361138784,0,0,0.4673626825,0,0,20,20
10.115,3.363475612,0,0,0.4673685095,0,0,20,20
10.12,3.36581247,0,0,0.4673743172,0,0,20,20
10.125,3.368149356,0,0,0.4673801057,0,0,20,20
10.13,3.370486271,0,0,0.4673858751,0,0,20,20
10.135,3.372823214,0,0,0.4673916255,0,0,20,20
10.14,3.375160187,0,0,0.467397357,0,0,20,20
10.145,3.377497188,0,0,0.4674030695,0,0,20,20
10.15,3.379834217,0,0,0.4674087632,0,0,20,20
10.155,3.382171275,0,0,0.467414438,0,0,20,20
10.16,3.384508362,0,0,0.4674200942,0,0,20,20
10.165,3.386845476,0,0,0.4674257317,0,0,20,20
10.17,3.389182619,0,0,0.4674313506,0,0,20,20
10.175,3.39151979,0,0,0.4674369509,0,0,20,20
10.18,3.393856989,0,0,0.4674425328,0,0,20,20
10.185,3.396194215,0,0,0.4674480963,0,0,20,20
10.19,3.39853147,0,0,0.4674536414,0,0,20,20
10.195,3.400868752,0,0,0.4674591682,0,0,20,20
10.2,3.403206061,0,0,0.4674646767,0,0,20,20
10.205,3.405543398,0,0,0.4674701671,0,0,20,20
10.21,3.407880763,0,0,0.4674756394,0,0,20,20
10.215,3.410218155,0,0,0.4674810936,0,0,20,20
10.22,3.412555574,0,0,0.4674865298,0,0,20,20
10.225,3.41489302,0,0,0.4674919481,0,0,20,20
10.23,3.417230493,0,0,0.4674973485,0,0,20,20
10.235,3.419567993,0,0,0.467502731,0,0,20,20
10.24,3.42190552,0,0,0.4675080958,0,0,20,20
10.245,3.424243074,0,0,0.4675134429,0,0,20,20
10.25,3.426580655,0,0,0.4675187724,0,0,20,20
10.255,3.428918262,0,0,0.4675240843,0,0,20,20
10.26,3.431255896,0,0,0.4675293786,0,0,20,20
10.265,3.433593556,0,0,0.4675346555,0,0,20,20
10.27,3.435931242,0,0,0.467539915,0,0,20,20
10.275,3.438268955,0,0,0.4675451571,0,0,20,20
10.28,3.440606694,0,0,0.4675503819,0,0,20,20
10.285,3.442944459,0,0,0.4675555894,0,0,20,20
10.29,3.44528225,0,0,0.4675607798,0,0,20,20
10.295,3.447620066,0,0,0.467565953,0,0,20,20
10.3,3.449957909,0,0,0.4675711092,0,0,20,20
10.305,3.452295777,0,0,0.4675762484,0,0,20,20
10.31,3.454633672,0,0,0.4675813706,0,0,20,20
10.315,3.456971591,0,0,0.4675864759,0,0,20,20
10.32,3.459309536,0,0,0.4675915643,0,0,20,20
10.325,3.461647507,0,0,0.4675966359,0,0,20,20
10.33,3.463985503,0,0,0.4676016909,0,0,20,20
10.335,3.466323524,0,0,0.4676067291,0,0,20,20
10.34,3.46866157,0,0,0.4676117507,0,0,20,20
10.345,3.470999641,0,0,0.4676167557,0,0,20,20
10.35,3.473337737,0,0,0.4676217442,0,0,20,20
10.355,3.475675859,0,0,0.4676267163,0,0,20,20
10.36,3.478014005,0,0,0.4676316719,0,0,20,20
10.365,3.480352175,0,0,0.4676366112,0,0,20,20
10.37,3.482690371,0,0,0.4676415341,0,0,20,20
10.375,3.485028591,0,0,0.4676464409,0,0,20,20
10.38,3.487366835,0,0,0.4676513314,0,0,20,20
10.385,3.489705104,0,0,0.4676562058,0,0,20,20
10.39,3.492043397,0,0,0.4676610641,0,0,20,20
10.395,3.494381714,0,0,0.4676659064,0,0,20,20
10.4,3.496720056,0,0,0.4676707327,0,0,20,20
10.405,3.499058422,0,0,0.467675543,0,0,20,20
10.41,3.501396811,0,0,0.4676803375,0,0,20,20
10.415,3.503735225,0,0,0.4676851161,0,0,20,20
10.42,3.506073663,0,0,0.467689879,0,0,20,20
10.425,3.508412124,0,0,0.4676946262,0,0,20,20
10.43,3.510750609,0,0,0.4676993577,0,0,20,20
10.435,3.513089117,0,0,0.4677040735,0,0,20,20
10.44,3.51542765,0,0,0.4677087739,0,0,20,20
10.445,3.517766205,0,0,0.4677134586,0,0,20,20
10.45,3.520104784,0,0,0.467718128,0,0,20,20
10.455,3.522443386,0,0,0.4677227819,0,0,20,20
10.46,3.524782012,0,0,0.4677274204,0,0,20,20
10.465,3.527120661,0,0,0.4677320437,0,0,20,20
10.47,3.529459332,0,0,0.4677366517,0,0,20,20
10.475,3.531798027,0,0,0.4677412444,0,0,20,20
10.48,3.534136745,0,0,0.4677458221,0,0,20,20
10.485,3.536475485,0,0,0.4677503846,0,0,20,20
10.49,3.538814249,0,0,0.467754932,0,0,20,20
10.495,3.541153035,0,0,0.4677594644,0,0,20,20
10.5,3.543491843,0,0,0.4677639819,0,0,20,20
10.505,3.545830674,0,0,0.4677684845,0,0,20,20
10.51,3.548169528,0,0,0.4677729722,0,0,20,20
10.515,3.550508404,0,0,0.467777445,0,0,20,20
10.52,3.552847302,0,0,0.4677819032,0,0,20,20
10.525,3.555186223,0,0,0.4677863466,0,0,20,20
10.53,3.557525166,0,0,0.4677907753,0,0,20,20
10.535,3.559864131,0,0,0.4677951894,0,0,20,20
10.54,3.562203118,0,0,0.4677995889,0,0,20,20
10.545,3.564542127,0,0,0.467803974,0,0,20,20
10.55,3.566881157,0,0,0.4678083445,0,0,20,20
10.555,3.56922021,0,0,0.4678127006,0,0,20,20
10.56,3.571559284,0,0,0.4678170423,0,0,20,20
10.565,3.57389838,0,0,0.4678213697,0,0,20,20
10.57,3.576237498,0,0,0.4678256828,0,0,20,20
10.575,3.578576637,0,0,0.4678299817,0,0,20,20
10.58,3.580915798,0,0,0.4678342664,0,0,20,20
10.585,3.58325498,0,0,0.4678385369,0,0,20,20
10.59,3.585594183,0,0,0.4678427934,0,0,20,20
10.595,3.587933408,0,0,0.4678470358,0,0,20,20
10.6,3.590272654,0,0,0.4678512642,0,0,20,20
10.605,3.59261192,0,0,0.4678554786,0,0,20,20
10.61,3.594951208,0,0,0.4678596791,0,0,20,20
10.615,3.597290517,0,0,0.4678638657,0,0,20,20
10.62,3.599629847,0,0,0.4678680386,0,0,20,20
10.625,3.601969198,0,0,0.4678721976,0,0,20,20
10.63,3.604308569,0,0,0.4678763429,0,0,20,20
10.635,3.606647961,0,0,0.4678804745,0,0,20,20
10.64,3.608987374,0,0,0.4678845925,0,0,20,20
10.645,3.611326807,0,0,0.4678886969,0,0,20,20
10.65,3.613666261,0,0,0.4678927878,0,0,20,20
10.655,3.616005735,0,0,0.4678968651,0,0,20,20
10.66,3.618345229,0,0,0.467900929,0,0,20,20
10.665,3.620684744,0,0,0.4679049794,0,0,20,20
10.67,3.623024279,0,0,0.4679090165,0,0,20,20
10.675,3.625363834,0,0,0.4679130403,0,0,20,20
10.68,3.627703409,0,0,0.4679170507,0,0,20,20
10.685,3.630043005,0,0,0.467921048,0,0,20,20
10.69,3.63238262,0,0,0.467925032,0,0,20,20
10.695,3.634722255,0,0,0.4679290029,0,0,20,20
10.7,3.63706191,0,0,0.4679329607,0,0,20,20
10.705,3.639401585,0,0,0.4679369054,0,0,20,20
10.71,3.641741279,0,0,0.467940837,0,0,20,20
10.715,3.644080993,0,0,0.4679447557,0,0,20,20
10.72,3.646420726,0,0,0.4679486615,0,0,20,20
10.725,3.648760479,0,0,0.4679525544,0,0,20,20
10.73,3.651100252,0,0,0.4679564344,0,0,20,20
10.735,3.653440044,0,0,0.4679603016,0,0,20,20
10.74,3.655779855,0,0,0.467964156,0,0,20,20
10.745,3.658119685,0,0,0.4679679977,0,0,20,20
10.75,3.660459535,0,0,0.4679718267,0,0,20,20
10.755,3.662799404,0,0,0.4679756431,0,0,20,20
10.76,3.665139291,0,0,0.4679794469,0,0,20,20
10.765,3.667479198,0,0,0.4679832381,0,0,20,20
10.77,3.669819124,0,0,0.4679870168,0,0,20,20
10.775,3.672159068,0,0,0.467990783,0,0,20,20
10.78,3.674499031,0,0,0.4679945368,0,0,20,20
10.785,3.676839014,0,0,0.4679982782,0,0,20,20
10.79,3.679179014,0,0,0.4680020072,0,0,20,20
10.795,3.681519034,0,0,0.4680057239,0,0,20,20
10.8,3.683859071,0,0,0.4680094284,0,0,20,20
10.805,3.686199128,0,0,0.4680131206,0,0,20,20
10.81,3.688539203,0,0,0.4680168006,0,0,20,20
10.815,3.690879296,0,0,0.4680204685,0,0,20,20
10.82,3.693219407,0,0,0.4680241243,0,0,20,20
10.825,3.695559537,0,0,0.468027768,0,0,20,20
10.83,3.697899685,0,0,0.4680313996,0,0,20,20
10.835,3.700239851,0,0,0.4680350193,0,0,20,20
10.84,3.702580035,0,0,0.468038627,0,0,20,20
10.845,3.704920237,0,0,0.4680422228,0,0,20,20
10.85,3.707260457,0,0,0.4680458067,0,0,20,20
10.855,3.709600695,0,0,0.4680493788,0,0,20,20
10.86,3.711940951,0,0,0.4680529391,0,0,20,20
10.865,3.714281225,0,0,0.4680564877,0,0,20,20
10.87,3.716621516,0,0,0.4680600245,0,0,20,20
10.875,3.718961825,0,0,0.4680635496,0,0,20,20
10.88,3.721302151,0,0,0.4680670631,0,0,20,20
10.885,3.723642496,0,0,0.468070565,0,0,20,20
10.89,3.725982857,0,0,0.4680740554,0,0,20,20
10.895,3.728323236,0,0,0.4680775342,0,0,20,20
10.9,3.730663632,0,0,0.4680810015,0,0,20,20
10.905,3.733004046,0,0,0.4680844574,0,0,20,20
10.91,3.735344477,0,0,0.4680879019,0,0,20,20
10.915,3.737684925,0,0,0.4680913349,0,0,20,20
10.92,3.74002539,0,0,0.4680947567,0,0,20,20
10.925,3.742365873,0,0,0.4680981671,0,0,20,20
10.93,3.744706372,0,0,0.4681015663,0,0,20,20
10.935,3.747046888,0,0,0.4681049543,0,0,20,20
10.94,3.749387421,0,0,0.4681083311,0,0,20,20
10.945,3.751727972,0,0,0.4681116967,0,0,20,20
10.95,3.754068538,0,0,0.4681150512,0,0,20,20
10.955,3.756409122,0,0,0.4681183946,0,0,20,20
10.96,3.758749722,0,0,0.468121727,0,0,20,20
10.965,3.761090339,0,0,0.4681250484,0,0,20,20
10.97,3.763430973,0,0,0.4681283588,0,0,20,20
10.975,3.765771623,0,0,0.4681316583,0,0,20,20
10.98,3.768112289,0,0,0.4681349469,0,0,20,20
10.985,3.770452972,0,0,0.4681382246,0,0,20,20
10.99,3.772793672,0,0,0.4681414915,0,0,20,20
10.995,3.775134387,0,0,0.4681447476,0,0,20,20
11,3.777475119,0,0,0.468147993,0,0,20,20
11.005,3.779815867,0,0,0.4681512276,0,0,20,20
11.01,3.782156631,0,0,0.4681544516,0,0,20,20
11.015,3.784497412,0,0,0.4681576649,0,0,20,20
11.02,3.786838208,0,0,0.4681608676,0,0,20,20
11.025,3.78917902,0,0,0.4681640597,0,0,20,20
11.03,3.791519849,0,0,0.4681672413,0,0,20,20
11.035,3.793860693,0,0,0.4681704124,0,0,20,20
11.04,3.796201553,0,0,0.468173573,0,0,20,20
11.045,3.798542428,0,0,0.4681767232,0,0,20,20
11.05,3.80088332,0,0,0.4681798629,0,0,20,20
11.055,3.803224227,0,0,0.4681829923,0,0,20,20
11.06,3.80556515,0,0,0.4681861114,0,0,20,20
11.065,3.807906088,0,0,0.4681892201,0,0,20,20
11.07,3.810247042,0,0,0.4681923186,0,0,20,20
11.075,3.812588011,0,0,0.4681954068,0,0,20,20
11.08,3.814928996,0,0,0.4681984849,0,0,20,20
11.085,3.817269996,0,0,0.4682015528,0,0,20,20
11.09,3.819611011,0,0,0.4682046105,0,0,20,20
11.095,3.821952042,0,0,0.4682076582,0,0,20,20
11.1,3.824293088,0,0,0.4682106958,0,0,20,20
11.105,3.826634149,0,0,0.4682137233,0,0,20,20
11.11,3.828975225,0,0,0.4682167409,0,0,20,20
11.115,3.831316317,0,0,0.4682197485,0,0,20,20
11.12,3.833657423,0,0,0.4682227461,0,0,20,20
11.125,3.835998544,0,0,0.4682257339,0,0,20,20
11.13,3.83833968,0,0,0.4682287118,0,0,20,20
11.135,3.840680831,0,0,0.4682316798,0,0,20,20
11.14,3.843021997,0,0,0.4682346381,0,0,20,20
11.145,3.845363177,0,0,0.4682375866,0,0,20,20
11.15,3.847704373,0,0,0.4682405253,0,0,20,20
11.155,3.850045583,0,0,0.4682434543,0,0,20,20
11.16,3.852386807,0,0,0.4682463737,0,0,20,20
11.165,3.854728046,0,0,0.4682492834,0,0,20,20
11.17,3.8570693,0,0,0.4682521835,0,0,20,20
11.175,3.859410568,0,0,0.468255074,0,0,20,20
11.18,3.861751851,0,0,0.468257955,0,0,20,20
11.185,3.864093148,0,0,0.4682608265,0,0,20,20
11.19,3.866434459,0,0,0.4682636885,0,0,20,20
11.195,3.868775785,0,0,0.468266541,0,0,20,20
11.2,3.871117124,0,0,0.4682693841,0,0,20,20
11.205,3.873458478,0,0,0.4682722178,0,0,20,20
11.21,3.875799847,0,0,0.4682750422,0,0,20,20
11.215,3.878141229,0,0,0.4682778572,0,0,20,20
11.22,3.880482625,0,0,0.4682806629,0,0,20,20
11.225,3.882824035,0,0,0.4682834594,0,0,20,20
11.23,3.88516546,0,0,0.4682862466,0,0,20,20
11.235,3.887506898,0,0,0.4682890246,0,0,20,20
11.24,3.88984835,0,0,0.4682917935,0,0,20,20
11.245,3.892189816,0,0,0.4682945531,0,0,20,20
11.25,3.894531295,0,0,0.4682973037,0,0,20,20
11.255,3.896872789,0,0,0.4683000452,0,0,20,20
11.26,3.899214296,0,0,0.4683027777,0,0,20,20
11.265,3.901555817,0,0,0.4683055011,0,0,20,20
11.27,3.903897351,0,0,0.4683082155,0,0,20,20
11.275,3.906238899,0,0,0.4683109209,0,0,20,20
11.28,3.90858046,0,0,0.4683136174,0,0,20,20
11.285,3.910922035,0,0,0.4683163051,0,0,20,20
11.29,3.913263623,0,0,0.4683189838,0,0,20,20
11.295,3.915605225,0,0,0.4683216537,0,0,20,20
11.3,3.91794684,0,0,0.4683243147,0,0,20,20
11.305,3.920288468,0,0,0.468326967,0,0,20,20
11.31,3.922630109,0,0,0.4683296105,0,0,20,20
11.315,3.924971764,0,0,0.4683322453,0,0,20,20
11.32,3.927313432,0,0,0.4683348714,0,0,20,20
11.325,3.929655113,0,0,0.4683374888,0,0,20,20
11.33,3.931996807,0,0,0.4683400975,0,0,20,20
11.335,3.934338514,0,0,0.4683426976,0,0,20,20
11.34,3.936680234,0,0,0.4683452892,0,0,20,20
11.345,3.939021966,0,0,0.4683478722,0,0,20,20
11.35,3.941363712,0,0,0.4683504466,0,0,20,20
11.355,3.943705471,0,0,0.4683530126,0,0,20,20
11.36,3.946047242,0,0,0.4683555701,0,0,20,20
11.365,3.948389027,0,0,0.4683581191,0,0,20,20
11.37,3.950730824,0,0,0.4683606597,0,0,20,20
11.375,3.953072633,0,0,0.4683631919,0,0,20,20
11.38,3.955414455,0,0,0.4683657157,0,0,20,20
11.385,3.95775629,0,0,0.4683682313,0,0,20,20
11.39,3.960098138,0,0,0.4683707385,0,0,20,20
11.395,3.962439998,0,0,0.4683732374,0,0,20,20
11.4,3.96478187,0,0,0.468375728,0,0,20,20
11.405,3.967123755,0,0,0.4683782105,0,0,20,20
11.41,3.969465652,0,0,0.4683806847,0,0,20,20
11.415,3.971807562,0,0,0.4683831508,0,0,20,20
11.42,3.974149484,0,0,0.4683856087,0,0,20,20
11.425,3.976491418,0,0,0.4683880585,0,0,20,20
11.43,3.978833364,0,0,0.4683905002,0,0,20,20
11.435,3.981175323,0,0,0.4683929338,0,0,20,20
11.44,3.983517294,0,0,0.4683953594,0,0,20,20
11.445,3.985859276,0,0,0.468397777,0,0,20,20
11.45,3.988201271,0,0,0.4684001866,0,0,20,20
11.455,3.990543278,0,0,0.4684025882,0,0,20,20
11.46,3.992885297,0,0,0.4684049819,0,0,20,20
11.465,3.995227328,0,0,0.4684073677,0,0,20,20
11.47,3.997569371,0,0,0.4684097456,0,0,20,20
11.475,3.999911426,0,0,0.4684121157,0,0,20,20
11.48,4.002253492,0,0,0.4684144779,0,0,20,20
11.485,4.00459557,0,0,0.4684168323,0,0,20,20
11.49,4.00693766,0,0,0.468419179,0,0,20,20
11.495,4.009279762,0,0,0.4684215179,0,0,20,20
11.5,4.011621876,0,0,0.468423849,0,0,20,20
11.505,4.013964001,0,0,0.4684261725,0,0,20,20
11.51,4.016306137,0,0,0.4684284883,0,0,20,20
11.515,4.018648285,0,0,0.4684307964,0,0,20,20
11.52,4.020990445,0,0,0.468433097,0,0,20,20
11.525,4.023332616,0,0,0.4684353899,0,0,20,20
11.53,4.025674799,0,0,0.4684376752,0,0,20,20
11.535,4.028016993,0,0,0.468439953,0,0,20,20
11.54,4.030359199,0,0,0.4684422233,0,0,20,20
11.545,4.032701415,0,0,0.468444486,0,0,20,20
11.55,4.035043643,0,0,0.4684467413,0,0,20,20
11.555,4.037385883,0,0,0.4684489891,0,0,20,20
11.56,4.039728133,0,0,0.4684512296,0,0,20,20
11.565,4.042070395,0,0,0.4684534626,0,0,20,20
11.57,4.044412668,0,0,0.4684556882,0,0,20,20
11.575,4.046754952,0,0,0.4684579065,0,0,20,20
11.58,4.049097247,0,0,0.4684601174,0,0,20,20
11.585,4.051439553,0,0,0.4684623211,0,0,20,20
11.59,4.05378187,0,0,0.4684645174,0,0,20,20
11.595,4.056124198,0,0,0.4684667065,0,0,20,20
11.6,4.058466537,0,0,0.4684688884,0,0,20,20
11.605,4.060808887,0,0,0.4684710631,0,0,20,20
11.61,4.063151248,0,0,0.4684732306,0,0,20,20
11.615,4.065493619,0,0,0.4684753909,0,0,20,20
11.62,4.067836002,0,0,0.4684775441,0,0,20,20
11.625,4.070178395,0,0,0.4684796901,0,0,20,20
11.63,4.072520799,0,0,0.4684818291,0,0,20,20
11.635,4.074863213,0,0,0.468483961,0,0,20,20
11.64,4.077205638,0,0,0.4684860859,0,0,20,20
11.645,4.079548074,0,0,0.4684882037,0,0,20,20
11.65,4.08189052,0,0,0.4684903146,0,0,20,20
11.655,4.084232977,0,0,0.4684924185,0,0,20,20
11.66,4.086575444,0,0,0.4684945154,0,0,20,20
11.665,4.088917922,0,0,0.4684966054,0,0,20,20
11.67,4.09126041,0,0,0.4684986885,0,0,20,20
11.675,4.093602909,0,0,0.4685007647,0,0,20,20
11.68,4.095945418,0,0,0.4685028341,0,0,20,20
11.685,4.098287937,0,0,0.4685048966,0,0,20,20
11.69,4.100630467,0,0,0.4685069523,0,0,20,20
11.695,4.102973007,0,0,0.4685090012,0,0,20,20
11.7,4.105315557,0,0,0.4685110433,0,0,20,20
11.705,4.107658117,0,0,0.4685130787,0,0,20,20
11.71,4.110000688,0,0,0.4685151074,0,0,20,20
11.715,4.112343268,0,0,0.4685171293,0,0,20,20
11.72,4.114685859,0,0,0.4685191446,0,0,20,20
11.725,4.11702846,0,0,0.4685211532,0,0,20,20
11.73,4.119371071,0,0,0.4685231552,0,0,20,20
11.735,4.121713691,0,0,0.4685251506,0,0,20,20
11.74,4.124056322,0,0,0.4685271394,0,0,20,20
11.745,4.126398963,0,0,0.4685291216,0,0,20,20
11.75,4.128741613,0,0,0.4685310973,0,0,20,20
11.755,4.131084274,0,0,0.4685330664,0,0,20,20
11.76,4.133426944,0,0,0.468535029,0,0,20,20
11.765,4.135769624,0,0,0.4685369852,0,0,20,20
11.77,4.138112314,0,0,0.4685389348,0,0,20,20
11.775,4.140455013,0,0,0.4685408781,0,0,20,20
11.78,4.142797723,0,0,0.4685428149,0,0,20,20
11.785,4.145140442,0,0,0.4685447453,0,0,20,20
11.79,4.14748317,0,0,0.4685466693,0,0,20,20
11.795,4.149825908,0,0,0.468548587,0,0,20,20
11.8,4.152168656,0,0,0.4685504984,0,0,20,20
11.805,4.154511413,0,0,0.4685524034,0,0,20,20
11.81,4.15685418,0,0,0.4685543021,0,0,20,20
11.815,4.159196956,0,0,0.4685561946,0,0,20,20
11.82,4.161539742,0,0,0.4685580808,0,0,20,20
11.825,4.163882537,0,0,0.4685599608,0,0,20,20
11.83,4.166225341,0,0,0.4685618345,0,0,20,20
11.835,4.168568155,0,0,0.4685637021,0,0,20,20
11.84,4.170910978,0,0,0.4685655635,0,0,20,20
11.845,4.173253811,0,0,0.4685674188,0,0,20,20
11.85,4.175596653,0,0,0.4685692679,0,0,20,20
11.855,4.177939504,0,0,0.4685711109,0,0,20,20
11.86,4.180282364,0,0,0.4685729478,0,0,20,20
11.865,4.182625233,0,0,0.4685747787,0,0,20,20
11.87,4.184968112,0,0,0.4685766035,0,0,20,20
11.875,4.187310999,0,0,0.4685784222,0,0,20,20
11.88,4.189653896,0,0,0.468580235,0,0,20,20
11.885,4.191996801,0,0,0.4685820418,0,0,20,20
11.89,4.194339716,0,0,0.4685838426,0,0,20,20
11.895,4.19668264,0,0,0.4685856374,0,0,20,20
11.9,4.199025573,0,0,0.4685874264,0,0,20,20
11.905,4.201368514,0,0,0.4685892094,0,0,20,20
11.91,4.203711465,0,0,0.4685909865,0,0,20,20
11.915,4.206054424,0,0,0.4685927577,0,0,20,20
11.92,4.208397392,0,0,0.4685945231,0,0,20,20
11.925,4.210740369,0,0,0.4685962827,0,0,20,20
11.93,4.213083355,0,0,0.4685980364,0,0,20,20
11.935,4.21542635,0,0,0.4685997844,0,0,20,20
11.94,4.217769353,0,0,0.4686015266,0,0,20,20
11.945,4.220112365,0,0,0.468603263,0,0,20,20
11.95,4.222455385,0,0,0.4686049937,0,0,20,20
11.955,4.224798415,0,0,0.4686067186,0,0,20,20
11.96,4.227141453,0,0,0.4686084379,0,0,20,20
11.965,4.229484499,0,0,0.4686101515,0,0,20,20
11.97,4.231827554,0,0,0.4686118594,0,0,20,20
11.975,4.234170618,0,0,0.4686135617,0,0,20,20
11.98,4.23651369,0,0,0.4686152583,0,0,20,20
11.985,4.23885677,0,0,0.4686169494,0,0,20,20
11.99,4.241199859,0,0,0.4686186348,0,0,20,20
11.995,4.243542957,0,0,0.4686203147,0,0,20,20
12,4.245886062,0,0,0.468621989,0,0,20,20
