time,x,y,psi,u,v,r,left,right
0,0,0,0,0,0,0,0,0
0.005,0,0,0,0,0,0,0,0
0.01,0,0,0,0,0,0,0,0
0.015,0,0,0,0,0,0,0,0
0.02,0,0,0,0,0,0,0,0
0.025,0,0,0,0,0,0,0,0
0.03,0,0,0,0,0,0,0,0
0.035,0,0,0,0,0,0,0,0
0.04,0,0,0,0,0,0,0,0
0.045,0,0,0,0,0,0,0,0
0.05,0,0,0,0,0,0,0,0
0.055,0,0,0,0,0,0,0,0
0.06,0,0,0,0,0,0,0,0
0.065,0,0,0,0,0,0,0,0
0.07,0,0,0,0,0,0,0,0
0.075,0,0,0,0,0,0,0,0
0.08,0,0,0,0,0,0,0,0
0.085,0,0,0,0,0,0,0,0
0.09,0,0,0,0,0,0,0,0
0.095,0,0,0,0,0,0,0,0
0.1,0,0,0,0,0,0,0,0
0.105,0,0,0,0,0,0,0,0
0.11,0,0,0,0,0,0,0,0
0.115,0,0,0,0,0,0,0,0
0.12,0,0,0,0,0,0,0,0
0.125,0,0,0,0,0,0,0,0
0.13,0,0,0,0,0,0,0,0
0.135,0,0,0,0,0,0,0,0
0.14,0,0,0,0,0,0,0,0
0.145,0,0,0,0,0,0,0,0
0.15,0,0,0,0,0,0,0,0
0.155,0,0,0,0,0,0,0,0
0.16,0,0,0,0,0,0,0,0
0.165,0,0,0,0,0,0,0,0
0.17,0,0,0,0,0,0,0,0
0.175,0,0,0,0,0,0,0,0
0.18,0,0,0,0,0,0,0,0
0.185,0,0,0,0,0,0,0,0
0.19,0,0,0,0,0,0,0,0
0.195,0,0,0,0,0,0,0,0
0.2,0,0,0,0,0,0,0,0
0.205,0,0,0,0,0,0,0,0
0.21,0,0,0,0,0,0,0,0
0.215,0,0,0,0,0,0,0,0
0.22,0,0,0,0,0,0,0,0
0.225,0,0,0,0,0,0,0,0
0.23,0,0,0,0,0,0,0,0
0.235,0,0,0,0,0,0,0,0
0.24,0,0,0,0,0,0,0,0
0.245,0,0,0,0,0,0,0,0
0.25,0,0,0,0,0,0,0,0
0.255,0,0,0,0,0,0,0,0
0.26,0,0,0,0,0,0,0,0
0.265,0,0,0,0,0,0,0,0
0.27,0,0,0,0,0,0,0,0
0.275,0,0,0,0,0,0,0,0
0.28,0,0,0,0,0,0,0,0
0.285,0,0,0,0,0,0,0,0
0.29,0,0,0,0,0,0,0,0
0.295,0,0,0,0,0,0,0,0
0.3,0,0,0,0,0,0,0,0
0.305,0,0,0,0,0,0,0,0
0.31,0,0,0,0,0,0,0,0
0.315,0,0,0,0,0,0,0,0
0.32,0,0,0,0,0,0,0,0
0.325,0,0,0,0,0,0,0,0
0.33,0,0,0,0,0,0,0,0
0.335,0,0,0,0,0,0,0,0
0.34,0,0,0,0,0,0,0,0
0.345,0,0,0,0,0,0,0,0
0.35,0,0,0,0,0,0,0,0
0.355,0,0,0,0,0,0,0,0
0.36,0,0,0,0,0,0,0,0
0.365,0,0,0,0,0,0,0,0
0.37,0,0,0,0,0,0,0,0
0.375,0,0,0,0,0,0,0,0
0.38,0,0,0,0,0,0,0,0
0.385,0,0,0,0,0,0,0,0
0.39,0,0,0,0,0,0,0,0
0.395,0,0,0,0,0,0,0,0
0.4,0,0,0,0,0,0,0,0
0.405,0,0,0,0,0,0,0,0
0.41,0,0,0,0,0,0,0,0
0.415,0,0,0,0,0,0,0,0
0.42,0,0,0,0,0,0,0,0
0.425,0,0,0,0,0,0,0,0
0.43,0,0,0,0,0,0,0,0
0.435,0,0,0,0,0,0,0,0
0.44,0,0,0,0,0,0,0,0
0.445,0,0,0,0,0,0,0,0
0.45,0,0,0,0,0,0,0,0
0.455,0,0,0,0,0,0,0,0
0.46,0,0,0,0,0,0,0,0
0.465,0,0,0,0,0,0,0,0
0.47,0,0,0,0,0,0,0,0
0.475,0,0,0,0,0,0,0,0
0.48,0,0,0,0,0,0,0,0
0.485,0,0,0,0,0,0,0,0
0.49,0,0,0,0,0,0,0,0
0.495,0,0,0,0,0,0,0,0
0.5,0,0,0,0,0,0,0,0
0.505,0,0,0,0,0,0,0,0
0.51,0,0,0,0,0,0,0,0
0.515,0,0,0,0,0,0,0,0
0.52,0,0,0,0,0,0,0,0
0.525,0,0,0,0,0,0,0,0
0.53,0,0,0,0,0,0,0,0
0.535,0,0,0,0,0,0,0,0
0.54,0,0,0,0,0,0,0,0
0.545,0,0,0,0,0,0,0,0
0.55,0,0,0,0,0,0,0,0
0.555,0,0,0,0,0,0,0,0
0.56,0,0,0,0,0,0,0,0
0.565,0,0,0,0,0,0,0,0
0.57,0,0,0,0,0,0,0,0
0.575,0,0,0,0,0,0,0,0
0.58,0,0,0,0,0,0,0,0
0.585,0,0,0,0,0,0,0,0
0.59,0,0,0,0,0,0,0,0
0.595,0,0,0,0,0,0,0,0
0.6,0,0,0,0,0,0,0,0
0.605,0,0,0,0,0,0,0,0
0.61,0,0,0,0,0,0,0,0
0.615,0,0,0,0,0,0,0,0
0.62,0,0,0,0,0,0,0,0
0.625,0,0,0,0,0,0,0,0
0.63,0,0,0,0,0,0,0,0
0.635,0,0,0,0,0,0,0,0
0.64,0,0,0,0,0,0,0,0
0.645,0,0,0,0,0,0,0,0
0.65,0,0,0,0,0,0,0,0
0.655,0,0,0,0,0,0,0,0
0.66,0,0,0,0,0,0,0,0
0.665,0,0,0,0,0,0,0,0
0.67,0,0,0,0,0,0,0,0
0.675,0,0,0,0,0,0,0,0
0.68,0,0,0,0,0,0,0,0
0.685,0,0,0,0,0,0,0,0
0.69,0,0,0,0,0,0,0,0
0.695,0,0,0,0,0,0,0,0
0.7,0,0,0,0,0,0,0,0
0.705,0,0,0,0,0,0,0,0
0.71,0,0,0,0,0,0,0,0
0.715,0,0,0,0,0,0,0,0
0.72,0,0,0,0,0,0,0,0
0.725,0,0,0,0,0,0,0,0
0.73,0,0,0,0,0,0,0,0
0.735,0,0,0,0,0,0,0,0
0.74,0,0,0,0,0,0,0,0
0.745,0,0,0,0,0,0,0,0
0.75,0,0,0,0,0,0,0,0
0.755,0,0,0,0,0,0,0,0
0.76,0,0,0,0,0,0,0,0
0.765,0,0,0,0,0,0,0,0
0.77,0,0,0,0,0,0,0,0
0.775,0,0,0,0,0,0,0,0
0.78,0,0,0,0,0,0,0,0
0.785,0,0,0,0,0,0,0,0
0.79,0,0,0,0,0,0,0,0
0.795,0,0,0,0,0,0,0,0
0.8,0,0,0,0,0,0,0,0
0.805,0,0,0,0,0,0,0,0
0.81,0,0,0,0,0,0,0,0
0.815,0,0,0,0,0,0,0,0
0.82,0,0,0,0,0,0,0,0
0.825,0,0,0,0,0,0,0,0
0.83,0,0,0,0,0,0,0,0
0.835,0,0,0,0,0,0,0,0
0.84,0,0,0,0,0,0,0,0
0.845,0,0,0,0,0,0,0,0
0.85,0,0,0,0,0,0,0,0
0.855,0,0,0,0,0,0,0,0
0.86,0,0,0,0,0,0,0,0
0.865,0,0,0,0,0,0,0,0
0.87,0,0,0,0,0,0,0,0
0.875,0,0,0,0,0,0,0,0
0.88,0,0,0,0,0,0,0,0
0.885,0,0,0,0,0,0,0,0
0.89,0,0,0,0,0,0,0,0
0.895,0,0,0,0,0,0,0,0
0.9,0,0,0,0,0,0,0,0
0.905,0,0,0,0,0,0,0,0
0.91,0,0,0,0,0,0,0,0
0.915,0,0,0,0,0,0,0,0
0.92,0,0,0,0,0,0,0,0
0.925,0,0,0,0,0,0,0,0
0.93,0,0,0,0,0,0,0,0
0.935,0,0,0,0,0,0,0,0
0.94,0,0,0,0,0,0,0,0
0.945,0,0,0,0,0,0,0,0
0.95,0,0,0,0,0,0,0,0
0.955,0,0,0,0,0,0,0,0
0.96,0,0,0,0,0,0,0,0
0.965,0,0,0,0,0,0,0,0
0.97,0,0,0,0,0,0,0,0
0.975,0,0,0,0,0,0,0,0
0.98,0,0,0,0,0,0,0,0
0.985,0,0,0,0,0,0,0,0
0.99,0,0,0,0,0,0,0,0
0.995,0,0,0,0,0,0,0,0
1,0,0,0,0,0,0,0,0
1.005,0,0,0,0,0,0,0,0
1.01,0,0,0,0,0,0,0,0
1.015,0,0,0,0,0,0,0,0
1.02,0,0,0,0,0,0,0,0
1.025,0,0,0,0,0,0,0,0
1.03,0,0,0,0,0,0,0,0
1.035,0,0,0,0,0,0,0,0
1.04,0,0,0,0,0,0,0,0
1.045,0,0,0,0,0,0,0,0
1.05,0,0,0,0,0,0,0,0
1.055,0,0,0,0,0,0,0,0
1.06,0,0,0,0,0,0,0,0
1.065,0,0,0,0,0,0,0,0
1.07,0,0,0,0,0,0,0,0
1.075,0,0,0,0,0,0,0,0
1.08,2.299599477e-08,0,0,1.376731397e-05,0,0,0.4938017594,0.4938017594
1.085,1.827627784e-07,0,0,5.458899904e-05,0,0,0.97541151,0.97541151
1.09,6.127973267e-07,0,0,0.0001217580603,0,0,1.445130273,1.445130273
1.095,1.443105577e-06,0,0,0.000214584997,0,0,1.903251639,1.903251639
1.1,2.800288773e-06,0,0,0.0003323973625,0,0,2.350061948,2.350061948
1.105,4.807627657e-06,0,0,0.0004745393363,0,0,2.785840472,2.785840472
1.11,7.585164562e-06,0,0,0.0006403713062,0,0,3.210859585,3.210859585
1.115,1.124978346e-05,0,0,0.0008292694618,0,0,3.625384938,3.625384938
1.12,1.591528797e-05,0,0,0.001040625398,0,0,4.029675625,4.029675625
1.125,2.169247734e-05,0,0,0.00127384573,0,0,4.423984339,4.423984339
1.13,2.868922063e-05,0,0,0.001528351716,0,0,4.808557536,4.808557536
1.135,3.701052902e-05,0,0,0.001803578891,0,0,5.183635586,5.183635586
1.14,4.675862645e-05,0,0,0.002098976712,0,0,5.549452927,5.549452927
1.145,5.803301821e-05,0,0,0.002414008205,0,0,5.906238206,5.906238206
1.15,7.093055777e-05,0,0,0.002748149631,0,0,6.254214424,6.254214424
1.155,8.55455123e-05,0,0,0.003100890154,0,0,6.593599079,6.593599079
1.16,0.0001019696266,0,0,0.003471731519,0,0,6.924604297,6.924604297
1.165,0.000120292185,0,0,0.003860187735,0,0,7.247436968,7.247436968
1.17,0.0001406000714,0,0,0.004265784776,0,0,7.562298871,7.562298871
1.175,0.0001629778294,0,0,0.00468806028,0,0,7.869386806,7.869386806
1.18,0.0001875077194,0,0,0.005126563253,0,0,8.168892713,8.168892713
1.185,0.0002142697741,0,0,0.005580853796,0,0,8.461003793,8.461003793
1.19,0.0002433418542,0,0,0.006050502823,0,0,8.745902624,8.745902624
1.195,0.0002747997016,0,0,0.006535091791,0,0,9.023767278,9.023767278
1.2,0.0003087169911,0,0,0.007034212443,0,0,9.29477143,9.29477143
1.205,0.0003451653812,0,0,0.00754746655,0,0,9.559084465,9.559084465
1.21,0.0003842145644,0,0,0.008074465658,0,0,9.816871588,9.816871588
1.215,0.0004259323142,0,0,0.008614830856,0,0,10.06829392,10.06829392
1.22,0.0004703845331,0,0,0.009168192527,0,0,10.31350862,10.31350862
1.225,0.0005176352989,0,0,0.009734190125,0,0,10.55266895,10.55266895
1.23,0.0005677469076,0,0,0.01031247195,0,0,10.78592438,10.78592438
1.235,0.0006207799198,0,0,0.01090269493,0,0,11.01342072,11.01342072
1.24,0.0006767932007,0,0,0.01150452439,0,0,11.23530015,11.23530015
1.245,0.0007358439632,0,0,0.01211763389,0,0,11.45170136,11.45170136
1.25,0.0007979878085,0,0,0.01274170495,0,0,11.66275961,11.66275961
1.255,0.0008632787638,0,0,0.01337642692,0,0,11.86860681,11.86860681
1.26,0.0009317693237,0,0,0.01402149676,0,0,12.06937162,12.06937162
1.265,0.001003510485,0,0,0.01467661885,0,0,12.26517953,12.26517953
1.27,0.001078551785,0,0,0.01534150479,0,0,12.45615293,12.45615293
1.275,0.001156941337,0,0,0.01601587326,0,0,12.64241118,12.64241118
1.28,0.001238725864,0,0,0.01669944982,0,0,12.82407069,12.82407069
1.285,0.001323950735,0,0,0.01739196675,0,0,13.00124502,13.00124502
1.29,0.001412659996,0,0,0.01809316287,0,0,13.17404489,13.17404489
1.295,0.001504896404,0,0,0.01880278339,0,0,13.34257833,13.34257833
1.3,0.001600701456,0,0,0.01952057977,0,0,13.50695065,13.50695065
1.305,0.001700115424,0,0,0.02024630953,0,0,13.66726461,13.66726461
1.31,0.001803177379,0,0,0.02097973611,0,0,13.82362041,13.82362041
1.315,0.001909925228,0,0,0.02172062875,0,0,13.97611576,13.97611576
1.32,0.002020395735,0,0,0.02246876233,0,0,14.12484599,14.12484599
1.325,0.002134624553,0,0,0.02322391721,0,0,14.26990406,14.26990406
1.33,0.002252646252,0,0,0.02398587913,0,0,14.41138064,14.41138064
1.335,0.002374494341,0,0,0.02475443908,0,0,14.54936414,14.54936414
1.34,0.002500201299,0,0,0.02552939311,0,0,14.68394082,14.68394082
1.345,0.002629798597,0,0,0.02631054231,0,0,14.81519479,14.81519479
1.35,0.002763316724,0,0,0.02709769256,0,0,14.94320808,14.94320808
1.355,0.002900785208,0,0,0.02789065454,0,0,15.06806072,15.06806072
1.36,0.003042232647,0,0,0.02868924351,0,0,15.18983074,15.18983074
1.365,0.003187686721,0,0,0.02949327925,0,0,15.30859424,15.30859424
1.37,0.003337174224,0,0,0.03030258595,0,0,15.42442546,15.42442546
1.375,0.003490721079,0,0,0.03111699207,0,0,15.5373968,15.5373968
1.38,0.003648352365,0,0,0.03193633026,0,0,15.64757886,15.64757886
1.385,0.00381009233,0,0,0.03276043727,0,0,15.75504052,15.75504052
1.39,0.00397596442,0,0,0.0335891538,0,0,15.85984895,15.85984895
1.395,0.004145991291,0,0,0.03442232446,0,0,15.96206964,15.96206964
1.4,0.004320194835,0,0,0.03525979764,0,0,16.0617665,16.0617665
1.405,0.004498596192,0,0,0.03610142542,0,0,16.15900183,16.15900183
1.41,0.004681215773,0,0,0.0369470635,0,0,16.25383641,16.25383641
1.415,0.004868073276,0,0,0.03779657108,0,0,16.34632952,16.34632952
1.42,0.005059187703,0,0,0.03864981081,0,0,16.43653896,16.43653896
1.425,0.005254577381,0,0,0.03950664868,0,0,16.52452113,16.52452113
1.43,0.005454259969,0,0,0.04036695394,0,0,16.61033101,16.61033101
1.435,0.005658252486,0,0,0.04123059902,0,0,16.69402224,16.69402224
1.44,0.005866571318,0,0,0.04209745949,0,0,16.77564712,16.77564712
1.445,0.006079232238,0,0,0.04296741391,0,0,16.85525667,16.85525667
1.45,0.006296250416,0,0,0.04384034383,0,0,16.93290066,16.93290066
1.455,0.006517640442,0,0,0.04471613367,0,0,17.00862762,17.00862762
1.46,0.006743416332,0,0,0.04559467068,0,0,17.08248486,17.08248486
1.465,0.006973591544,0,0,0.04647584482,0,0,17.15451857,17.15451857
1.47,0.007208178996,0,0,0.04735954878,0,0,17.22477376,17.22477376
1.475,0.007447191073,0,0,0.04824567783,0,0,17.29329433,17.29329433
1.48,0.007690639646,0,0,0.0491341298,0,0,17.36012314,17.36012314
1.485,0.007938536077,0,0,0.05002480502,0,0,17.42530193,17.42530193
1.49,0.008190891239,0,0,0.05091760621,0,0,17.48887145,17.48887145
1.495,0.008447715524,0,0,0.05181243851,0,0,17.55087144,17.55087144
1.5,0.008709018855,0,0,0.05270920934,0,0,17.61134063,17.61134063
1.505,0.008974810698,0,0,0.05360782837,0,0,17.67031684,17.67031684
1.51,0.009245100072,0,0,0.0545082075,0,0,17.72783693,17.72783693
1.515,0.009519895563,0,0,0.05541026073,0,0,17.78393683,17.78393683
1.52,0.00979920533,0,0,0.0563139042,0,0,17.83865163,17.83865163
1.525,0.01008303712,0,0,0.05721905607,0,0,17.89201551,17.89201551
1.53,0.01037139827,0,0,0.05812563649,0,0,17.94406183,17.94406183
1.535,0.01066429573,0,0,0.05903356757,0,0,17.99482313,17.99482313
1.54,0.01096173607,0,0,0.0599427733,0,0,18.04433112,18.04433112
1.545,0.01126372547,0,0,0.06085317954,0,0,18.09261676,18.09261676
1.55,0.01157026975,0,0,0.06176471394,0,0,18.13971022,18.13971022
1.555,0.01188137437,0,0,0.06267730593,0,0,18.18564093,18.18564093
1.56,0.01219704445,0,0,0.06359088664,0,0,18.23043762,18.23043762
1.565,0.01251728477,0,0,0.0645053889,0,0,18.27412827,18.27412827
1.57,0.01284209977,0,0,0.06542074716,0,0,18.3167402,18.3167402
1.575,0.01317149356,0,0,0.06633689747,0,0,18.35830003,18.35830003
1.58,0.01350546996,0,0,0.06725377745,0,0,18.39883374,18.39883374
1.585,0.01384403245,0,0,0.06817132623,0,0,18.43836668,18.43836668
1.59,0.01418718424,0,0,0.06908948443,0,0,18.47692354,18.47692354
1.595,0.01453492822,0,0,0.07000819413,0,0,18.51452844,18.51452844
1.6,0.014887267,0,0,0.0709273988,0,0,18.55120486,18.55120486
1.605,0.01524420294,0,0,0.0718470433,0,0,18.58697574,18.58697574
1.61,0.01560573808,0,0,0.07276707384,0,0,18.62186343,18.62186343
1.615,0.01597187423,0,0,0.07368743794,0,0,18.65588974,18.65588974
1.62,0.01634261293,0,0,0.07460808441,0,0,18.68907595,18.68907595
1.625,0.01671795546,0,0,0.07552896329,0,0,18.72144278,18.72144278
1.63,0.01709790287,0,0,0.07645002586,0,0,18.75301047,18.75301047
1.635,0.01748245595,0,0,0.07737122459,0,0,18.78379875,18.78379875
1.64,0.01787161526,0,0,0.0782925131,0,0,18.81382686,18.81382686
1.645,0.01826538115,0,0,0.07921384615,0,0,18.84311358,18.84311358
1.65,0.01866375373,0,0,0.08013517962,0,0,18.87167721,18.87167721
1.655,0.01906673288,0,0,0.08105647045,0,0,18.8995356,18.8995356
1.66,0.01947431829,0,0,0.08197767665,0,0,18.92670616,18.92670616
1.665,0.01988650944,0,0,0.08289875724,0,0,18.95320588,18.95320588
1.67,0.02030330559,0,0,0.08381967226,0,0,18.97905132,18.97905132
1.675,0.02072470582,0,0,0.08474038274,0,0,19.00425863,19.00425863
1.68,0.02115070901,0,0,0.08566085064,0,0,19.02884357,19.02884357
1.685,0.02158131386,0,0,0.08658103887,0,0,19.05282151,19.05282151
1.69,0.02201651887,0,0,0.08750091125,0,0,19.07620743,19.07620743
1.695,0.02245632239,0,0,0.08842043248,0,0,19.09901595,19.09901595
1.7,0.02290072255,0,0,0.08933956814,0,0,19.12126133,19.12126133
1.705,0.02334971737,0,0,0.09025828465,0,0,19.14295746,19.14295746
1.71,0.02380330465,0,0,0.09117654925,0,0,19.16411792,19.16411792
1.715,0.02426148205,0,0,0.09209433001,0,0,19.18475592,19.18475592
1.72,0.02472424709,0,0,0.09301159577,0,0,19.20488437,19.20488437
1.725,0.0251915971,0,0,0.09392831612,0,0,19.22451584,19.22451584
1.73,0.02566352929,0,0,0.09484446145,0,0,19.24366262,19.24366262
1.735,0.02614004071,0,0,0.09576000284,0,0,19.26233665,19.26233665
1.74,0.02662112827,0,0,0.0966749121,0,0,19.28054962,19.28054962
1.745,0.02710678873,0,0,0.09758916174,0,0,19.29831292,19.29831292
1.75,0.02759701874,0,0,0.09850272494,0,0,19.31563763,19.31563763
1.755,0.02809181479,0,0,0.09941557556,0,0,19.3325346,19.3325346
1.76,0.02859117327,0,0,0.1003276881,0,0,19.34901438,19.34901438
1.765,0.0290950904,0,0,0.1012390377,0,0,19.36508727,19.36508727
1.77,0.02960356233,0,0,0.1021496001,0,0,19.38076332,19.38076332
1.775,0.03011658505,0,0,0.1030593517,0,0,19.39605233,19.39605233
1.78,0.03063415446,0,0,0.1039682693,0,0,19.41096385,19.41096385
1.785,0.03115626632,0,0,0.1048763306,0,0,19.42550721,19.42550721
1.79,0.0316829163,0,0,0.1057835137,0,0,19.43969148,19.43969148
1.795,0.03221409996,0,0,0.106689797,0,0,19.45352555,19.45352555
1.8,0.03274981274,0,0,0.1075951599,0,0,19.46701805,19.46701805
1.805,0.03329004999,0,0,0.108499582,0,0,19.48017742,19.48017742
1.81,0.03383480696,0,0,0.1094030435,0,0,19.49301189,19.49301189
1.815,0.03438407879,0,0,0.1103055251,0,0,19.50552947,19.50552947
1.82,0.03493786054,0,0,0.111207008,0,0,19.51773799,19.51773799
1.825,0.03549614717,0,0,0.1121074738,0,0,19.52964508,19.52964508
1.83,0.03605893356,0,0,0.1130069048,0,0,19.54125819,19.54125819
1.835,0.03662621447,0,0,0.1139052833,0,0,19.55258456,19.55258456
1.84,0.03719798461,0,0,0.1148025925,0,0,19.56363129,19.56363129
1.845,0.03777423858,0,0,0.1156988159,0,0,19.57440527,19.57440527
1.85,0.03835497093,0,0,0.1165939372,0,0,19.58491324,19.58491324
1.855,0.03894017609,0,0,0.1174879408,0,0,19.59516177,19.59516177
1.86,0.03952984845,0,0,0.1183808113,0,0,19.60515726,19.60515726
1.865,0.04012398229,0,0,0.1192725339,0,0,19.61490596,19.61490596
1.87,0.04072257185,0,0,0.1201630939,0,0,19.62441397,19.62441397
1.875,0.04132561127,0,0,0.1210524773,0,0,19.63368722,19.63368722
1.88,0.04193309464,0,0,0.1219406702,0,0,19.64273152,19.64273152
1.885,0.04254501596,0,0,0.1228276591,0,0,19.65155251,19.65155251
1.89,0.0431613692,0,0,0.1237134311,0,0,19.66015571,19.66015571
1.895,0.04378214823,0,0,0.1245979732,0,0,19.66854649,19.66854649
1.9,0.04440734686,0,0,0.1254812732,0,0,19.67673011,19.67673011
1.905,0.04503695887,0,0,0.1263633189,0,0,19.68471167,19.68471167
1.91,0.04567097794,0,0,0.1272440985,0,0,19.69249617,19.69249617
1.915,0.04630939772,0,0,0.1281236005,0,0,19.70008846,19.70008846
1.92,0.0469522118,0,0,0.1290018138,0,0,19.70749331,19.70749331
1.925,0.04759941369,0,0,0.1298787276,0,0,19.71471532,19.71471532
1.93,0.04825099689,0,0,0.1307543311,0,0,19.72175903,19.72175903
1.935,0.04890695481,0,0,0.1316286142,0,0,19.72862882,19.72862882
1.94,0.04956728081,0,0,0.1325015667,0,0,19.735329,19.735329
1.945,0.05023196824,0,0,0.133373179,0,0,19.74186375,19.74186375
1.95,0.05090101035,0,0,0.1342434416,0,0,19.74823715,19.74823715
1.955,0.05157440039,0,0,0.1351123451,0,0,19.7544532,19.7544532
1.96,0.05225213153,0,0,0.1359798806,0,0,19.76051577,19.76051577
1.965,0.0529341969,0,0,0.1368460394,0,0,19.76642866,19.76642866
1.97,0.05362058961,0,0,0.1377108129,0,0,19.77219556,19.77219556
1.975,0.05431130271,0,0,0.138574193,0,0,19.77782007,19.77782007
1.98,0.0550063292,0,0,0.1394361715,0,0,19.78330571,19.78330571
1.985,0.05570566207,0,0,0.1402967406,0,0,19.78865591,19.78865591
1.99,0.05640929425,0,0,0.1411558927,0,0,19.79387402,19.79387402
1.995,0.05711721863,0,0,0.1420136204,0,0,19.79896329,19.79896329
2,0.05782942807,0,0,0.1428699167,0,0,19.8039269,19.8039269
2.005,0.05854591539,0,0,0.1437247744,0,0,19.80876796,19.80876796
2.01,0.0592666734,0,0,0.1445781868,0,0,19.8134895,19.8134895
2.015,0.05999169484,0,0,0.1454301473,0,0,19.81809446,19.81809446
2.02,0.06072097244,0,0,0.1462806495,0,0,19.82258572,19.82258572
2.025,0.0614544989,0,0,0.1471296873,0,0,19.8269661,19.8269661
2.03,0.06219226687,0,0,0.1479772546,0,0,19.83123832,19.83123832
2.035,0.06293426898,0,0,0.1488233454,0,0,19.83540506,19.83540506
2.04,0.06368049785,0,0,0.1496679543,0,0,19.83946892,19.83946892
2.045,0.06443094605,0,0,0.1505110756,0,0,19.84343245,19.84343245
2.05,0.06518560612,0,0,0.1513527041,0,0,19.84729812,19.84729812
2.055,0.06594447059,0,0,0.1521928344,0,0,19.85106834,19.85106834
2.06,0.06670753196,0,0,0.1530314617,0,0,19.85474547,19.85474547
2.065,0.06747478269,0,0,0.1538685811,0,0,19.85833182,19.85833182
2.07,0.06824621525,0,0,0.1547041878,0,0,19.86182962,19.86182962
2.075,0.06902182204,0,0,0.1555382772,0,0,19.86524106,19.86524106
2.08,0.06980159548,0,0,0.156370845,0,0,19.86856827,19.86856827
2.085,0.07058552795,0,0,0.1572018869,0,0,19.87181333,19.87181333
2.09,0.0713736118,0,0,0.1580313986,0,0,19.87497827,19.87497827
2.095,0.07216583938,0,0,0.1588593763,0,0,19.87806507,19.87806507
2.1,0.072962203,0,0,0.159685816,0,0,19.88107565,19.88107565
2.105,0.07376269497,0,0,0.160510714,0,0,19.8840119,19.8840119
2.11,0.07456730757,0,0,0.1613340667,0,0,19.88687566,19.88687566
2.115,0.07537603306,0,0,0.1621558705,0,0,19.88966871,19.88966871
2.12,0.07618886368,0,0,0.1629761221,0,0,19.8923928,19.8923928
2.125,0.07700579168,0,0,0.1637948182,0,0,19.89504963,19.89504963
2.13,0.07782680927,0,0,0.1646119557,0,0,19.89764087,19.89764087
2.135,0.07865190864,0,0,0.1654275316,0,0,19.90016812,19.90016812
2.14,0.07948108198,0,0,0.1662415429,0,0,19.90263298,19.90263298
2.145,0.08031432146,0,0,0.1670539868,0,0,19.90503698,19.90503698
2.15,0.08115161923,0,0,0.1678648606,0,0,19.90738162,19.90738162
2.155,0.08199296744,0,0,0.1686741618,0,0,19.90966838,19.90966838
2.16,0.08283835822,0,0,0.1694818877,0,0,19.91189868,19.91189868
2.165,0.08368778369,0,0,0.170288036,0,0,19.91407391,19.91407391
2.17,0.08454123595,0,0,0.1710926045,0,0,19.91619543,19.91619543
2.175,0.0853987071,0,0,0.1718955908,0,0,19.91826457,19.91826457
2.18,0.08626018922,0,0,0.1726969928,0,0,19.92028263,19.92028263
2.185,0.08712567438,0,0,0.1734968087,0,0,19.92225085,19.92225085
2.19,0.08799515466,0,0,0.1742950363,0,0,19.92417049,19.92417049
2.195,0.08886862209,0,0,0.1750916738,0,0,19.92604273,19.92604273
2.2,0.08974606874,0,0,0.1758867195,0,0,19.92786874,19.92786874
2.205,0.09062748663,0,0,0.1766801717,0,0,19.92964966,19.92964966
2.21,0.0915128678,0,0,0.1774720288,0,0,19.93138662,19.93138662
2.215,0.09240220426,0,0,0.1782622892,0,0,19.93308069,19.93308069
2.22,0.09329548803,0,0,0.1790509516,0,0,19.93473293,19.93473293
2.225,0.09419271111,0,0,0.1798380145,0,0,19.93634438,19.93634438
2.23,0.09509386551,0,0,0.1806234767,0,0,19.93791605,19.93791605
2.235,0.09599894321,0,0,0.1814073369,0,0,19.9394489,19.9394489
2.24,0.0969079362,0,0,0.1821895939,0,0,19.94094392,19.94094392
2.245,0.09782083647,0,0,0.1829702468,0,0,19.94240202,19.94240202
2.25,0.09873763599,0,0,0.1837492944,0,0,19.94382412,19.94382412
2.255,0.09965832674,0,0,0.1845267359,0,0,19.9452111,19.9452111
2.26,0.1005829007,0,0,0.1853025704,0,0,19.94656385,19.94656385
2.265,0.1015113498,0,0,0.186076797,0,0,19.94788319,19.94788319
2.27,0.102443666,0,0,0.186849415,0,0,19.94916996,19.94916996
2.275,0.1033798412,0,0,0.1876204237,0,0,19.95042496,19.95042496
2.28,0.1043198675,0,0,0.1883898225,0,0,19.95164897,19.95164897
2.285,0.1052637368,0,0,0.1891576109,0,0,19.95284276,19.95284276
2.29,0.1062114409,0,0,0.1899237882,0,0,19.95400708,19.95400708
2.295,0.107162972,0,0,0.1906883541,0,0,19.95514265,19.95514265
2.3,0.1081183218,0,0,0.1914513081,0,0,19.95625018,19.95625018
2.305,0.1090774824,0,0,0.1922126499,0,0,19.95733036,19.95733036
2.31,0.1100404456,0,0,0.1929723793,0,0,19.95838388,19.95838388
2.315,0.1110072035,0,0,0.1937304959,0,0,19.95941139,19.95941139
2.32,0.1119777479,0,0,0.1944869996,0,0,19.96041352,19.96041352
2.325,0.1129520708,0,0,0.1952418903,0,0,19.96139092,19.96139092
2.33,0.1139301641,0,0,0.1959951679,0,0,19.96234418,19.96234418
2.335,0.1149120198,0,0,0.1967468322,0,0,19.9632739,19.9632739
2.34,0.1158976297,0,0,0.1974968835,0,0,19.96418067,19.96418067
2.345,0.1168869859,0,0,0.1982453216,0,0,19.96506506,19.96506506
2.35,0.1178800803,0,0,0.1989921467,0,0,19.9659276,19.9659276
2.355,0.1188769047,0,0,0.199737359,0,0,19.96676885,19.96676885
2.36,0.1198774512,0,0,0.2004809586,0,0,19.96758933,19.96758933
2.365,0.1208817116,0,0,0.2012229457,0,0,19.96838956,19.96838956
2.37,0.1218896779,0,0,0.2019633208,0,0,19.96917002,19.96917002
2.375,0.1229013421,0,0,0.2027020839,0,0,19.96993122,19.96993122
2.38,0.1239166961,0,0,0.2034392356,0,0,19.97067362,19.97067362
2.385,0.1249357318,0,0,0.2041747761,0,0,19.97139769,19.97139769
2.39,0.1259584412,0,0,0.2049087061,0,0,19.97210388,19.97210388
2.395,0.1269848162,0,0,0.2056410258,0,0,19.97279264,19.97279264
2.4,0.1280148487,0,0,0.2063717358,0,0,19.97346439,19.97346439
2.405,0.1290485308,0,0,0.2071008367,0,0,19.97411956,19.97411956
2.41,0.1300858544,0,0,0.2078283291,0,0,19.97475855,19.97475855
2.415,0.1311268114,0,0,0.2085542135,0,0,19.97538176,19.97538176
2.42,0.1321713939,0,0,0.2092784907,0,0,19.97598959,19.97598959
2.425,0.1332195937,0,0,0.2100011613,0,0,19.97658241,19.97658241
2.43,0.1342714028,0,0,0.2107222259,0,0,19.97716059,19.97716059
2.435,0.1353268133,0,0,0.2114416855,0,0,19.9777245,19.9777245
2.44,0.136385817,0,0,0.2121595407,0,0,19.97827448,19.97827448
2.445,0.137448406,0,0,0.2128757924,0,0,19.97881089,19.97881089
2.45,0.1385145722,0,0,0.2135904414,0,0,19.97933405,19.97933405
2.455,0.1395843077,0,0,0.2143034887,0,0,19.97984429,19.97984429
2.46,0.1406576045,0,0,0.215014935,0,0,19.98034194,19.98034194
2.465,0.1417344544,0,0,0.2157247813,0,0,19.9808273,19.9808273
2.47,0.1428148496,0,0,0.2164330287,0,0,19.98130067,19.98130067
2.475,0.143898782,0,0,0.2171396781,0,0,19.98176236,19.98176236
2.48,0.1449862437,0,0,0.2178447305,0,0,19.98221265,19.98221265
2.485,0.1460772267,0,0,0.2185481869,0,0,19.98265182,19.98265182
2.49,0.1471717229,0,0,0.2192500485,0,0,19.98308015,19.98308015
2.495,0.1482697245,0,0,0.2199503163,0,0,19.9834979,19.9834979
2.5,0.1493712235,0,0,0.2206489915,0,0,19.98390534,19.98390534
2.505,0.1504762118,0,0,0.2213460752,0,0,19.98430272,19.98430272
2.51,0.1515846816,0,0,0.2220415686,0,0,19.98469029,19.98469029
2.515,0.1526966248,0,0,0.2227354728,0,0,19.98506828,19.98506828
2.52,0.1538120336,0,0,0.2234277892,0,0,19.98543695,19.98543695
2.525,0.1549309001,0,0,0.2241185189,0,0,19.98579651,19.98579651
2.53,0.1560532162,0,0,0.2248076632,0,0,19.9861472,19.9861472
2.535,0.1571789741,0,0,0.2254952235,0,0,19.98648922,19.98648922
2.54,0.1583081658,0,0,0.226181201,0,0,19.98682281,19.98682281
2.545,0.1594407834,0,0,0.226865597,0,0,19.98714815,19.98714815
2.55,0.1605768191,0,0,0.227548413,0,0,19.98746547,19.98746547
2.555,0.1617162649,0,0,0.2282296503,0,0,19.98777494,19.98777494
2.56,0.162859113,0,0,0.2289093102,0,0,19.98807678,19.98807678
2.565,0.1640053554,0,0,0.2295873943,0,0,19.98837117,19.98837117
2.57,0.1651549843,0,0,0.2302639039,0,0,19.98865828,19.98865828
2.575,0.1663079918,0,0,0.2309388406,0,0,19.98893831,19.98893831
2.58,0.1674643701,0,0,0.2316122057,0,0,19.98921143,19.98921143
2.585,0.1686241113,0,0,0.2322840008,0,0,19.9894778,19.9894778
2.59,0.1697872075,0,0,0.2329542275,0,0,19.98973759,19.98973759
2.595,0.1709536509,0,0,0.2336228871,0,0,19.98999097,19.98999097
2.6,0.1721234338,0,0,0.2342899814,0,0,19.9902381,19.9902381
2.605,0.1732965481,0,0,0.2349555118,0,0,19.99047912,19.99047912
2.61,0.1744729863,0,0,0.2356194799,0,0,19.99071419,19.99071419
2.615,0.1756527403,0,0,0.2362818874,0,0,19.99094346,19.99094346
2.62,0.1768358025,0,0,0.2369427358,0,0,19.99116706,19.99116706
2.625,0.1780221651,0,0,0.2376020269,0,0,19.99138515,19.99138515
2.63,0.1792118202,0,0,0.2382597622,0,0,19.99159785,19.99159785
2.635,0.1804047601,0,0,0.2389159434,0,0,19.9918053,19.9918053
2.64,0.1816009771,0,0,0.2395705722,0,0,19.99200763,19.99200763
2.645,0.1828004633,0,0,0.2402236504,0,0,19.99220496,19.99220496
2.65,0.184003211,0,0,0.2408751795,0,0,19.99239742,19.99239742
2.655,0.1852092125,0,0,0.2415251614,0,0,19.99258513,19.99258513
2.66,0.18641846,0,0,0.2421735978,0,0,19.9927682,19.9927682
2.665,0.1876309459,0,0,0.2428204905,0,0,19.99294676,19.99294676
2.67,0.1888466624,0,0,0.2434658411,0,0,19.9931209,19.9931209
2.675,0.1900656017,0,0,0.2441096516,0,0,19.99329075,19.99329075
2.68,0.1912877563,0,0,0.2447519237,0,0,19.9934564,19.9934564
2.685,0.1925131184,0,0,0.2453926592,0,0,19.99361796,19.99361796
2.69,0.1937416803,0,0,0.2460318599,0,0,19.99377553,19.99377553
2.695,0.1949734345,0,0,0.2466695277,0,0,19.99392922,19.99392922
2.7,0.1962083731,0,0,0.2473056645,0,0,19.99407911,19.99407911
2.705,0.1974464885,0,0,0.2479402721,0,0,19.99422529,19.99422529
2.71,0.1986877732,0,0,0.2485733523,0,0,19.99436787,19.99436787
2.715,0.1999322195,0,0,0.2492049072,0,0,19.99450693,19.99450693
2.72,0.2011798198,0,0,0.2498349385,0,0,19.99464255,19.99464255
2.725,0.2024305664,0,0,0.2504634481,0,0,19.99477483,19.99477483
2.73,0.2036844517,0,0,0.2510904381,0,0,19.99490384,19.99490384
2.735,0.2049414682,0,0,0.2517159103,0,0,19.99502966,19.99502966
2.74,0.2062016083,0,0,0.2523398668,0,0,19.99515238,19.99515238
2.745,0.2074648644,0,0,0.2529623093,0,0,19.99527207,19.99527207
2.75,0.2087312289,0,0,0.25358324,0,0,19.9953888,19.9953888
2.755,0.2100006943,0,0,0.2542026608,0,0,19.99550265,19.99550265
2.76,0.211273253,0,0,0.2548205737,0,0,19.99561369,19.99561369
2.765,0.2125488975,0,0,0.2554369806,0,0,19.99572199,19.99572199
2.77,0.2138276203,0,0,0.2560518837,0,0,19.99582762,19.99582762
2.775,0.2151094138,0,0,0.2566652848,0,0,19.99593063,19.99593063
2.78,0.2163942706,0,0,0.2572771862,0,0,19.99603111,19.99603111
2.785,0.2176821832,0,0,0.2578875897,0,0,19.9961291,19.9961291
2.79,0.218973144,0,0,0.2584964974,0,0,19.99622467,19.99622467
2.795,0.2202671457,0,0,0.2591039114,0,0,19.99631788,19.99631788
2.8,0.2215641807,0,0,0.2597098338,0,0,19.9964088,19.9964088
2.805,0.2228642415,0,0,0.2603142666,0,0,19.99649746,19.99649746
2.81,0.2241673208,0,0,0.260917212,0,0,19.99658394,19.99658394
2.815,0.2254734112,0,0,0.2615186719,0,0,19.99666828,19.99666828
2.82,0.2267825051,0,0,0.2621186486,0,0,19.99675054,19.99675054
2.825,0.2280945952,0,0,0.2627171441,0,0,19.99683077,19.99683077
2.83,0.2294096741,0,0,0.2633141605,0,0,19.99690902,19.99690902
2.835,0.2307277343,0,0,0.2639097001,0,0,19.99698534,19.99698534
2.84,0.2320487686,0,0,0.2645037648,0,0,19.99705977,19.99705977
2.845,0.2333727695,0,0,0.2650963569,0,0,19.99713237,19.99713237
2.85,0.2346997297,0,0,0.2656874785,0,0,19.99720317,19.99720317
2.855,0.2360296419,0,0,0.2662771318,0,0,19.99727222,19.99727222
2.86,0.2373624986,0,0,0.2668653189,0,0,19.99733957,19.99733957
2.865,0.2386982926,0,0,0.267452042,0,0,19.99740526,19.99740526
2.87,0.2400370166,0,0,0.2680373032,0,0,19.99746932,19.99746932
2.875,0.2413786632,0,0,0.2686211049,0,0,19.9975318,19.9975318
2.88,0.2427232252,0,0,0.2692034491,0,0,19.99759274,19.99759274
2.885,0.2440706953,0,0,0.2697843381,0,0,19.99765218,19.99765218
2.89,0.2454210662,0,0,0.2703637741,0,0,19.99771015,19.99771015
2.895,0.2467743306,0,0,0.2709417592,0,0,19.99776668,19.99776668
2.9,0.2481304813,0,0,0.2715182958,0,0,19.99782182,19.99782182
2.905,0.2494895111,0,0,0.272093386,0,0,19.9978756,19.9978756
2.91,0.2508514128,0,0,0.2726670321,0,0,19.99792806,19.99792806
2.915,0.2522161791,0,0,0.2732392363,0,0,19.99797921,19.99797921
2.92,0.2535838028,0,0,0.2738100009,0,0,19.99802911,19.99802911
2.925,0.2549542767,0,0,0.2743793281,0,0,19.99807777,19.99807777
2.93,0.2563275936,0,0,0.2749472202,0,0,19.99812523,19.99812523
2.935,0.2577037465,0,0,0.2755136794,0,0,19.99817152,19.99817152
2.94,0.2590827281,0,0,0.276078708,0,0,19.99821666,19.99821666
2.945,0.2604645312,0,0,0.2766423083,0,0,19.99826069,19.99826069
2.95,0.2618491488,0,0,0.2772044826,0,0,19.99830364,19.99830364
2.955,0.2632365736,0,0,0.2777652331,0,0,19.99834552,19.99834552
2.96,0.2646267987,0,0,0.2783245622,0,0,19.99838637,19.99838637
2.965,0.2660198169,0,0,0.2788824722,0,0,19.99842621,19.99842621
2.97,0.2674156211,0,0,0.2794389652,0,0,19.99846507,19.99846507
2.975,0.2688142042,0,0,0.2799940438,0,0,19.99850296,19.99850296
2.98,0.2702155592,0,0,0.2805477101,0,0,19.99853993,19.99853993
2.985,0.2716196789,0,0,0.2810999664,0,0,19.99857597,19.99857597
2.99,0.2730265565,0,0,0.2816508152,0,0,19.99861113,19.99861113
2.995,0.2744361848,0,0,0.2822002587,0,0,19.99864543,19.99864543
3,0.2758485567,0,0,0.2827482993,0,0,19.99867887,19.99867887
3.005,0.2772636654,0,0,0.2832949393,0,0,19.99871149,19.99871149
3.01,0.2786815038,0,0,0.283840181,0,0,19.9987433,19.9987433
3.015,0.2801020649,0,0,0.2843840268,0,0,19.99877433,19.99877433
3.02,0.2815253417,0,0,0.2849264791,0,0,19.99880459,19.99880459
3.025,0.2829513274,0,0,0.2854675401,0,0,19.99883411,19.99883411
3.03,0.2843800148,0,0,0.2860072122,0,0,19.99886289,19.99886289
3.035,0.2858113972,0,0,0.2865454979,0,0,19.99889097,19.99889097
3.04,0.2872454675,0,0,0.2870823994,0,0,19.99891835,19.99891835
3.045,0.2886822189,0,0,0.2876179192,0,0,19.99894506,19.99894506
3.05,0.2901216444,0,0,0.2881520596,0,0,19.9989711,19.9989711
3.055,0.2915637372,0,0,0.288684823,0,0,19.99899651,19.99899651
3.06,0.2930084903,0,0,0.2892162117,0,0,19.99902128,19.99902128
3.065,0.294455897,0,0,0.2897462282,0,0,19.99904545,19.99904545
3.07,0.2959059503,0,0,0.2902748748,0,0,19.99906902,19.99906902
3.075,0.2973586435,0,0,0.2908021539,0,0,19.999092,19.999092
3.08,0.2988139696,0,0,0.2913280679,0,0,19.99911442,19.99911442
3.085,0.3002719219,0,0,0.2918526193,0,0,19.99913629,19.99913629
3.09,0.3017324935,0,0,0.2923758104,0,0,19.99915761,19.99915761
3.095,0.3031956777,0,0,0.2928976436,0,0,19.99917841,19.99917841
3.1,0.3046614677,0,0,0.2934181213,0,0,19.99919869,19.99919869
3.105,0.3061298567,0,0,0.2939372459,0,0,19.99921848,19.99921848
3.11,0.3076008379,0,0,0.2944550199,0,0,19.99923777,19.99923777
3.115,0.3090744046,0,0,0.2949714457,0,0,19.99925659,19.99925659
3.12,0.3105505501,0,0,0.2954865256,0,0,19.99927495,19.99927495
3.125,0.3120292676,0,0,0.2960002621,0,0,19.99929285,19.99929285
3.13,0.3135105505,0,0,0.2965126577,0,0,19.99931031,19.99931031
3.135,0.314994392,0,0,0.2970237147,0,0,19.99932734,19.99932734
3.14,0.3164807854,0,0,0.2975334355,0,0,19.99934395,19.99934395
3.145,0.3179697241,0,0,0.2980418227,0,0,19.99936014,19.99936014
3.15,0.3194612014,0,0,0.2985488786,0,0,19.99937594,19.99937594
3.155,0.3209552107,0,0,0.2990546056,0,0,19.99939135,19.99939135
3.16,0.3224517453,0,0,0.2995590063,0,0,19.99940638,19.99940638
3.165,0.3239507986,0,0,0.300062083,0,0,19.99942103,19.99942103
3.17,0.3254523639,0,0,0.3005638382,0,0,19.99943533,19.99943533
3.175,0.3269564347,0,0,0.3010642744,0,0,19.99944927,19.99944927
3.18,0.3284630045,0,0,0.3015633939,0,0,19.99946287,19.99946287
3.185,0.3299720665,0,0,0.3020611992,0,0,19.99947613,19.99947613
3.19,0.3314836143,0,0,0.3025576929,0,0,19.99948906,19.99948906
3.195,0.3329976412,0,0,0.3030528772,0,0,19.99950168,19.99950168
3.2,0.3345141409,0,0,0.3035467547,0,0,19.99951398,19.99951398
3.205,0.3360331066,0,0,0.3040393279,0,0,19.99952598,19.99952598
3.21,0.337554532,0,0,0.3045305992,0,0,19.99953769,19.99953769
3.215,0.3390784104,0,0,0.305020571,0,0,19.9995491,19.9995491
3.22,0.3406047355,0,0,0.3055092458,0,0,19.99956023,19.99956023
3.225,0.3421335007,0,0,0.3059966261,0,0,19.99957109,19.99957109
3.23,0.3436646996,0,0,0.3064827143,0,0,19.99958168,19.99958168
3.235,0.3451983257,0,0,0.3069675129,0,0,19.99959201,19.99959201
3.24,0.3467343726,0,0,0.3074510244,0,0,19.99960208,19.99960208
3.245,0.3482728338,0,0,0.3079332512,0,0,19.99961191,19.99961191
3.25,0.349813703,0,0,0.3084141958,0,0,19.99962149,19.99962149
3.255,0.3513569737,0,0,0.3088938607,0,0,19.99963084,19.99963084
3.26,0.3529026395,0,0,0.3093722483,0,0,19.99963995,19.99963995
3.265,0.354450694,0,0,0.3098493612,0,0,19.99964884,19.99964884
3.27,0.3560011309,0,0,0.3103252017,0,0,19.99965751,19.99965751
3.275,0.3575539439,0,0,0.3107997724,0,0,19.99966597,19.99966597
3.28,0.3591091266,0,0,0.3112730757,0,0,19.99967421,19.99967421
3.285,0.3606666726,0,0,0.3117451141,0,0,19.99968226,19.99968226
3.29,0.3622265756,0,0,0.3122158901,0,0,19.9996901,19.9996901
3.295,0.3637888294,0,0,0.3126854062,0,0,19.99969775,19.99969775
3.3,0.3653534276,0,0,0.3131536648,0,0,19.99970522,19.99970522
3.305,0.3669203639,0,0,0.3136206685,0,0,19.99971249,19.99971249
3.31,0.3684896322,0,0,0.3140864196,0,0,19.99971959,19.99971959
3.315,0.370061226,0,0,0.3145509207,0,0,19.99972652,19.99972652
3.32,0.3716351393,0,0,0.3150141743,0,0,19.99973327,19.99973327
3.325,0.3732113657,0,0,0.3154761828,0,0,19.99973985,19.99973985
3.33,0.374789899,0,0,0.3159369487,0,0,19.99974628,19.99974628
3.335,0.3763707331,0,0,0.3163964746,0,0,19.99975254,19.99975254
3.34,0.3779538617,0,0,0.3168547628,0,0,19.99975865,19.99975865
3.345,0.3795392787,0,0,0.317311816,0,0,19.99976461,19.99976461
3.35,0.3811269778,0,0,0.3177676364,0,0,19.99977042,19.99977042
3.355,0.382716953,0,0,0.3182222267,0,0,19.99977609,19.99977609
3.36,0.3843091981,0,0,0.3186755894,0,0,19.99978162,19.99978162
3.365,0.3859037069,0,0,0.3191277268,0,0,19.99978701,19.99978701
3.37,0.3875004733,0,0,0.3195786415,0,0,19.99979227,19.99979227
3.375,0.3890994912,0,0,0.320028336,0,0,19.9997974,19.9997974
3.38,0.3907007546,0,0,0.3204768128,0,0,19.9998024,19.9998024
3.385,0.3923042573,0,0,0.3209240743,0,0,19.99980728,19.99980728
3.39,0.3939099933,0,0,0.3213701231,0,0,19.99981204,19.99981204
3.395,0.3955179566,0,0,0.3218149615,0,0,19.99981668,19.99981668
3.4,0.3971281409,0,0,0.3222585922,0,0,19.9998212,19.9998212
3.405,0.3987405405,0,0,0.3227010175,0,0,19.99982562,19.99982562
3.41,0.4003551491,0,0,0.3231422401,0,0,19.99982992,19.99982992
3.415,0.4019719609,0,0,0.3235822622,0,0,19.99983412,19.99983412
3.42,0.4035909697,0,0,0.3240210865,0,0,19.99983822,19.99983822
3.425,0.4052121697,0,0,0.3244587154,0,0,19.99984221,19.99984221
3.43,0.4068355549,0,0,0.3248951515,0,0,19.99984611,19.99984611
3.435,0.4084611193,0,0,0.3253303971,0,0,19.99984991,19.99984991
3.44,0.4100888569,0,0,0.3257644547,0,0,19.99985361,19.99985361
3.445,0.4117187618,0,0,0.3261973269,0,0,19.99985723,19.99985723
3.45,0.4133508282,0,0,0.3266290162,0,0,19.99986075,19.99986075
3.455,0.41498505,0,0,0.327059525,0,0,19.99986419,19.99986419
3.46,0.4166214215,0,0,0.3274888557,0,0,19.99986755,19.99986755
3.465,0.4182599366,0,0,0.3279170109,0,0,19.99987082,19.99987082
3.47,0.4199005896,0,0,0.3283439931,0,0,19.999874,19.999874
3.475,0.4215433746,0,0,0.3287698047,0,0,19.99987712,19.99987712
3.48,0.4231882857,0,0,0.3291944482,0,0,19.99988015,19.99988015
3.485,0.4248353172,0,0,0.3296179261,0,0,19.99988311,19.99988311
3.49,0.4264844631,0,0,0.3300402409,0,0,19.99988599,19.99988599
3.495,0.4281357176,0,0,0.330461395,0,0,19.99988881,19.99988881
3.5,0.4297890751,0,0,0.3308813909,0,0,19.99989156,19.99989156
3.505,0.4314445296,0,0,0.3313002311,0,0,19.99989423,19.99989423
3.51,0.4331020755,0,0,0.3317179181,0,0,19.99989684,19.99989684
3.515,0.4347617069,0,0,0.3321344543,0,0,19.99989939,19.99989939
3.52,0.4364234181,0,0,0.3325498422,0,0,19.99990187,19.99990187
3.525,0.4380872034,0,0,0.3329640842,0,0,19.9999043,19.9999043
3.53,0.439753057,0,0,0.3333771829,0,0,19.99990666,19.99990666
3.535,0.4414209733,0,0,0.3337891408,0,0,19.99990897,19.99990897
3.54,0.4430909465,0,0,0.3341999602,0,0,19.99991121,19.99991121
3.545,0.444762971,0,0,0.3346096436,0,0,19.9999134,19.9999134
3.55,0.4464370411,0,0,0.3350181936,0,0,19.99991554,19.99991554
3.555,0.4481131511,0,0,0.3354256125,0,0,19.99991763,19.99991763
3.56,0.4497912953,0,0,0.3358319029,0,0,19.99991966,19.99991966
3.565,0.4514714682,0,0,0.3362370671,0,0,19.99992165,19.99992165
3.57,0.4531536641,0,0,0.3366411077,0,0,19.99992358,19.99992358
3.575,0.4548378774,0,0,0.3370440272,0,0,19.99992547,19.99992547
3.58,0.4565241025,0,0,0.3374458279,0,0,19.99992731,19.99992731
3.585,0.4582123339,0,0,0.3378465124,0,0,19.9999291,19.9999291
3.59,0.4599025658,0,0,0.338246083,0,0,19.99993085,19.99993085
3.595,0.4615947928,0,0,0.3386445423,0,0,19.99993256,19.99993256
3.6,0.4632890094,0,0,0.3390418926,0,0,19.99993422,19.99993422
3.605,0.4649852099,0,0,0.3394381366,0,0,19.99993585,19.99993585
3.61,0.4666833889,0,0,0.3398332765,0,0,19.99993743,19.99993743
3.615,0.4683835408,0,0,0.3402273148,0,0,19.99993898,19.99993898
3.62,0.4700856602,0,0,0.3406202541,0,0,19.99994048,19.99994048
3.625,0.4717897416,0,0,0.3410120966,0,0,19.99994195,19.99994195
3.63,0.4734957794,0,0,0.341402845,0,0,19.99994339,19.99994339
3.635,0.4752037682,0,0,0.3417925015,0,0,19.99994478,19.99994478
3.64,0.4769137026,0,0,0.3421810687,0,0,19.99994615,19.99994615
3.645,0.4786255771,0,0,0.342568549,0,0,19.99994748,19.99994748
3.65,0.4803393862,0,0,0.3429549449,0,0,19.99994877,19.99994877
3.655,0.4820551247,0,0,0.3433402587,0,0,19.99995004,19.99995004
3.66,0.483772787,0,0,0.3437244929,0,0,19.99995127,19.99995127
3.665,0.4854923678,0,0,0.3441076499,0,0,19.99995248,19.99995248
3.67,0.4872138617,0,0,0.3444897322,0,0,19.99995365,19.99995365
3.675,0.4889372634,0,0,0.3448707422,0,0,19.99995479,19.99995479
3.68,0.4906625674,0,0,0.3452506822,0,0,19.99995591,19.99995591
3.685,0.4923897684,0,0,0.3456295549,0,0,19.999957,19.999957
3.69,0.4941188612,0,0,0.3460073624,0,0,19.99995806,19.99995806
3.695,0.4958498403,0,0,0.3463841074,0,0,19.9999591,19.9999591
3.7,0.4975827005,0,0,0.3467597922,0,0,19.99996011,19.99996011
3.705,0.4993174364,0,0,0.3471344191,0,0,19.99996109,19.99996109
3.71,0.5010540429,0,0,0.3475079907,0,0,19.99996205,19.99996205
3.715,0.5027925146,0,0,0.3478805093,0,0,19.99996299,19.99996299
3.72,0.5045328462,0,0,0.3482519774,0,0,19.9999639,19.9999639
3.725,0.5062750326,0,0,0.3486223974,0,0,19.99996479,19.99996479
3.73,0.5080190685,0,0,0.3489917716,0,0,19.99996566,19.99996566
3.735,0.5097649486,0,0,0.3493601024,0,0,19.99996651,19.99996651
3.74,0.5115126678,0,0,0.3497273924,0,0,19.99996734,19.99996734
3.745,0.5132622208,0,0,0.3500936438,0,0,19.99996814,19.99996814
3.75,0.5150136025,0,0,0.3504588591,0,0,19.99996893,19.99996893
3.755,0.5167668076,0,0,0.3508230406,0,0,19.9999697,19.9999697
3.76,0.5185218312,0,0,0.3511861908,0,0,19.99997045,19.99997045
3.765,0.5202786678,0,0,0.351548312,0,0,19.99997118,19.99997118
3.77,0.5220373126,0,0,0.3519094067,0,0,19.99997189,19.99997189
3.775,0.5237977602,0,0,0.3522694772,0,0,19.99997258,19.99997258
3.78,0.5255600056,0,0,0.3526285259,0,0,19.99997326,19.99997326
3.785,0.5273240438,0,0,0.3529865551,0,0,19.99997392,19.99997392
3.79,0.5290898695,0,0,0.3533435674,0,0,19.99997456,19.99997456
3.795,0.5308574777,0,0,0.353699565,0,0,19.99997519,19.99997519
3.8,0.5326268634,0,0,0.3540545503,0,0,19.9999758,19.9999758
3.805,0.5343980216,0,0,0.3544085257,0,0,19.9999764,19.9999764
3.81,0.536170947,0,0,0.3547614935,0,0,19.99997698,19.99997698
3.815,0.5379456348,0,0,0.3551134562,0,0,19.99997755,19.99997755
3.82,0.5397220799,0,0,0.3554644161,0,0,19.99997811,19.99997811
3.825,0.5415002773,0,0,0.3558143755,0,0,19.99997865,19.99997865
3.83,0.543280222,0,0,0.3561633368,0,0,19.99997917,19.99997917
3.835,0.545061909,0,0,0.3565113025,0,0,19.99997969,19.99997969
3.84,0.5468453334,0,0,0.3568582747,0,0,19.99998019,19.99998019
3.845,0.5486304901,0,0,0.3572042559,0,0,19.99998068,19.99998068
3.85,0.5504173743,0,0,0.3575492485,0,0,19.99998116,19.99998116
3.855,0.552205981,0,0,0.3578932547,0,0,19.99998162,19.99998162
3.86,0.5539963052,0,0,0.3582362769,0,0,19.99998207,19.99998207
3.865,0.5557883421,0,0,0.3585783175,0,0,19.99998252,19.99998252
3.87,0.5575820867,0,0,0.3589193788,0,0,19.99998295,19.99998295
3.875,0.5593775342,0,0,0.3592594632,0,0,19.99998337,19.99998337
3.88,0.5611746797,0,0,0.3595985729,0,0,19.99998378,19.99998378
3.885,0.5629735184,0,0,0.3599367103,0,0,19.99998418,19.99998418
3.89,0.5647740452,0,0,0.3602738778,0,0,19.99998457,19.99998457
3.895,0.5665762555,0,0,0.3606100776,0,0,19.99998495,19.99998495
3.9,0.5683801444,0,0,0.3609453121,0,0,19.99998532,19.99998532
3.905,0.570185707,0,0,0.3612795836,0,0,19.99998569,19.99998569
3.91,0.5719929386,0,0,0.3616128945,0,0,19.99998604,19.99998604
3.915,0.5738018344,0,0,0.3619452469,0,0,19.99998638,19.99998638
3.92,0.5756123895,0,0,0.3622766433,0,0,19.99998672,19.99998672
3.925,0.5774245992,0,0,0.362607086,0,0,19.99998705,19.99998705
3.93,0.5792384588,0,0,0.3629365772,0,0,19.99998737,19.99998737
3.935,0.5810539634,0,0,0.3632651193,0,0,19.99998768,19.99998768
3.94,0.5828711084,0,0,0.3635927146,0,0,19.99998798,19.99998798
3.945,0.584689889,0,0,0.3639193653,0,0,19.99998828,19.99998828
3.95,0.5865103005,0,0,0.3642450738,0,0,19.99998857,19.99998857
3.955,0.5883323382,0,0,0.3645698424,0,0,19.99998885,19.99998885
3.96,0.5901559973,0,0,0.3648936732,0,0,19.99998913,19.99998913
3.965,0.5919812733,0,0,0.3652165688,0,0,19.9999894,19.9999894
3.97,0.5938081615,0,0,0.3655385312,0,0,19.99998966,19.99998966
3.975,0.5956366571,0,0,0.3658595628,0,0,19.99998991,19.99998991
3.98,0.5974667556,0,0,0.3661796659,0,0,19.99999016,19.99999016
3.985,0.5992984522,0,0,0.3664988427,0,0,19.9999904,19.9999904
3.99,0.6011317424,0,0,0.3668170956,0,0,19.99999064,19.99999064
3.995,0.6029666216,0,0,0.3671344267,0,0,19.99999087,19.99999087
4,0.6048030852,0,0,0.3674508384,0,0,19.9999911,19.9999911
4.005,0.6066411285,0,0,0.3677663329,0,0,19.99999132,19.99999132
4.01,0.608480747,0,0,0.3680809125,0,0,19.99999153,19.99999153
4.015,0.6103219361,0,0,0.3683945793,0,0,19.99999174,19.99999174
4.02,0.6121646913,0,0,0.3687073358,0,0,19.99999195,19.99999195
4.025,0.6140090079,0,0,0.3690191841,0,0,19.99999214,19.99999214
4.03,0.6158548816,0,0,0.3693301265,0,0,19.99999234,19.99999234
4.035,0.6177023077,0,0,0.3696401652,0,0,19.99999253,19.99999253
4.04,0.6195512817,0,0,0.3699493024,0,0,19.99999271,19.99999271
4.045,0.6214017992,0,0,0.3702575405,0,0,19.99999289,19.99999289
4.05,0.6232538556,0,0,0.3705648816,0,0,19.99999307,19.99999307
4.055,0.6251074465,0,0,0.3708713279,0,0,19.99999324,19.99999324
4.06,0.6269625674,0,0,0.3711768818,0,0,19.99999341,19.99999341
4.065,0.6288192139,0,0,0.3714815453,0,0,19.99999357,19.99999357
4.07,0.6306773814,0,0,0.3717853208,0,0,19.99999373,19.99999373
4.075,0.6325370656,0,0,0.3720882105,0,0,19.99999388,19.99999388
4.08,0.634398262,0,0,0.3723902165,0,0,19.99999403,19.99999403
4.085,0.6362609663,0,0,0.3726913411,0,0,19.99999418,19.99999418
4.09,0.638125174,0,0,0.3729915865,0,0,19.99999432,19.99999432
4.095,0.6399908807,0,0,0.3732909549,0,0,19.99999446,19.99999446
4.1,0.6418580821,0,0,0.3735894485,0,0,19.9999946,19.9999946
4.105,0.6437267737,0,0,0.3738870695,0,0,19.99999473,19.99999473
4.11,0.6455969513,0,0,0.3741838201,0,0,19.99999486,19.99999486
4.115,0.6474686105,0,0,0.3744797025,0,0,19.99999499,19.99999499
4.12,0.6493417469,0,0,0.3747747188,0,0,19.99999511,19.99999511
4.125,0.6512163562,0,0,0.3750688713,0,0,19.99999524,19.99999524
4.13,0.6530924342,0,0,0.3753621622,0,0,19.99999535,19.99999535
4.135,0.6549699764,0,0,0.3756545935,0,0,19.99999547,19.99999547
4.14,0.6568489787,0,0,0.3759461676,0,0,19.99999558,19.99999558
4.145,0.6587294367,0,0,0.3762368865,0,0,19.99999569,19.99999569
4.15,0.6606113461,0,0,0.3765267525,0,0,19.9999958,19.9999958
4.155,0.6624947028,0,0,0.3768157677,0,0,19.9999959,19.9999959
4.16,0.6643795024,0,0,0.3771039342,0,0,19.999996,19.999996
4.165,0.6662657407,0,0,0.3773912543,0,0,19.9999961,19.9999961
4.17,0.6681534135,0,0,0.37767773,0,0,19.9999962,19.9999962
4.175,0.6700425166,0,0,0.3779633636,0,0,19.99999629,19.99999629
4.18,0.6719330458,0,0,0.3782481572,0,0,19.99999638,19.99999638
4.185,0.6738249968,0,0,0.3785321129,0,0,19.99999647,19.99999647
4.19,0.6757183655,0,0,0.3788152328,0,0,19.99999656,19.99999656
4.195,0.6776131477,0,0,0.3790975192,0,0,19.99999664,19.99999664
4.2,0.6795093393,0,0,0.3793789741,0,0,19.99999673,19.99999673
4.205,0.6814069361,0,0,0.3796595996,0,0,19.99999681,19.99999681
4.21,0.6833059339,0,0,0.379939398,0,0,19.99999688,19.99999688
4.215,0.6852063287,0,0,0.3802183713,0,0,19.99999696,19.99999696
4.22,0.6871081163,0,0,0.3804965216,0,0,19.99999704,19.99999704
4.225,0.6890112925,0,0,0.3807738511,0,0,19.99999711,19.99999711
4.23,0.6909158534,0,0,0.3810503619,0,0,19.99999718,19.99999718
4.235,0.6928217948,0,0,0.381326056,0,0,19.99999725,19.99999725
4.24,0.6947291126,0,0,0.3816009357,0,0,19.99999732,19.99999732
4.245,0.6966378028,0,0,0.3818750029,0,0,19.99999739,19.99999739
4.25,0.6985478613,0,0,0.3821482598,0,0,19.99999745,19.99999745
4.255,0.7004592841,0,0,0.3824207085,0,0,19.99999751,19.99999751
4.26,0.702372067,0,0,0.3826923512,0,0,19.99999757,19.99999757
4.265,0.7042862062,0,0,0.3829631897,0,0,19.99999763,19.99999763
4.27,0.7062016976,0,0,0.3832332264,0,0,19.99999769,19.99999769
4.275,0.7081185372,0,0,0.3835024631,0,0,19.99999775,19.99999775
4.28,0.7100367209,0,0,0.3837709021,0,0,19.9999978,19.9999978
4.285,0.7119562449,0,0,0.3840385454,0,0,19.99999786,19.99999786
4.29,0.713877105,0,0,0.3843053951,0,0,19.99999791,19.99999791
4.295,0.7157992975,0,0,0.3845714532,0,0,19.99999796,19.99999796
4.3,0.7177228183,0,0,0.3848367218,0,0,19.99999801,19.99999801
4.305,0.7196476634,0,0,0.3851012029,0,0,19.99999806,19.99999806
4.31,0.721573829,0,0,0.3853648987,0,0,19.99999811,19.99999811
4.315,0.7235013111,0,0,0.3856278111,0,0,19.99999816,19.99999816
4.32,0.7254301058,0,0,0.3858899422,0,0,19.9999982,19.9999982
4.325,0.7273602092,0,0,0.3861512941,0,0,19.99999825,19.99999825
4.33,0.7292916174,0,0,0.3864118688,0,0,19.99999829,19.99999829
4.335,0.7312243266,0,0,0.3866716684,0,0,19.99999833,19.99999833
4.34,0.7331583328,0,0,0.3869306948,0,0,19.99999837,19.99999837
4.345,0.7350936323,0,0,0.3871889502,0,0,19.99999841,19.99999841
4.35,0.737030221,0,0,0.3874464365,0,0,19.99999845,19.99999845
4.355,0.7389680953,0,0,0.3877031557,0,0,19.99999849,19.99999849
4.36,0.7409072513,0,0,0.3879591099,0,0,19.99999853,19.99999853
4.365,0.7428476852,0,0,0.3882143012,0,0,19.99999856,19.99999856
4.37,0.7447893931,0,0,0.3884687314,0,0,19.9999986,19.9999986
4.375,0.7467323712,0,0,0.3887224027,0,0,19.99999863,19.99999863
4.38,0.7486766158,0,0,0.388975317,0,0,19.99999867,19.99999867
4.385,0.7506221231,0,0,0.3892274763,0,0,19.9999987,19.9999987
4.39,0.7525688893,0,0,0.3894788827,0,0,19.99999873,19.99999873
4.395,0.7545169107,0,0,0.3897295381,0,0,19.99999876,19.99999876
4.4,0.7564661835,0,0,0.3899794445,0,0,19.9999988,19.9999988
4.405,0.7584167039,0,0,0.3902286039,0,0,19.99999883,19.99999883
4.41,0.7603684683,0,0,0.3904770183,0,0,19.99999885,19.99999885
4.415,0.7623214728,0,0,0.3907246897,0,0,19.99999888,19.99999888
4.42,0.7642757139,0,0,0.39097162,0,0,19.99999891,19.99999891
4.425,0.7662311878,0,0,0.3912178112,0,0,19.99999894,19.99999894
4.43,0.7681878908,0,0,0.3914632653,0,0,19.99999896,19.99999896
4.435,0.7701458192,0,0,0.3917079843,0,0,19.99999899,19.99999899
4.44,0.7721049694,0,0,0.3919519701,0,0,19.99999901,19.99999901
4.445,0.7740653377,0,0,0.3921952247,0,0,19.99999904,19.99999904
4.45,0.7760269205,0,0,0.3924377499,0,0,19.99999906,19.99999906
4.455,0.777989714,0,0,0.3926795479,0,0,19.99999908,19.99999908
4.46,0.7799537147,0,0,0.3929206205,0,0,19.99999911,19.99999911
4.465,0.781918919,0,0,0.3931609696,0,0,19.99999913,19.99999913
4.47,0.7838853232,0,0,0.3934005973,0,0,19.99999915,19.99999915
4.475,0.7858529238,0,0,0.3936395054,0,0,19.99999917,19.99999917
4.48,0.7878217171,0,0,0.3938776958,0,0,19.99999919,19.99999919
4.485,0.7897916996,0,0,0.3941151706,0,0,19.99999921,19.99999921
4.49,0.7917628676,0,0,0.3943519316,0,0,19.99999923,19.99999923
4.495,0.7937352177,0,0,0.3945879808,0,0,19.99999925,19.99999925
4.5,0.7957087462,0,0,0.39482332,0,0,19.99999927,19.99999927
4.505,0.7976834497,0,0,0.3950579511,0,0,19.99999929,19.99999929
4.51,0.7996593246,0,0,0.3952918762,0,0,19.9999993,19.9999993
4.515,0.8016363673,0,0,0.395525097,0,0,19.99999932,19.99999932
4.52,0.8036145744,0,0,0.3957576156,0,0,19.99999934,19.99999934
4.525,0.8055939423,0,0,0.3959894337,0,0,19.99999936,19.99999936
4.53,0.8075744675,0,0,0.3962205533,0,0,19.99999937,19.99999937
4.535,0.8095561467,0,0,0.3964509763,0,0,19.99999939,19.99999939
4.54,0.8115389761,0,0,0.3966807046,0,0,19.9999994,19.9999994
4.545,0.8135229525,0,0,0.39690974,0,0,19.99999942,19.99999942
4.55,0.8155080724,0,0,0.3971380844,0,0,19.99999943,19.99999943
4.555,0.8174943322,0,0,0.3973657397,0,0,19.99999944,19.99999944
4.56,0.8194817286,0,0,0.3975927078,0,0,19.99999946,19.99999946
4.565,0.8214702582,0,0,0.3978189906,0,0,19.99999947,19.99999947
4.57,0.8234599174,0,0,0.3980445898,0,0,19.99999949,19.99999949
4.575,0.8254507029,0,0,0.3982695074,0,0,19.9999995,19.9999995
4.58,0.8274426114,0,0,0.3984937453,0,0,19.99999951,19.99999951
4.585,0.8294356393,0,0,0.3987173051,0,0,19.99999952,19.99999952
4.59,0.8314297833,0,0,0.398940189,0,0,19.99999953,19.99999953
4.595,0.83342504,0,0,0.3991623986,0,0,19.99999955,19.99999955
4.6,0.8354214061,0,0,0.3993839358,0,0,19.99999956,19.99999956
4.605,0.8374188783,0,0,0.3996048024,0,0,19.99999957,19.99999957
4.61,0.8394174531,0,0,0.3998250003,0,0,19.99999958,19.99999958
4.615,0.8414171272,0,0,0.4000445314,0,0,19.99999959,19.99999959
4.62,0.8434178973,0,0,0.4002633973,0,0,19.9999996,19.9999996
4.625,0.84541976,0,0,0.4004816001,0,0,19.99999961,19.99999961
4.63,0.8474227122,0,0,0.4006991414,0,0,19.99999962,19.99999962
4.635,0.8494267503,0,0,0.4009160231,0,0,19.99999963,19.99999963
4.64,0.8514318713,0,0,0.401132247,0,0,19.99999964,19.99999964
4.645,0.8534380717,0,0,0.401347815,0,0,19.99999965,19.99999965
4.65,0.8554453483,0,0,0.4015627287,0,0,19.99999965,19.99999965
4.655,0.8574536979,0,0,0.4017769901,0,0,19.99999966,19.99999966
4.66,0.8594631172,0,0,0.4019906009,0,0,19.99999967,19.99999967
4.665,0.8614736028,0,0,0.4022035628,0,0,19.99999968,19.99999968
4.67,0.8634851517,0,0,0.4024158778,0,0,19.99999969,19.99999969
4.675,0.8654977605,0,0,0.4026275476,0,0,19.9999997,19.9999997
4.68,0.8675114261,0,0,0.4028385739,0,0,19.9999997,19.9999997
4.685,0.8695261452,0,0,0.4030489586,0,0,19.99999971,19.99999971
4.69,0.8715419146,0,0,0.4032587033,0,0,19.99999972,19.99999972
4.695,0.8735587312,0,0,0.40346781,0,0,19.99999972,19.99999972
4.7,0.8755765917,0,0,0.4036762803,0,0,19.99999973,19.99999973
4.705,0.8775954929,0,0,0.403884116,0,0,19.99999974,19.99999974
4.71,0.8796154318,0,0,0.4040913189,0,0,19.99999974,19.99999974
4.715,0.8816364051,0,0,0.4042978907,0,0,19.99999975,19.99999975
4.72,0.8836584096,0,0,0.4045038332,0,0,19.99999976,19.99999976
4.725,0.8856814424,0,0,0.404709148,0,0,19.99999976,19.99999976
4.73,0.8877055001,0,0,0.4049138371,0,0,19.99999977,19.99999977
4.735,0.8897305797,0,0,0.4051179021,0,0,19.99999977,19.99999977
4.74,0.8917566781,0,0,0.4053213447,0,0,19.99999978,19.99999978
4.745,0.8937837921,0,0,0.4055241667,0,0,19.99999979,19.99999979
4.75,0.8958119187,0,0,0.4057263697,0,0,19.99999979,19.99999979
4.755,0.8978410548,0,0,0.4059279556,0,0,19.9999998,19.9999998
4.76,0.8998711972,0,0,0.4061289261,0,0,19.9999998,19.9999998
4.765,0.901902343,0,0,0.4063292828,0,0,19.99999981,19.99999981
4.77,0.903934489,0,0,0.4065290275,0,0,19.99999981,19.99999981
4.775,0.9059676323,0,0,0.4067281619,0,0,19.99999982,19.99999982
4.78,0.9080017696,0,0,0.4069266876,0,0,19.99999982,19.99999982
4.785,0.9100368981,0,0,0.4071246065,0,0,19.99999982,19.99999982
4.79,0.9120730147,0,0,0.4073219202,0,0,19.99999983,19.99999983
4.795,0.9141101163,0,0,0.4075186303,0,0,19.99999983,19.99999983
4.8,0.9161482,0,0,0.4077147386,0,0,19.99999984,19.99999984
4.805,0.9181872627,0,0,0.4079102468,0,0,19.99999984,19.99999984
4.81,0.9202273015,0,0,0.4081051565,0,0,19.99999984,19.99999984
4.815,0.9222683133,0,0,0.4082994695,0,0,19.99999985,19.99999985
4.82,0.9243102952,0,0,0.4084931873,0,0,19.99999985,19.99999985
4.825,0.9263532442,0,0,0.4086863118,0,0,19.99999986,19.99999986
4.83,0.9283971573,0,0,0.4088788445,0,0,19.99999986,19.99999986
4.835,0.9304420316,0,0,0.409070787,0,0,19.99999986,19.99999986
4.84,0.9324878642,0,0,0.4092621412,0,0,19.99999987,19.99999987
4.845,0.9345346521,0,0,0.4094529086,0,0,19.99999987,19.99999987
4.85,0.9365823923,0,0,0.4096430908,0,0,19.99999987,19.99999987
4.855,0.938631082,0,0,0.4098326896,0,0,19.99999988,19.99999988
4.86,0.9406807182,0,0,0.4100217066,0,0,19.99999988,19.99999988
4.865,0.9427312981,0,0,0.4102101434,0,0,19.99999988,19.99999988
4.87,0.9447828187,0,0,0.4103980016,0,0,19.99999989,19.99999989
4.875,0.9468352771,0,0,0.4105852829,0,0,19.99999989,19.99999989
4.88,0.9488886706,0,0,0.410771989,0,0,19.99999989,19.99999989
4.885,0.9509429961,0,0,0.4109581214,0,0,19.99999989,19.99999989
4.89,0.9529982508,0,0,0.4111436817,0,0,19.9999999,19.9999999
4.895,0.9550544319,0,0,0.4113286717,0,0,19.9999999,19.9999999
4.9,0.9571115366,0,0,0.4115130929,0,0,19.9999999,19.9999999
4.905,0.9591695619,0,0,0.4116969468,0,0,19.9999999,19.9999999
4.91,0.9612285051,0,0,0.4118802353,0,0,19.99999991,19.99999991
4.915,0.9632883633,0,0,0.4120629597,0,0,19.99999991,19.99999991
4.92,0.9653491338,0,0,0.4122451218,0,0,19.99999991,19.99999991
4.925,0.9674108136,0,0,0.4124267231,0,0,19.99999991,19.99999991
4.93,0.9694734001,0,0,0.4126077653,0,0,19.99999991,19.99999991
4.935,0.9715368904,0,0,0.4127882498,0,0,19.99999992,19.99999992
4.94,0.9736012817,0,0,0.4129681784,0,0,19.99999992,19.99999992
4.945,0.9756665712,0,0,0.4131475526,0,0,19.99999992,19.99999992
4.95,0.9777327563,0,0,0.4133263739,0,0,19.99999992,19.99999992
4.955,0.979799834,0,0,0.4135046439,0,0,19.99999992,19.99999992
4.96,0.9818678018,0,0,0.4136823643,0,0,19.99999993,19.99999993
4.965,0.9839366568,0,0,0.4138595366,0,0,19.99999993,19.99999993
4.97,0.9860063962,0,0,0.4140361623,0,0,19.99999993,19.99999993
4.975,0.9880770175,0,0,0.414212243,0,0,19.99999993,19.99999993
4.98,0.9901485178,0,0,0.4143877803,0,0,19.99999993,19.99999993
4.985,0.9922208944,0,0,0.4145627757,0,0,19.99999994,19.99999994
4.99,0.9942941446,0,0,0.4147372308,0,0,19.99999994,19.99999994
4.995,0.9963682658,0,0,0.4149111471,0,0,19.99999994,19.99999994
5,0.9984432552,0,0,0.4150845261,0,0,19.99999994,19.99999994
5.005,1.00051911,0,0,0.4152573695,0,0,19.99999994,19.99999994
5.01,1.002595828,0,0,0.4154296786,0,0,19.99999994,19.99999994
5.015,1.004673406,0,0,0.4156014552,0,0,19.99999994,19.99999994
5.02,1.006751842,0,0,0.4157727006,0,0,19.99999995,19.99999995
5.025,1.008831132,0,0,0.4159434165,0,0,19.99999995,19.99999995
5.03,1.010911275,0,0,0.4161136043,0,0,19.99999995,19.99999995
5.035,1.012992267,0,0,0.4162832655,0,0,19.99999995,19.99999995
5.04,1.015074107,0,0,0.4164524017,0,0,19.99999995,19.99999995
5.045,1.01715679,0,0,0.4166210144,0,0,19.99999995,19.99999995
5.05,1.019240316,0,0,0.4167891051,0,0,19.99999995,19.99999995
5.055,1.021324681,0,0,0.4169566753,0,0,19.99999995,19.99999995
5.06,1.023409882,0,0,0.4171237264,0,0,19.99999996,19.99999996
5.065,1.025495917,0,0,0.41729026,0,0,19.99999996,19.99999996
5.07,1.027582784,0,0,0.4174562777,0,0,19.99999996,19.99999996
5.075,1.029670479,0,0,0.4176217807,0,0,19.99999996,19.99999996
5.08,1.031759001,0,0,0.4177867708,0,0,19.99999996,19.99999996
5.085,1.033848346,0,0,0.4179512492,0,0,19.99999996,19.99999996
5.09,1.035938512,0,0,0.4181152176,0,0,19.99999996,19.99999996
5.095,1.038029497,0,0,0.4182786773,0,0,19.99999996,19.99999996
5.1,1.040121298,0,0,0.4184416299,0,0,19.99999996,19.99999996
5.105,1.042213913,0,0,0.4186040768,0,0,19.99999996,19.99999996
5.11,1.044307338,0,0,0.4187660195,0,0,19.99999997,19.99999997
5.115,1.046401572,0,0,0.4189274594,0,0,19.99999997,19.99999997
5.12,1.048496612,0,0,0.4190883981,0,0,19.99999997,19.99999997
5.125,1.050592455,0,0,0.4192488369,0,0,19.99999997,19.99999997
5.13,1.052689099,0,0,0.4194087773,0,0,19.99999997,19.99999997
5.135,1.054786542,0,0,0.4195682207,0,0,19.99999997,19.99999997
5.14,1.056884781,0,0,0.4197271686,0,0,19.99999997,19.99999997
5.145,1.058983813,0,0,0.4198856225,0,0,19.99999997,19.99999997
5.15,1.061083636,0,0,0.4200435837,0,0,19.99999997,19.99999997
5.155,1.063184248,0,0,0.4202010537,0,0,19.99999997,19.99999997
5.16,1.065285646,0,0,0.4203580339,0,0,19.99999997,19.99999997
5.165,1.067387827,0,0,0.4205145258,0,0,19.99999997,19.99999997
5.17,1.06949079,0,0,0.4206705307,0,0,19.99999997,19.99999997
5.175,1.071594532,0,0,0.4208260502,0,0,19.99999997,19.99999997
5.18,1.07369905,0,0,0.4209810855,0,0,19.99999998,19.99999998
5.185,1.075804342,0,0,0.4211356381,0,0,19.99999998,19.99999998
5.19,1.077910406,0,0,0.4212897095,0,0,19.99999998,19.99999998
5.195,1.080017238,0,0,0.421443301,0,0,19.99999998,19.99999998
5.2,1.082124838,0,0,0.4215964139,0,0,19.99999998,19.99999998
5.205,1.084233202,0,0,0.4217490499,0,0,19.99999998,19.99999998
5.21,1.086342328,0,0,0.4219012101,0,0,19.99999998,19.99999998
5.215,1.088452213,0,0,0.422052896,0,0,19.99999998,19.99999998
5.22,1.090562856,0,0,0.422204109,0,0,19.99999998,19.99999998
5.225,1.092674253,0,0,0.4223548505,0,0,19.99999998,19.99999998
5.23,1.094786403,0,0,0.4225051218,0,0,19.99999998,19.99999998
5.235,1.096899304,0,0,0.4226549243,0,0,19.99999998,19.99999998
5.24,1.099012952,0,0,0.4228042595,0,0,19.99999998,19.99999998
5.245,1.101127346,0,0,0.4229531286,0,0,19.99999998,19.99999998
5.25,1.103242482,0,0,0.423101533,0,0,19.99999998,19.99999998
5.255,1.10535836,0,0,0.4232494742,0,0,19.99999998,19.99999998
5.26,1.107474976,0,0,0.4233969533,0,0,19.99999998,19.99999998
5.265,1.109592329,0,0,0.4235439719,0,0,19.99999998,19.99999998
5.27,1.111710415,0,0,0.4236905313,0,0,19.99999998,19.99999998
5.275,1.113829233,0,0,0.4238366327,0,0,19.99999998,19.99999998
5.28,1.115948781,0,0,0.4239822776,0,0,19.99999999,19.99999999
5.285,1.118069055,0,0,0.4241274673,0,0,19.99999999,19.99999999
5.29,1.120190055,0,0,0.4242722032,0,0,19.99999999,19.99999999
5.295,1.122311777,0,0,0.4244164864,0,0,19.99999999,19.99999999
5.3,1.124434219,0,0,0.4245603185,0,0,19.99999999,19.99999999
5.305,1.126557379,0,0,0.4247037008,0,0,19.99999999,19.99999999
5.31,1.128681255,0,0,0.4248466344,0,0,19.99999999,19.99999999
5.315,1.130805845,0,0,0.4249891209,0,0,19.99999999,19.99999999
5.32,1.132931146,0,0,0.4251311614,0,0,19.99999999,19.99999999
5.325,1.135057156,0,0,0.4252727573,0,0,19.99999999,19.99999999
5.33,1.137183872,0,0,0.42541391,0,0,19.99999999,19.99999999
5.335,1.139311294,0,0,0.4255546207,0,0,19.99999999,19.99999999
5.34,1.141439418,0,0,0.4256948907,0,0,19.99999999,19.99999999
5.345,1.143568242,0,0,0.4258347213,0,0,19.99999999,19.99999999
5.35,1.145697764,0,0,0.4259741138,0,0,19.99999999,19.99999999
5.355,1.147827983,0,0,0.4261130696,0,0,19.99999999,19.99999999
5.36,1.149958894,0,0,0.4262515899,0,0,19.99999999,19.99999999
5.365,1.152090498,0,0,0.426389676,0,0,19.99999999,19.99999999
5.37,1.15422279,0,0,0.4265273292,0,0,19.99999999,19.99999999
5.375,1.15635577,0,0,0.4266645507,0,0,19.99999999,19.99999999
5.38,1.158489435,0,0,0.4268013419,0,0,19.99999999,19.99999999
5.385,1.160623783,0,0,0.426937704,0,0,19.99999999,19.99999999
5.39,1.162758812,0,0,0.4270736383,0,0,19.99999999,19.99999999
5.395,1.164894519,0,0,0.4272091461,0,0,19.99999999,19.99999999
5.4,1.167030902,0,0,0.4273442285,0,0,19.99999999,19.99999999
5.405,1.16916796,0,0,0.427478887,0,0,19.99999999,19.99999999
5.41,1.17130569,0,0,0.4276131227,0,0,19.99999999,19.99999999
5.415,1.173444091,0,0,0.4277469369,0,0,19.99999999,19.99999999
5.42,1.175583159,0,0,0.4278803309,0,0,19.99999999,19.99999999
5.425,1.177722893,0,0,0.4280133058,0,0,19.99999999,19.99999999
5.43,1.179863291,0,0,0.428145863,0,0,19.99999999,19.99999999
5.435,1.182004351,0,0,0.4282780037,0,0,19.99999999,19.99999999
5.44,1.184146071,0,0,0.4284097291,0,0,19.99999999,19.99999999
5.445,1.186288448,0,0,0.4285410405,0,0,19.99999999,19.99999999
5.45,1.188431481,0,0,0.428671939,0,0,19.99999999,19.99999999
5.455,1.190575167,0,0,0.428802426,0,0,19.99999999,19.99999999
5.46,1.192719504,0,0,0.4289325026,0,0,19.99999999,19.99999999
5.465,1.194864491,0,0,0.4290621701,0,0,19.99999999,19.99999999
5.47,1.197010125,0,0,0.4291914297,0,0,19.99999999,19.99999999
5.475,1.199156405,0,0,0.4293202826,0,0,19.99999999,19.99999999
5.48,1.201303327,0,0,0.42944873,0,0,19.99999999,19.99999999
5.485,1.203450891,0,0,0.4295767731,0,0,19.99999999,19.99999999
5.49,1.205599094,0,0,0.4297044132,0,0,19.99999999,19.99999999
5.495,1.207747935,0,0,0.4298316514,0,0,19.99999999,19.99999999
5.5,1.20989741,0,0,0.4299584889,0,0,20,20
5.505,1.212047519,0,0,0.430084927,0,0,20,20
5.51,1.214198259,0,0,0.4302109668,0,0,20,20
5.515,1.216349628,0,0,0.4303366095,0,0,20,20
5.52,1.218501624,0,0,0.4304618564,0,0,20,20
5.525,1.220654246,0,0,0.4305867085,0,0,20,20
5.53,1.222807491,0,0,0.4307111671,0,0,20,20
5.535,1.224961357,0,0,0.4308352334,0,0,20,20
5.54,1.227115842,0,0,0.4309589085,0,0,20,20
5.545,1.229270945,0,0,0.4310821935,0,0,20,20
5.55,1.231426664,0,0,0.4312050898,0,0,20,20
5.555,1.233582996,0,0,0.4313275984,0,0,20,20
5.56,1.235739939,0,0,0.4314497204,0,0,20,20
5.565,1.237897492,0,0,0.4315714572,0,0,20,20
5.57,1.240055653,0,0,0.4316928097,0,0,20,20
5.575,1.24221442,0,0,0.4318137793,0,0,20,20
5.58,1.24437379,0,0,0.4319343669,0,0,20,20
5.585,1.246533763,0,0,0.4320545738,0,0,20,20
5.59,1.248694335,0,0,0.4321744011,0,0,20,20
5.595,1.250855506,0,0,0.4322938499,0,0,20,20
5.6,1.253017273,0,0,0.4324129215,0,0,20,20
5.605,1.255179635,0,0,0.4325316168,0,0,20,20
5.61,1.257342589,0,0,0.4326499372,0,0,20,20
5.615,1.259506133,0,0,0.4327678836,0,0,20,20
5.62,1.261670267,0,0,0.4328854572,0,0,20,20
5.625,1.263834987,0,0,0.4330026591,0,0,20,20
5.63,1.266000293,0,0,0.4331194905,0,0,20,20
5.635,1.268166182,0,0,0.4332359525,0,0,20,20
5.64,1.270332652,0,0,0.4333520461,0,0,20,20
5.645,1.272499701,0,0,0.4334677725,0,0,20,20
5.65,1.274667329,0,0,0.4335831329,0,0,20,20
5.655,1.276835532,0,0,0.4336981282,0,0,20,20
5.66,1.279004309,0,0,0.4338127597,0,0,20,20
5.665,1.281173659,0,0,0.4339270283,0,0,20,20
5.67,1.283343579,0,0,0.4340409353,0,0,20,20
5.675,1.285514068,0,0,0.4341544816,0,0,20,20
5.68,1.287685123,0,0,0.4342676685,0,0,20,20
5.685,1.289856744,0,0,0.4343804969,0,0,20,20
5.69,1.292028928,0,0,0.4344929679,0,0,20,20
5.695,1.294201673,0,0,0.4346050827,0,0,20,20
5.7,1.296374978,0,0,0.4347168423,0,0,20,20
5.705,1.298548841,0,0,0.4348282478,0,0,20,20
5.71,1.30072326,0,0,0.4349393003,0,0,20,20
5.715,1.302898233,0,0,0.4350500008,0,0,20,20
5.72,1.305073759,0,0,0.4351603504,0,0,20,20
5.725,1.307249836,0,0,0.4352703502,0,0,20,20
5.73,1.309426462,0,0,0.4353800011,0,0,20,20
5.735,1.311603636,0,0,0.4354893044,0,0,20,20
5.74,1.313781355,0,0,0.435598261,0,0,20,20
5.745,1.315959618,0,0,0.435706872,0,0,20,20
5.75,1.318138423,0,0,0.4358151384,0,0,20,20
5.755,1.320317768,0,0,0.4359230613,0,0,20,20
5.76,1.322497653,0,0,0.4360306417,0,0,20,20
5.765,1.324678074,0,0,0.4361378807,0,0,20,20
5.77,1.326859031,0,0,0.4362447793,0,0,20,20
5.775,1.329040522,0,0,0.4363513385,0,0,20,20
5.78,1.331222544,0,0,0.4364575594,0,0,20,20
5.785,1.333405097,0,0,0.436563443,0,0,20,20
5.79,1.335588178,0,0,0.4366689903,0,0,20,20
5.795,1.337771786,0,0,0.4367742024,0,0,20,20
5.8,1.339955919,0,0,0.4368790802,0,0,20,20
5.805,1.342140576,0,0,0.4369836248,0,0,20,20
5.81,1.344325755,0,0,0.4370878373,0,0,20,20
5.815,1.346511454,0,0,0.4371917185,0,0,20,20
5.82,1.348697672,0,0,0.4372952695,0,0,20,20
5.825,1.350884406,0,0,0.4373984914,0,0,20,20
5.83,1.353071656,0,0,0.4375013851,0,0,20,20
5.835,1.355259419,0,0,0.4376039517,0,0,20,20
5.84,1.357447695,0,0,0.4377061921,0,0,20,20
5.845,1.359636481,0,0,0.4378081073,0,0,20,20
5.85,1.361825775,0,0,0.4379096983,0,0,20,20
5.855,1.364015577,0,0,0.4380109661,0,0,20,20
5.86,1.366205885,0,0,0.4381119118,0,0,20,20
5.865,1.368396696,0,0,0.4382125362,0,0,20,20
5.87,1.370588009,0,0,0.4383128403,0,0,20,20
5.875,1.372779824,0,0,0.4384128252,0,0,20,20
5.88,1.374972137,0,0,0.4385124919,0,0,20,20
5.885,1.377164948,0,0,0.4386118412,0,0,20,20
5.89,1.379358255,0,0,0.4387108742,0,0,20,20
5.895,1.381552056,0,0,0.4388095918,0,0,20,20
5.9,1.38374635,0,0,0.438907995,0,0,20,20
5.905,1.385941136,0,0,0.4390060847,0,0,20,20
5.91,1.388136411,0,0,0.439103862,0,0,20,20
5.915,1.390332174,0,0,0.4392013277,0,0,20,20
5.92,1.392528424,0,0,0.4392984829,0,0,20,20
5.925,1.394725158,0,0,0.4393953284,0,0,20,20
5.93,1.396922376,0,0,0.4394918653,0,0,20,20
5.935,1.399120076,0,0,0.4395880945,0,0,20,20
5.94,1.401318257,0,0,0.4396840168,0,0,20,20
5.945,1.403516916,0,0,0.4397796334,0,0,20,20
5.95,1.405716053,0,0,0.439874945,0,0,20,20
5.955,1.407915665,0,0,0.4399699527,0,0,20,20
5.96,1.410115752,0,0,0.4400646573,0,0,20,20
5.965,1.412316311,0,0,0.4401590598,0,0,20,20
5.97,1.414517342,0,0,0.4402531612,0,0,20,20
5.975,1.416718842,0,0,0.4403469623,0,0,20,20
5.98,1.418920811,0,0,0.4404404641,0,0,20,20
5.985,1.421123246,0,0,0.4405336674,0,0,20,20
5.99,1.423326147,0,0,0.4406265733,0,0,20,20
5.995,1.425529511,0,0,0.4407191826,0,0,20,20
6,1.427733338,0,0,0.4408114963,0,0,20,20
6.005,1.429937626,0,0,0.4409035152,0,0,20,20
6.01,1.432142373,0,0,0.4409952403,0,0,20,20
6.015,1.434347578,0,0,0.4410866724,0,0,20,20
6.02,1.436553239,0,0,0.4411778125,0,0,20,20
6.025,1.438759356,0,0,0.4412686614,0,0,20,20
6.03,1.440965925,0,0,0.4413592201,0,0,20,20
6.035,1.443172947,0,0,0.4414494895,0,0,20,20
6.04,1.44538042,0,0,0.4415394703,0,0,20,20
6.045,1.447588341,0,0,0.4416291637,0,0,20,20
6.05,1.449796711,0,0,0.4417185703,0,0,20,20
6.055,1.452005527,0,0,0.4418076912,0,0,20,20
6.06,1.454214787,0,0,0.4418965271,0,0,20,20
6.065,1.456424491,0,0,0.4419850791,0,0,20,20
6.07,1.458634638,0,0,0.4420733478,0,0,20,20
6.075,1.460845224,0,0,0.4421613343,0,0,20,20
6.08,1.463056251,0,0,0.4422490393,0,0,20,20
6.085,1.465267714,0,0,0.4423364639,0,0,20,20
6.09,1.467479615,0,0,0.4424236087,0,0,20,20
6.095,1.46969195,0,0,0.4425104747,0,0,20,20
6.1,1.471904719,0,0,0.4425970628,0,0,20,20
6.105,1.47411792,0,0,0.4426833738,0,0,20,20
6.11,1.476331552,0,0,0.4427694086,0,0,20,20
6.115,1.478545614,0,0,0.442855168,0,0,20,20
6.12,1.480760103,0,0,0.4429406528,0,0,20,20
6.125,1.48297502,0,0,0.443025864,0,0,20,20
6.13,1.485190362,0,0,0.4431108024,0,0,20,20
6.135,1.487406127,0,0,0.4431954687,0,0,20,20
6.14,1.489622316,0,0,0.4432798639,0,0,20,20
6.145,1.491838926,0,0,0.4433639889,0,0,20,20
6.15,1.494055955,0,0,0.4434478443,0,0,20,20
6.155,1.496273404,0,0,0.4435314311,0,0,20,20
6.16,1.498491269,0,0,0.4436147502,0,0,20,20
6.165,1.500709551,0,0,0.4436978022,0,0,20,20
6.17,1.502928247,0,0,0.4437805881,0,0,20,20
6.175,1.505147356,0,0,0.4438631087,0,0,20,20
6.18,1.507366877,0,0,0.4439453648,0,0,20,20
6.185,1.509586809,0,0,0.4440273572,0,0,20,20
6.19,1.511807151,0,0,0.4441090868,0,0,20,20
6.195,1.5140279,0,0,0.4441905544,0,0,20,20
6.2,1.516249056,0,0,0.4442717607,0,0,20,20
6.205,1.518470617,0,0,0.4443527066,0,0,20,20
6.21,1.520692582,0,0,0.4444333929,0,0,20,20
6.215,1.52291495,0,0,0.4445138204,0,0,20,20
6.22,1.52513772,0,0,0.4445939899,0,0,20,20
6.225,1.52736089,0,0,0.4446739022,0,0,20,20
6.23,1.529584459,0,0,0.4447535581,0,0,20,20
6.235,1.531808425,0,0,0.4448329585,0,0,20,20
6.24,1.534032788,0,0,0.444912104,0,0,20,20
6.245,1.536257546,0,0,0.4449909955,0,0,20,20
6.25,1.538482697,0,0,0.4450696338,0,0,20,20
6.255,1.540708242,0,0,0.4451480197,0,0,20,20
6.26,1.542934177,0,0,0.4452261539,0,0,20,20
6.265,1.545160503,0,0,0.4453040373,0,0,20,20
6.27,1.547387217,0,0,0.4453816706,0,0,20,20
6.275,1.549614319,0,0,0.4454590546,0,0,20,20
6.28,1.551841807,0,0,0.4455361901,0,0,20,20
6.285,1.554069681,0,0,0.4456130778,0,0,20,20
6.29,1.556297938,0,0,0.4456897185,0,0,20,20
6.295,1.558526577,0,0,0.445766113,0,0,20,20
6.3,1.560755598,0,0,0.4458422621,0,0,20,20
6.305,1.562985,0,0,0.4459181666,0,0,20,20
6.31,1.56521478,0,0,0.4459938271,0,0,20,20
6.315,1.567444937,0,0,0.4460692444,0,0,20,20
6.32,1.569675472,0,0,0.4461444194,0,0,20,20
6.325,1.571906381,0,0,0.4462193527,0,0,20,20
6.33,1.574137665,0,0,0.4462940451,0,0,20,20
6.335,1.576369321,0,0,0.4463684975,0,0,20,20
6.34,1.578601349,0,0,0.4464427104,0,0,20,20
6.345,1.580833748,0,0,0.4465166847,0,0,20,20
6.35,1.583066516,0,0,0.4465904211,0,0,20,20
6.355,1.585299652,0,0,0.4466639204,0,0,20,20
6.36,1.587533155,0,0,0.4467371832,0,0,20,20
6.365,1.589767023,0,0,0.4468102105,0,0,20,20
6.37,1.592001256,0,0,0.4468830027,0,0,20,20
6.375,1.594235853,0,0,0.4469555608,0,0,20,20
6.38,1.596470812,0,0,0.4470278854,0,0,20,20
6.385,1.598706131,0,0,0.4470999773,0,0,20,20
6.39,1.600941811,0,0,0.4471718372,0,0,20,20
6.395,1.603177849,0,0,0.4472434658,0,0,20,20
6.4,1.605414245,0,0,0.4473148639,0,0,20,20
6.405,1.607650998,0,0,0.4473860321,0,0,20,20
6.41,1.609888105,0,0,0.4474569712,0,0,20,20
6.415,1.612125567,0,0,0.447527682,0,0,20,20
6.42,1.614363382,0,0,0.447598165,0,0,20,20
6.425,1.616601548,0,0,0.4476684211,0,0,20,20
6.43,1.618840065,0,0,0.4477384509,0,0,20,20
6.435,1.621078932,0,0,0.4478082552,0,0,20,20
6.44,1.623318148,0,0,0.4478778347,0,0,20,20
6.445,1.62555771,0,0,0.44794719,0,0,20,20
6.45,1.627797619,0,0,0.4480163218,0,0,20,20
6.455,1.630037873,0,0,0.448085231,0,0,20,20
6.46,1.632278471,0,0,0.4481539181,0,0,20,20
6.465,1.634519412,0,0,0.4482223839,0,0,20,20
6.47,1.636760695,0,0,0.448290629,0,0,20,20
6.475,1.639002318,0,0,0.4483586542,0,0,20,20
6.48,1.641244281,0,0,0.4484264601,0,0,20,20
6.485,1.643486582,0,0,0.4484940475,0,0,20,20
6.49,1.645729221,0,0,0.448561417,0,0,20,20
6.495,1.647972196,0,0,0.4486285693,0,0,20,20
6.5,1.650215506,0,0,0.448695505,0,0,20,20
6.505,1.652459151,0,0,0.448762225,0,0,20,20
6.51,1.654703128,0,0,0.4488287297,0,0,20,20
6.515,1.656947437,0,0,0.44889502,0,0,20,20
6.52,1.659192078,0,0,0.4489610965,0,0,20,20
6.525,1.661437048,0,0,0.4490269598,0,0,20,20
6.53,1.663682347,0,0,0.4490926107,0,0,20,20
6.535,1.665927974,0,0,0.4491580498,0,0,20,20
6.54,1.668173927,0,0,0.4492232777,0,0,20,20
6.545,1.670420206,0,0,0.4492882952,0,0,20,20
6.55,1.67266681,0,0,0.4493531028,0,0,20,20
6.555,1.674913737,0,0,0.4494177013,0,0,20,20
6.56,1.677160987,0,0,0.4494820914,0,0,20,20
6.565,1.679408558,0,0,0.4495462736,0,0,20,20
6.57,1.681656449,0,0,0.4496102486,0,0,20,20
6.575,1.68390466,0,0,0.4496740171,0,0,20,20
6.58,1.686153189,0,0,0.4497375797,0,0,20,20
6.585,1.688402035,0,0,0.4498009371,0,0,20,20
6.59,1.690651198,0,0,0.4498640899,0,0,20,20
6.595,1.692900676,0,0,0.4499270388,0,0,20,20
6.6,1.695150468,0,0,0.4499897844,0,0,20,20
6.605,1.697400573,0,0,0.4500523273,0,0,20,20
6.61,1.699650991,0,0,0.4501146683,0,0,20,20
6.615,1.70190172,0,0,0.4501768078,0,0,20,20
6.62,1.704152759,0,0,0.4502387466,0,0,20,20
6.625,1.706404107,0,0,0.4503004853,0,0,20,20
6.63,1.708655763,0,0,0.4503620246,0,0,20,20
6.635,1.710907727,0,0,0.4504233649,0,0,20,20
6.64,1.713159996,0,0,0.4504845071,0,0,20,20
6.645,1.715412571,0,0,0.4505454517,0,0,20,20
6.65,1.717665451,0,0,0.4506061993,0,0,20,20
6.655,1.719918633,0,0,0.4506667505,0,0,20,20
6.66,1.722172118,0,0,0.450727106,0,0,20,20
6.665,1.724425904,0,0,0.4507872664,0,0,20,20
6.67,1.72667999,0,0,0.4508472323,0,0,20,20
6.675,1.728934376,0,0,0.4509070044,0,0,20,20
6.68,1.73118906,0,0,0.4509665831,0,0,20,20
6.685,1.733444041,0,0,0.4510259693,0,0,20,20
6.69,1.735699319,0,0,0.4510851633,0,0,20,20
6.695,1.737954893,0,0,0.4511441659,0,0,20,20
6.7,1.74021076,0,0,0.4512029777,0,0,20,20
6.705,1.742466922,0,0,0.4512615993,0,0,20,20
6.71,1.744723376,0,0,0.4513200312,0,0,20,20
6.715,1.746980122,0,0,0.4513782741,0,0,20,20
6.72,1.749237159,0,0,0.4514363285,0,0,20,20
6.725,1.751494485,0,0,0.4514941952,0,0,20,20
6.73,1.7537521,0,0,0.4515518745,0,0,20,20
6.735,1.756010003,0,0,0.4516093673,0,0,20,20
6.74,1.758268194,0,0,0.4516666739,0,0,20,20
6.745,1.76052667,0,0,0.4517237951,0,0,20,20
6.75,1.762785431,0,0,0.4517807314,0,0,20,20
6.755,1.765044477,0,0,0.4518374835,0,0,20,20
6.76,1.767303806,0,0,0.4518940518,0,0,20,20
6.765,1.769563417,0,0,0.4519504369,0,0,20,20
6.77,1.77182331,0,0,0.4520066396,0,0,20,20
6.775,1.774083483,0,0,0.4520626602,0,0,20,20
6.78,1.776343936,0,0,0.4521184994,0,0,20,20
6.785,1.778604668,0,0,0.4521741579,0,0,20,20
6.79,1.780865677,0,0,0.452229636,0,0,20,20
6.795,1.783126964,0,0,0.4522849345,0,0,20,20
6.8,1.785388526,0,0,0.4523400539,0,0,20,20
6.805,1.787650364,0,0,0.4523949948,0,0,20,20
6.81,1.789912476,0,0,0.4524497576,0,0,20,20
6.815,1.792174861,0,0,0.4525043431,0,0,20,20
6.82,1.794437519,0,0,0.4525587517,0,0,20,20
6.825,1.796700449,0,0,0.4526129841,0,0,20,20
6.83,1.798963649,0,0,0.4526670407,0,0,20,20
6.835,1.801227119,0,0,0.4527209221,0,0,20,20
6.84,1.803490858,0,0,0.4527746289,0,0,20,20
6.845,1.805754865,0,0,0.4528281617,0,0,20,20
6.85,1.808019139,0,0,0.452881521,0,0,20,20
6.855,1.81028368,0,0,0.4529347073,0,0,20,20
6.86,1.812548486,0,0,0.4529877212,0,0,20,20
6.865,1.814813557,0,0,0.4530405632,0,0,20,20
6.87,1.817078891,0,0,0.4530932339,0,0,20,20
6.875,1.819344489,0,0,0.4531457339,0,0,20,20
6.88,1.821610348,0,0,0.4531980636,0,0,20,20
6.885,1.823876469,0,0,0.4532502237,0,0,20,20
6.89,1.82614285,0,0,0.4533022146,0,0,20,20
6.895,1.828409491,0,0,0.4533540369,0,0,20,20
6.9,1.83067639,0,0,0.4534056911,0,0,20,20
6.905,1.832943548,0,0,0.4534571778,0,0,20,20
6.91,1.835210962,0,0,0.4535084975,0,0,20,20
6.915,1.837478632,0,0,0.4535596507,0,0,20,20
6.92,1.839746558,0,0,0.453610638,0,0,20,20
6.925,1.842014738,0,0,0.4536614599,0,0,20,20
6.93,1.844283172,0,0,0.4537121168,0,0,20,20
6.935,1.846551859,0,0,0.4537626095,0,0,20,20
6.94,1.848820798,0,0,0.4538129382,0,0,20,20
6.945,1.851089988,0,0,0.4538631037,0,0,20,20
6.95,1.853359429,0,0,0.4539131063,0,0,20,20
6.955,1.855629119,0,0,0.4539629467,0,0,20,20
6.96,1.857899058,0,0,0.4540126253,0,0,20,20
6.965,1.860169245,0,0,0.4540621426,0,0,20,20
6.97,1.862439679,0,0,0.4541114992,0,0,20,20
6.975,1.86471036,0,0,0.4541606956,0,0,20,20
6.98,1.866981286,0,0,0.4542097323,0,0,20,20
6.985,1.869252457,0,0,0.4542586098,0,0,20,20
6.99,1.871523872,0,0,0.4543073285,0,0,20,20
6.995,1.87379553,0,0,0.4543558891,0,0,20,20
7,1.87606743,0,0,0.454404292,0,0,20,20
7.005,1.878339573,0,0,0.4544525377,0,0,20,20
7.01,1.880611956,0,0,0.4545006267,0,0,20,20
7.015,1.882884579,0,0,0.4545485596,0,0,20,20
7.02,1.885157441,0,0,0.4545963367,0,0,20,20
7.025,1.887430542,0,0,0.4546439587,0,0,20,20
7.03,1.88970388,0,0,0.4546914259,0,0,20,20
7.035,1.891977456,0,0,0.454738739,0,0,20,20
7.04,1.894251267,0,0,0.4547858984,0,0,20,20
7.045,1.896525314,0,0,0.4548329045,0,0,20,20
7.05,1.898799596,0,0,0.4548797579,0,0,20,20
7.055,1.901074112,0,0,0.4549264591,0,0,20,20
7.06,1.90334886,0,0,0.4549730085,0,0,20,20
7.065,1.905623842,0,0,0.4550194066,0,0,20,20
7.07,1.907899054,0,0,0.455065654,0,0,20,20
7.075,1.910174498,0,0,0.455111751,0,0,20,20
7.08,1.912450172,0,0,0.4551576982,0,0,20,20
7.085,1.914726075,0,0,0.4552034961,0,0,20,20
7.09,1.917002206,0,0,0.4552491451,0,0,20,20
7.095,1.919278566,0,0,0.4552946457,0,0,20,20
7.1,1.921555152,0,0,0.4553399983,0,0,20,20
7.105,1.923831966,0,0,0.4553852036,0,0,20,20
7.11,1.926109004,0,0,0.4554302618,0,0,20,20
7.115,1.928386268,0,0,0.4554751735,0,0,20,20
7.12,1.930663756,0,0,0.4555199392,0,0,20,20
7.125,1.932941467,0,0,0.4555645594,0,0,20,20
7.13,1.935219401,0,0,0.4556090344,0,0,20,20
7.135,1.937497557,0,0,0.4556533647,0,0,20,20
7.14,1.939775935,0,0,0.4556975509,0,0,20,20
7.145,1.942054532,0,0,0.4557415934,0,0,20,20
7.15,1.94433335,0,0,0.4557854926,0,0,20,20
7.155,1.946612387,0,0,0.455829249,0,0,20,20
7.16,1.948891642,0,0,0.4558728631,0,0,20,20
7.165,1.951171116,0,0,0.4559163352,0,0,20,20
7.17,1.953450806,0,0,0.455959666,0,0,20,20
7.175,1.955730712,0,0,0.4560028557,0,0,20,20
7.18,1.958010834,0,0,0.4560459049,0,0,20,20
7.185,1.960291171,0,0,0.456088814,0,0,20,20
7.19,1.962571722,0,0,0.4561315835,0,0,20,20
7.195,1.964852486,0,0,0.4561742138,0,0,20,20
7.2,1.967133464,0,0,0.4562167054,0,0,20,20
7.205,1.969414653,0,0,0.4562590587,0,0,20,20
7.21,1.971696054,0,0,0.4563012741,0,0,20,20
7.215,1.973977666,0,0,0.4563433521,0,0,20,20
7.22,1.976259487,0,0,0.4563852931,0,0,20,20
7.225,1.978541518,0,0,0.4564270976,0,0,20,20
7.23,1.980823758,0,0,0.456468766,0,0,20,20
7.235,1.983106206,0,0,0.4565102988,0,0,20,20
7.24,1.985388861,0,0,0.4565516963,0,0,20,20
7.245,1.987671723,0,0,0.456592959,0,0,20,20
7.25,1.98995479,0,0,0.4566340874,0,0,20,20
7.255,1.992238063,0,0,0.4566750818,0,0,20,20
7.26,1.994521541,0,0,0.4567159427,0,0,20,20
7.265,1.996805222,0,0,0.4567566706,0,0,20,20
7.27,1.999089107,0,0,0.4567972658,0,0,20,20
7.275,2.001373195,0,0,0.4568377288,0,0,20,20
7.28,2.003657484,0,0,0.45687806,0,0,20,20
7.285,2.005941975,0,0,0.4569182599,0,0,20,20
7.29,2.008226667,0,0,0.4569583287,0,0,20,20
7.295,2.010511558,0,0,0.4569982671,0,0,20,20
7.3,2.012796649,0,0,0.4570380753,0,0,20,20
7.305,2.015081939,0,0,0.4570777539,0,0,20,20
7.31,2.017367427,0,0,0.4571173031,0,0,20,20
7.315,2.019653112,0,0,0.4571567235,0,0,20,20
7.32,2.021938994,0,0,0.4571960155,0,0,20,20
7.325,2.024225072,0,0,0.4572351794,0,0,20,20
7.33,2.026511345,0,0,0.4572742157,0,0,20,20
7.335,2.028797814,0,0,0.4573131247,0,0,20,20
7.34,2.031084476,0,0,0.457351907,0,0,20,20
7.345,2.033371332,0,0,0.4573905628,0,0,20,20
7.35,2.035658382,0,0,0.4574290927,0,0,20,20
7.355,2.037945623,0,0,0.457467497,0,0,20,20
7.36,2.040233056,0,0,0.4575057761,0,0,20,20
7.365,2.042520681,0,0,0.4575439304,0,0,20,20
7.37,2.044808495,0,0,0.4575819603,0,0,20,20
7.375,2.0470965,0,0,0.4576198662,0,0,20,20
7.38,2.049384694,0,0,0.4576576486,0,0,20,20
7.385,2.051673076,0,0,0.4576953077,0,0,20,20
7.39,2.053961647,0,0,0.4577328441,0,0,20,20
7.395,2.056250405,0,0,0.4577702581,0,0,20,20
7.4,2.058539349,0,0,0.45780755,0,0,20,20
7.405,2.06082848,0,0,0.4578447204,0,0,20,20
7.41,2.063117796,0,0,0.4578817695,0,0,20,20
7.415,2.065407297,0,0,0.4579186978,0,0,20,20
7.42,2.067696983,0,0,0.4579555057,0,0,20,20
7.425,2.069986852,0,0,0.4579921935,0,0,20,20
7.43,2.072276905,0,0,0.4580287616,0,0,20,20
7.435,2.07456714,0,0,0.4580652105,0,0,20,20
7.44,2.076857557,0,0,0.4581015404,0,0,20,20
7.445,2.079148155,0,0,0.4581377518,0,0,20,20
7.45,2.081438934,0,0,0.4581738451,0,0,20,20
7.455,2.083729893,0,0,0.4582098207,0,0,20,20
7.46,2.086021032,0,0,0.4582456788,0,0,20,20
7.465,2.08831235,0,0,0.45828142,0,0,20,20
7.47,2.090603846,0,0,0.4583170446,0,0,20,20
7.475,2.09289552,0,0,0.4583525528,0,0,20,20
7.48,2.095187371,0,0,0.4583879453,0,0,20,20
7.485,2.097479399,0,0,0.4584232222,0,0,20,20
7.49,2.099771603,0,0,0.458458384,0,0,20,20
7.495,2.102063983,0,0,0.458493431,0,0,20,20
7.5,2.104356537,0,0,0.4585283637,0,0,20,20
7.505,2.106649266,0,0,0.4585631823,0,0,20,20
7.51,2.108942169,0,0,0.4585978873,0,0,20,20
7.515,2.111235245,0,0,0.458632479,0,0,20,20
7.52,2.113528494,0,0,0.4586669578,0,0,20,20
7.525,2.115821914,0,0,0.458701324,0,0,20,20
7.53,2.118115507,0,0,0.458735578,0,0,20,20
7.535,2.12040927,0,0,0.4587697202,0,0,20,20
7.54,2.122703204,0,0,0.4588037509,0,0,20,20
7.545,2.124997307,0,0,0.4588376705,0,0,20,20
7.55,2.12729158,0,0,0.4588714794,0,0,20,20
7.555,2.129586022,0,0,0.4589051778,0,0,20,20
7.56,2.131880632,0,0,0.4589387662,0,0,20,20
7.565,2.134175409,0,0,0.458972245,0,0,20,20
7.57,2.136470354,0,0,0.4590056144,0,0,20,20
7.575,2.138765465,0,0,0.4590388748,0,0,20,20
7.58,2.141060743,0,0,0.4590720266,0,0,20,20
7.585,2.143356185,0,0,0.4591050701,0,0,20,20
7.59,2.145651793,0,0,0.4591380056,0,0,20,20
7.595,2.147947565,0,0,0.4591708336,0,0,20,20
7.6,2.150243501,0,0,0.4592035544,0,0,20,20
7.605,2.152539601,0,0,0.4592361683,0,0,20,20
7.61,2.154835863,0,0,0.4592686756,0,0,20,20
7.615,2.157132287,0,0,0.4593010767,0,0,20,20
7.62,2.159428873,0,0,0.459333372,0,0,20,20
7.625,2.161725621,0,0,0.4593655618,0,0,20,20
7.63,2.164022529,0,0,0.4593976464,0,0,20,20
7.635,2.166319597,0,0,0.4594296261,0,0,20,20
7.64,2.168616825,0,0,0.4594615014,0,0,20,20
7.645,2.170914212,0,0,0.4594932725,0,0,20,20
7.65,2.173211758,0,0,0.4595249397,0,0,20,20
7.655,2.175509461,0,0,0.4595565035,0,0,20,20
7.66,2.177807322,0,0,0.4595879642,0,0,20,20
7.665,2.180105341,0,0,0.459619322,0,0,20,20
7.67,2.182403515,0,0,0.4596505773,0,0,20,20
7.675,2.184701846,0,0,0.4596817305,0,0,20,20
7.68,2.187000333,0,0,0.4597127818,0,0,20,20
7.685,2.189298974,0,0,0.4597437317,0,0,20,20
7.69,2.19159777,0,0,0.4597745803,0,0,20,20
7.695,2.19389672,0,0,0.4598053282,0,0,20,20
7.7,2.196195823,0,0,0.4598359755,0,0,20,20
7.705,2.198495079,0,0,0.4598665226,0,0,20,20
7.71,2.200794488,0,0,0.4598969698,0,0,20,20
7.715,2.203094049,0,0,0.4599273175,0,0,20,20
7.72,2.205393761,0,0,0.459957566,0,0,20,20
7.725,2.207693624,0,0,0.4599877156,0,0,20,20
7.73,2.209993638,0,0,0.4600177666,0,0,20,20
7.735,2.212293802,0,0,0.4600477193,0,0,20,20
7.74,2.214594115,0,0,0.4600775741,0,0,20,20
7.745,2.216894577,0,0,0.4601073313,0,0,20,20
7.75,2.219195188,0,0,0.4601369911,0,0,20,20
7.755,2.221495947,0,0,0.4601665539,0,0,20,20
7.76,2.223796853,0,0,0.4601960201,0,0,20,20
7.765,2.226097907,0,0,0.4602253899,0,0,20,20
7.77,2.228399107,0,0,0.4602546636,0,0,20,20
7.775,2.230700453,0,0,0.4602838416,0,0,20,20
7.78,2.233001945,0,0,0.4603129241,0,0,20,20
7.785,2.235303583,0,0,0.4603419115,0,0,20,20
7.79,2.237605364,0,0,0.460370804,0,0,20,20
7.795,2.23990729,0,0,0.4603996021,0,0,20,20
7.8,2.24220936,0,0,0.4604283059,0,0,20,20
7.805,2.244511573,0,0,0.4604569159,0,0,20,20
7.81,2.246813929,0,0,0.4604854322,0,0,20,20
7.815,2.249116428,0,0,0.4605138552,0,0,20,20
7.82,2.251419068,0,0,0.4605421853,0,0,20,20
7.825,2.253721849,0,0,0.4605704226,0,0,20,20
7.83,2.256024772,0,0,0.4605985675,0,0,20,20
7.835,2.258327835,0,0,0.4606266204,0,0,20,20
7.84,2.260631038,0,0,0.4606545814,0,0,20,20
7.845,2.26293438,0,0,0.4606824509,0,0,20,20
7.85,2.265237862,0,0,0.4607102293,0,0,20,20
7.855,2.267541483,0,0,0.4607379167,0,0,20,20
7.86,2.269845241,0,0,0.4607655135,0,0,20,20
7.865,2.272149138,0,0,0.46079302,0,0,20,20
7.87,2.274453171,0,0,0.4608204364,0,0,20,20
7.875,2.276757342,0,0,0.4608477631,0,0,20,20
7.88,2.279061649,0,0,0.4608750004,0,0,20,20
7.885,2.281366092,0,0,0.4609021485,0,0,20,20
7.89,2.28367067,0,0,0.4609292078,0,0,20,20
7.895,2.285975384,0,0,0.4609561784,0,0,20,20
7.9,2.288280232,0,0,0.4609830608,0,0,20,20
7.905,2.290585214,0,0,0.4610098551,0,0,20,20
7.91,2.29289033,0,0,0.4610365618,0,0,20,20
7.915,2.295195579,0,0,0.461063181,0,0,20,20
7.92,2.297500962,0,0,0.461089713,0,0,20,20
7.925,2.299806476,0,0,0.4611161582,0,0,20,20
7.93,2.302112123,0,0,0.4611425168,0,0,20,20
7.935,2.304417901,0,0,0.461168789,0,0,20,20
7.94,2.306723811,0,0,0.4611949753,0,0,20,20
7.945,2.309029851,0,0,0.4612210758,0,0,20,20
7.95,2.311336022,0,0,0.4612470908,0,0,20,20
7.955,2.313642322,0,0,0.4612730206,0,0,20,20
7.96,2.315948752,0,0,0.4612988655,0,0,20,20
7.965,2.31825531,0,0,0.4613246258,0,0,20,20
7.97,2.320561998,0,0,0.4613503017,0,0,20,20
7.975,2.322868813,0,0,0.4613758934,0,0,20,20
7.98,2.325175757,0,0,0.4614014014,0,0,20,20
7.985,2.327482827,0,0,0.4614268258,0,0,20,20
7.99,2.329790025,0,0,0.461452167,0,0,20,20
7.995,2.332097349,0,0,0.4614774251,0,0,20,20
8,2.334404799,0,0,0.4615026005,0,0,20,20
8.005,2.336712375,0,0,0.4615276934,0,0,20,20
8.01,2.339020076,0,0,0.4615527041,0,0,20,20
8.015,2.341327901,0,0,0.4615776329,0,0,20,20
8.02,2.343635852,0,0,0.46160248,0,0,20,20
8.025,2.345943926,0,0,0.4616272457,0,0,20,20
8.03,2.348252124,0,0,0.4616519303,0,0,20,20
8.035,2.350560445,0,0,0.4616765339,0,0,20,20
8.04,2.352868889,0,0,0.461701057,0,0,20,20
8.045,2.355177456,0,0,0.4617254997,0,0,20,20
8.05,2.357486144,0,0,0.4617498623,0,0,20,20
8.055,2.359794954,0,0,0.4617741451,0,0,20,20
8.06,2.362103885,0,0,0.4617983483,0,0,20,20
8.065,2.364412938,0,0,0.4618224722,0,0,20,20
8.07,2.36672211,0,0,0.461846517,0,0,20,20
8.075,2.369031403,0,0,0.4618704831,0,0,20,20
8.08,2.371340815,0,0,0.4618943705,0,0,20,20
8.085,2.373650346,0,0,0.4619181797,0,0,20,20
8.09,2.375959996,0,0,0.4619419109,0,0,20,20
8.095,2.378269765,0,0,0.4619655643,0,0,20,20
8.1,2.380579652,0,0,0.4619891401,0,0,20,20
8.105,2.382889656,0,0,0.4620126387,0,0,20,20
8.11,2.385199778,0,0,0.4620360602,0,0,20,20
8.115,2.387510017,0,0,0.462059405,0,0,20,20
8.12,2.389820372,0,0,0.4620826732,0,0,20,20
8.125,2.392130843,0,0,0.4621058652,0,0,20,20
8.13,2.394441431,0,0,0.4621289811,0,0,20,20
8.135,2.396752133,0,0,0.4621520213,0,0,20,20
8.14,2.399062951,0,0,0.4621749859,0,0,20,20
8.145,2.401373883,0,0,0.4621978752,0,0,20,20
8.15,2.403684929,0,0,0.4622206895,0,0,20,20
8.155,2.40599609,0,0,0.462243429,0,0,20,20
8.16,2.408307364,0,0,0.4622660939,0,0,20,20
8.165,2.41061875,0,0,0.4622886845,0,0,20,20
8.17,2.41293025,0,0,0.462311201,0,0,20,20
8.175,2.415241862,0,0,0.4623336437,0,0,20,20
8.18,2.417553587,0,0,0.4623560128,0,0,20,20
8.185,2.419865422,0,0,0.4623783085,0,0,20,20
8.19,2.42217737,0,0,0.4624005311,0,0,20,20
8.195,2.424489428,0,0,0.4624226808,0,0,20,20
8.2,2.426801596,0,0,0.4624447579,0,0,20,20
8.205,2.429113875,0,0,0.4624667626,0,0,20,20
8.21,2.431426264,0,0,0.4624886951,0,0,20,20
8.215,2.433738762,0,0,0.4625105557,0,0,20,20
8.22,2.436051369,0,0,0.4625323446,0,0,20,20
8.225,2.438364085,0,0,0.462554062,0,0,20,20
8.23,2.44067691,0,0,0.4625757082,0,0,20,20
8.235,2.442989842,0,0,0.4625972834,0,0,20,20
8.24,2.445302882,0,0,0.4626187878,0,0,20,20
8.245,2.44761603,0,0,0.4626402217,0,0,20,20
8.25,2.449929284,0,0,0.4626615852,0,0,20,20
8.255,2.452242646,0,0,0.4626828787,0,0,20,20
8.26,2.454556113,0,0,0.4627041023,0,0,20,20
8.265,2.456869687,0,0,0.4627252563,0,0,20,20
8.27,2.459183366,0,0,0.4627463409,0,0,20,20
8.275,2.46149715,0,0,0.4627673563,0,0,20,20
8.28,2.463811039,0,0,0.4627883027,0,0,20,20
8.285,2.466125033,0,0,0.4628091804,0,0,20,20
8.29,2.468439131,0,0,0.4628299897,0,0,20,20
8.295,2.470753333,0,0,0.4628507306,0,0,20,20
8.3,2.473067638,0,0,0.4628714035,0,0,20,20
8.305,2.475382046,0,0,0.4628920086,0,0,20,20
8.31,2.477696558,0,0,0.462912546,0,0,20,20
8.315,2.480011172,0,0,0.462933016,0,0,20,20
8.32,2.482325888,0,0,0.4629534189,0,0,20,20
8.325,2.484640706,0,0,0.4629737548,0,0,20,20
8.33,2.486955625,0,0,0.462994024,0,0,20,20
8.335,2.489270646,0,0,0.4630142266,0,0,20,20
8.34,2.491585768,0,0,0.463034363,0,0,20,20
8.345,2.49390099,0,0,0.4630544333,0,0,20,20
8.35,2.496216312,0,0,0.4630744376,0,0,20,20
8.355,2.498531734,0,0,0.4630943764,0,0,20,20
8.36,2.500847255,0,0,0.4631142497,0,0,20,20
8.365,2.503162876,0,0,0.4631340577,0,0,20,20
8.37,2.505478596,0,0,0.4631538008,0,0,20,20
8.375,2.507794414,0,0,0.463173479,0,0,20,20
8.38,2.510110331,0,0,0.4631930926,0,0,20,20
8.385,2.512426345,0,0,0.4632126419,0,0,20,20
8.39,2.514742457,0,0,0.4632321269,0,0,20,20
8.395,2.517058666,0,0,0.4632515481,0,0,20,20
8.4,2.519374972,0,0,0.4632709054,0,0,20,20
8.405,2.521691375,0,0,0.4632901992,0,0,20,20
8.41,2.524007874,0,0,0.4633094297,0,0,20,20
8.415,2.526324469,0,0,0.463328597,0,0,20,20
8.42,2.52864116,0,0,0.4633477014,0,0,20,20
8.425,2.530957946,0,0,0.463366743,0,0,20,20
8.43,2.533274827,0,0,0.4633857222,0,0,20,20
8.435,2.535591803,0,0,0.463404639,0,0,20,20
8.44,2.537908874,0,0,0.4634234937,0,0,20,20
8.445,2.540226038,0,0,0.4634422865,0,0,20,20
8.45,2.542543296,0,0,0.4634610176,0,0,20,20
8.455,2.544860648,0,0,0.4634796872,0,0,20,20
8.46,2.547178093,0,0,0.4634982955,0,0,20,20
8.465,2.549495631,0,0,0.4635168427,0,0,20,20
8.47,2.551813261,0,0,0.4635353289,0,0,20,20
8.475,2.554130984,0,0,0.4635537545,0,0,20,20
8.48,2.556448799,0,0,0.4635721195,0,0,20,20
8.485,2.558766705,0,0,0.4635904243,0,0,20,20
8.49,2.561084703,0,0,0.4636086689,0,0,20,20
8.495,2.563402792,0,0,0.4636268536,0,0,20,20
8.5,2.565720971,0,0,0.4636449785,0,0,20,20
8.505,2.568039242,0,0,0.463663044,0,0,20,20
8.51,2.570357602,0,0,0.4636810501,0,0,20,20
8.515,2.572676052,0,0,0.463698997,0,0,20,20
8.52,2.574994592,0,0,0.463716885,0,0,20,20
8.525,2.577313221,0,0,0.4637347143,0,0,20,20
8.53,2.579631939,0,0,0.4637524849,0,0,20,20
8.535,2.581950745,0,0,0.4637701972,0,0,20,20
8.54,2.584269641,0,0,0.4637878514,0,0,20,20
8.545,2.586588624,0,0,0.4638054475,0,0,20,20
8.55,2.588907695,0,0,0.4638229858,0,0,20,20
8.555,2.591226854,0,0,0.4638404665,0,0,20,20
8.56,2.5935461,0,0,0.4638578898,0,0,20,20
8.565,2.595865432,0,0,0.4638752558,0,0,20,20
8.57,2.598184852,0,0,0.4638925648,0,0,20,20
8.575,2.600504358,0,0,0.4639098169,0,0,20,20
8.58,2.60282395,0,0,0.4639270123,0,0,20,20
8.585,2.605143628,0,0,0.4639441513,0,0,20,20
8.59,2.607463392,0,0,0.4639612339,0,0,20,20
8.595,2.60978324,0,0,0.4639782604,0,0,20,20
8.6,2.612103174,0,0,0.4639952309,0,0,20,20
8.605,2.614423192,0,0,0.4640121457,0,0,20,20
8.61,2.616743295,0,0,0.4640290049,0,0,20,20
8.615,2.619063482,0,0,0.4640458087,0,0,20,20
8.62,2.621383753,0,0,0.4640625573,0,0,20,20
8.625,2.623704108,0,0,0.4640792508,0,0,20,20
8.63,2.626024546,0,0,0.4640958895,0,0,20,20
8.635,2.628345067,0,0,0.4641124735,0,0,20,20
8.64,2.63066567,0,0,0.464129003,0,0,20,20
8.645,2.632986357,0,0,0.4641454782,0,0,20,20
8.65,2.635307125,0,0,0.4641618992,0,0,20,20
8.655,2.637627976,0,0,0.4641782663,0,0,20,20
8.66,2.639948908,0,0,0.4641945795,0,0,20,20
8.665,2.642269921,0,0,0.4642108392,0,0,20,20
8.67,2.644591016,0,0,0.4642270454,0,0,20,20
8.675,2.646912192,0,0,0.4642431984,0,0,20,20
8.68,2.649233448,0,0,0.4642592982,0,0,20,20
8.685,2.651554785,0,0,0.4642753451,0,0,20,20
8.69,2.653876201,0,0,0.4642913393,0,0,20,20
8.695,2.656197698,0,0,0.4643072809,0,0,20,20
8.7,2.658519274,0,0,0.4643231702,0,0,20,20
8.705,2.660840929,0,0,0.4643390071,0,0,20,20
8.71,2.663162664,0,0,0.4643547921,0,0,20,20
8.715,2.665484477,0,0,0.4643705251,0,0,20,20
8.72,2.667806369,0,0,0.4643862064,0,0,20,20
8.725,2.670128339,0,0,0.4644018362,0,0,20,20
8.73,2.672450387,0,0,0.4644174146,0,0,20,20
8.735,2.674772513,0,0,0.4644329417,0,0,20,20
8.74,2.677094717,0,0,0.4644484178,0,0,20,20
8.745,2.679416997,0,0,0.4644638431,0,0,20,20
8.75,2.681739355,0,0,0.4644792176,0,0,20,20
8.755,2.68406179,0,0,0.4644945416,0,0,20,20
8.76,2.6863843,0,0,0.4645098151,0,0,20,20
8.765,2.688706888,0,0,0.4645250385,0,0,20,20
8.77,2.691029551,0,0,0.4645402118,0,0,20,20
8.775,2.69335229,0,0,0.4645553352,0,0,20,20
8.78,2.695675104,0,0,0.4645704089,0,0,20,20
8.785,2.697997994,0,0,0.4645854331,0,0,20,20
8.79,2.700320958,0,0,0.4646004078,0,0,20,20
8.795,2.702643998,0,0,0.4646153333,0,0,20,20
8.8,2.704967111,0,0,0.4646302097,0,0,20,20
8.805,2.7072903,0,0,0.4646450372,0,0,20,20
8.81,2.709613562,0,0,0.4646598159,0,0,20,20
8.815,2.711936898,0,0,0.464674546,0,0,20,20
8.82,2.714260307,0,0,0.4646892277,0,0,20,20
8.825,2.71658379,0,0,0.4647038611,0,0,20,20
8.83,2.718907346,0,0,0.4647184464,0,0,20,20
8.835,2.721230974,0,0,0.4647329837,0,0,20,20
8.84,2.723554675,0,0,0.4647474732,0,0,20,20
8.845,2.725878449,0,0,0.464761915,0,0,20,20
8.85,2.728202295,0,0,0.4647763094,0,0,20,20
8.855,2.730526212,0,0,0.4647906564,0,0,20,20
8.86,2.732850201,0,0,0.4648049562,0,0,20,20
8.865,2.735174261,0,0,0.464819209,0,0,20,20
8.87,2.737498393,0,0,0.4648334149,0,0,20,20
8.875,2.739822596,0,0,0.464847574,0,0,20,20
8.88,2.742146869,0,0,0.4648616866,0,0,20,20
8.885,2.744471212,0,0,0.4648757528,0,0,20,20
8.89,2.746795626,0,0,0.4648897727,0,0,20,20
8.895,2.74912011,0,0,0.4649037465,0,0,20,20
8.9,2.751444664,0,0,0.4649176743,0,0,20,20
8.905,2.753769287,0,0,0.4649315563,0,0,20,20
8.91,2.756093979,0,0,0.4649453927,0,0,20,20
8.915,2.75841874,0,0,0.4649591835,0,0,20,20
8.92,2.760743571,0,0,0.4649729289,0,0,20,20
8.925,2.76306847,0,0,0.4649866292,0,0,20,20
8.93,2.765393437,0,0,0.4650002843,0,0,20,20
8.935,2.767718472,0,0,0.4650138946,0,0,20,20
8.94,2.770043576,0,0,0.46502746,0,0,20,20
8.945,2.772368747,0,0,0.4650409808,0,0,20,20
8.95,2.774693986,0,0,0.4650544572,0,0,20,20
8.955,2.777019291,0,0,0.4650678892,0,0,20,20
8.96,2.779344664,0,0,0.465081277,0,0,20,20
8.965,2.781670104,0,0,0.4650946208,0,0,20,20
8.97,2.783995611,0,0,0.4651079206,0,0,20,20
8.975,2.786321183,0,0,0.4651211767,0,0,20,20
8.98,2.788646822,0,0,0.4651343892,0,0,20,20
8.985,2.790972527,0,0,0.4651475582,0,0,20,20
8.99,2.793298298,0,0,0.4651606839,0,0,20,20
8.995,2.795624134,0,0,0.4651737664,0,0,20,20
9,2.797950035,0,0,0.4651868058,0,0,20,20
9.005,2.800276002,0,0,0.4651998023,0,0,20,20
9.01,2.802602033,0,0,0.4652127561,0,0,20,20
9.015,2.804928129,0,0,0.4652256672,0,0,20,20
9.02,2.80725429,0,0,0.4652385358,0,0,20,20
9.025,2.809580515,0,0,0.4652513621,0,0,20,20
9.03,2.811906803,0,0,0.4652641462,0,0,20,20
9.035,2.814233156,0,0,0.4652768882,0,0,20,20
9.04,2.816559572,0,0,0.4652895883,0,0,20,20
9.045,2.818886052,0,0,0.4653022466,0,0,20,20
9.05,2.821212595,0,0,0.4653148632,0,0,20,20
9.055,2.8235392,0,0,0.4653274383,0,0,20,20
9.06,2.825865869,0,0,0.465339972,0,0,20,20
9.065,2.8281926,0,0,0.4653524644,0,0,20,20
9.07,2.830519394,0,0,0.4653649158,0,0,20,20
9.075,2.832846249,0,0,0.4653773261,0,0,20,20
9.08,2.835173167,0,0,0.4653896956,0,0,20,20
9.085,2.837500146,0,0,0.4654020244,0,0,20,20
9.09,2.839827187,0,0,0.4654143126,0,0,20,20
9.095,2.842154289,0,0,0.4654265604,0,0,20,20
9.1,2.844481452,0,0,0.4654387679,0,0,20,20
9.105,2.846808677,0,0,0.4654509351,0,0,20,20
9.11,2.849135962,0,0,0.4654630623,0,0,20,20
9.115,2.851463307,0,0,0.4654751496,0,0,20,20
9.12,2.853790713,0,0,0.4654871972,0,0,20,20
9.125,2.856118179,0,0,0.465499205,0,0,20,20
9.13,2.858445705,0,0,0.4655111733,0,0,20,20
9.135,2.860773291,0,0,0.4655231022,0,0,20,20
9.14,2.863100936,0,0,0.4655349919,0,0,20,20
9.145,2.865428641,0,0,0.4655468424,0,0,20,20
9.15,2.867756404,0,0,0.4655586539,0,0,20,20
9.155,2.870084227,0,0,0.4655704265,0,0,20,20
9.16,2.872412109,0,0,0.4655821604,0,0,20,20
9.165,2.874740049,0,0,0.4655938556,0,0,20,20
9.17,2.877068047,0,0,0.4656055123,0,0,20,20
9.175,2.879396104,0,0,0.4656171306,0,0,20,20
9.18,2.881724218,0,0,0.4656287107,0,0,20,20
9.185,2.884052391,0,0,0.4656402527,0,0,20,20
9.19,2.886380621,0,0,0.4656517567,0,0,20,20
9.195,2.888708908,0,0,0.4656632227,0,0,20,20
9.2,2.891037253,0,0,0.4656746511,0,0,20,20
9.205,2.893365655,0,0,0.4656860418,0,0,20,20
9.21,2.895694113,0,0,0.465697395,0,0,20,20
9.215,2.898022629,0,0,0.4657087108,0,0,20,20
9.22,2.9003512,0,0,0.4657199893,0,0,20,20
9.225,2.902679828,0,0,0.4657312308,0,0,20,20
9.23,2.905008513,0,0,0.4657424352,0,0,20,20
9.235,2.907337253,0,0,0.4657536027,0,0,20,20
9.24,2.909666049,0,0,0.4657647334,0,0,20,20
9.245,2.9119949,0,0,0.4657758275,0,0,20,20
9.25,2.914323807,0,0,0.465786885,0,0,20,20
9.255,2.916652769,0,0,0.4657979061,0,0,20,20
9.26,2.918981786,0,0,0.465808891,0,0,20,20
9.265,2.921310858,0,0,0.4658198396,0,0,20,20
9.27,2.923639984,0,0,0.4658307522,0,0,20,20
9.275,2.925969165,0,0,0.4658416289,0,0,20,20
9.28,2.9282984,0,0,0.4658524698,0,0,20,20
9.285,2.93062769,0,0,0.4658632749,0,0,20,20
9.29,2.932957033,0,0,0.4658740445,0,0,20,20
9.295,2.93528643,0,0,0.4658847786,0,0,20,20
9.3,2.937615881,0,0,0.4658954773,0,0,20,20
9.305,2.939945385,0,0,0.4659061408,0,0,20,20
9.31,2.942274942,0,0,0.4659167692,0,0,20,20
9.315,2.944604553,0,0,0.4659273626,0,0,20,20
9.32,2.946934216,0,0,0.465937921,0,0,20,20
9.325,2.949263932,0,0,0.4659484448,0,0,20,20
9.33,2.9515937,0,0,0.4659589338,0,0,20,20
9.335,2.953923521,0,0,0.4659693883,0,0,20,20
9.34,2.956253394,0,0,0.4659798084,0,0,20,20
9.345,2.958583319,0,0,0.4659901941,0,0,20,20
9.35,2.960913296,0,0,0.4660005456,0,0,20,20
9.355,2.963243324,0,0,0.4660108631,0,0,20,20
9.36,2.965573404,0,0,0.4660211465,0,0,20,20
9.365,2.967903536,0,0,0.4660313961,0,0,20,20
9.37,2.970233718,0,0,0.4660416119,0,0,20,20
9.375,2.972563952,0,0,0.4660517941,0,0,20,20
9.38,2.974894236,0,0,0.4660619427,0,0,20,20
9.385,2.977224571,0,0,0.4660720579,0,0,20,20
9.39,2.979554957,0,0,0.4660821398,0,0,20,20
9.395,2.981885393,0,0,0.4660921884,0,0,20,20
9.4,2.984215879,0,0,0.466102204,0,0,20,20
9.405,2.986546415,0,0,0.4661121865,0,0,20,20
9.41,2.988877,0,0,0.4661221362,0,0,20,20
9.415,2.991207636,0,0,0.4661320531,0,0,20,20
9.42,2.993538321,0,0,0.4661419373,0,0,20,20
9.425,2.995869055,0,0,0.466151789,0,0,20,20
9.43,2.998199839,0,0,0.4661616082,0,0,20,20
9.435,3.000530671,0,0,0.4661713951,0,0,20,20
9.44,3.002861553,0,0,0.4661811497,0,0,20,20
9.445,3.005192483,0,0,0.4661908721,0,0,20,20
9.45,3.007523461,0,0,0.4662005626,0,0,20,20
9.455,3.009854488,0,0,0.4662102211,0,0,20,20
9.46,3.012185563,0,0,0.4662198478,0,0,20,20
9.465,3.014516687,0,0,0.4662294427,0,0,20,20
9.47,3.016847858,0,0,0.4662390061,0,0,20,20
9.475,3.019179077,0,0,0.466248538,0,0,20,20
9.48,3.021510343,0,0,0.4662580384,0,0,20,20
9.485,3.023841657,0,0,0.4662675075,0,0,20,20
9.49,3.026173018,0,0,0.4662769455,0,0,20,20
9.495,3.028504426,0,0,0.4662863523,0,0,20,20
9.5,3.030835882,0,0,0.4662957282,0,0,20,20
9.505,3.033167384,0,0,0.4663050731,0,0,20,20
9.51,3.035498932,0,0,0.4663143873,0,0,20,20
9.515,3.037830527,0,0,0.4663236707,0,0,20,20
9.52,3.040162169,0,0,0.4663329236,0,0,20,20
9.525,3.042493857,0,0,0.466342146,0,0,20,20
9.53,3.04482559,0,0,0.466351338,0,0,20,20
9.535,3.04715737,0,0,0.4663604997,0,0,20,20
9.54,3.049489195,0,0,0.4663696312,0,0,20,20
9.545,3.051821066,0,0,0.4663787326,0,0,20,20
9.55,3.054152983,0,0,0.466387804,0,0,20,20
9.555,3.056484944,0,0,0.4663968455,0,0,20,20
9.56,3.058816951,0,0,0.4664058573,0,0,20,20
9.565,3.061149003,0,0,0.4664148393,0,0,20,20
9.57,3.063481099,0,0,0.4664237918,0,0,20,20
9.575,3.065813241,0,0,0.4664327147,0,0,20,20
9.58,3.068145426,0,0,0.4664416082,0,0,20,20
9.585,3.070477657,0,0,0.4664504724,0,0,20,20
9.59,3.072809931,0,0,0.4664593074,0,0,20,20
9.595,3.07514225,0,0,0.4664681133,0,0,20,20
9.6,3.077474612,0,0,0.4664768902,0,0,20,20
9.605,3.079807019,0,0,0.4664856381,0,0,20,20
9.61,3.082139469,0,0,0.4664943572,0,0,20,20
9.615,3.084471962,0,0,0.4665030475,0,0,20,20
9.62,3.086804499,0,0,0.4665117093,0,0,20,20
9.625,3.089137079,0,0,0.4665203424,0,0,20,20
9.63,3.091469702,0,0,0.4665289472,0,0,20,20
9.635,3.093802369,0,0,0.4665375235,0,0,20,20
9.64,3.096135078,0,0,0.4665460716,0,0,20,20
9.645,3.098467829,0,0,0.4665545915,0,0,20,20
9.65,3.100800623,0,0,0.4665630833,0,0,20,20
9.655,3.10313346,0,0,0.4665715472,0,0,20,20
9.66,3.105466339,0,0,0.4665799831,0,0,20,20
9.665,3.10779926,0,0,0.4665883912,0,0,20,20
9.67,3.110132223,0,0,0.4665967717,0,0,20,20
9.675,3.112465227,0,0,0.4666051244,0,0,20,20
9.68,3.114798274,0,0,0.4666134497,0,0,20,20
9.685,3.117131362,0,0,0.4666217475,0,0,20,20
9.69,3.119464491,0,0,0.466630018,0,0,20,20
9.695,3.121797662,0,0,0.4666382612,0,0,20,20
9.7,3.124130874,0,0,0.4666464772,0,0,20,20
9.705,3.126464127,0,0,0.4666546661,0,0,20,20
9.71,3.12879742,0,0,0.4666628281,0,0,20,20
9.715,3.131130755,0,0,0.4666709631,0,0,20,20
9.72,3.13346413,0,0,0.4666790713,0,0,20,20
9.725,3.135797546,0,0,0.4666871528,0,0,20,20
9.73,3.138131002,0,0,0.4666952077,0,0,20,20
9.735,3.140464498,0,0,0.466703236,0,0,20,20
9.74,3.142798034,0,0,0.4667112378,0,0,20,20
9.745,3.14513161,0,0,0.4667192133,0,0,20,20
9.75,3.147465226,0,0,0.4667271624,0,0,20,20
9.755,3.149798882,0,0,0.4667350854,0,0,20,20
9.76,3.152132577,0,0,0.4667429822,0,0,20,20
9.765,3.154466311,0,0,0.466750853,0,0,20,20
9.77,3.156800085,0,0,0.4667586978,0,0,20,20
9.775,3.159133898,0,0,0.4667665168,0,0,20,20
9.78,3.16146775,0,0,0.46677431,0,0,20,20
9.785,3.163801641,0,0,0.4667820775,0,0,20,20
9.79,3.166135571,0,0,0.4667898194,0,0,20,20
9.795,3.16846954,0,0,0.4667975358,0,0,20,20
9.8,3.170803546,0,0,0.4668052267,0,0,20,20
9.805,3.173137592,0,0,0.4668128923,0,0,20,20
9.81,3.175471675,0,0,0.4668205325,0,0,20,20
9.815,3.177805797,0,0,0.4668281477,0,0,20,20
9.82,3.180139957,0,0,0.4668357376,0,0,20,20
9.825,3.182474154,0,0,0.4668433026,0,0,20,20
9.83,3.18480839,0,0,0.4668508426,0,0,20,20
9.835,3.187142663,0,0,0.4668583578,0,0,20,20
9.84,3.189476973,0,0,0.4668658482,0,0,20,20
9.845,3.191811321,0,0,0.4668733139,0,0,20,20
9.85,3.194145706,0,0,0.4668807549,0,0,20,20
9.855,3.196480129,0,0,0.4668881715,0,0,20,20
9.86,3.198814588,0,0,0.4668955635,0,0,20,20
9.865,3.201149084,0,0,0.4669029312,0,0,20,20
9.87,3.203483617,0,0,0.4669102746,0,0,20,20
9.875,3.205818187,0,0,0.4669175938,0,0,20,20
9.88,3.208152793,0,0,0.4669248889,0,0,20,20
9.885,3.210487436,0,0,0.4669321599,0,0,20,20
9.89,3.212822115,0,0,0.4669394069,0,0,20,20
9.895,3.21515683,0,0,0.46694663,0,0,20,20
9.9,3.217491581,0,0,0.4669538293,0,0,20,20
9.905,3.219826368,0,0,0.4669610048,0,0,20,20
9.91,3.222161191,0,0,0.4669681567,0,0,20,20
9.915,3.22449605,0,0,0.466975285,0,0,20,20
9.92,3.226830944,0,0,0.4669823898,0,0,20,20
9.925,3.229165874,0,0,0.4669894712,0,0,20,20
9.93,3.231500839,0,0,0.4669965292,0,0,20,20
9.935,3.233835839,0,0,0.467003564,0,0,20,20
9.94,3.236170874,0,0,0.4670105755,0,0,20,20
9.945,3.238505944,0,0,0.4670175639,0,0,20,20
9.95,3.24084105,0,0,0.4670245293,0,0,20,20
9.955,3.24317619,0,0,0.4670314717,0,0,20,20
9.96,3.245511364,0,0,0.4670383912,0,0,20,20
9.965,3.247846574,0,0,0.4670452879,0,0,20,20
9.97,3.250181817,0,0,0.4670521618,0,0,20,20
9.975,3.252517095,0,0,0.4670590131,0,0,20,20
9.98,3.254852407,0,0,0.4670658417,0,0,20,20
9.985,3.257187754,0,0,0.4670726479,0,0,20,20
9.99,3.259523134,0,0,0.4670794316,0,0,20,20
9.995,3.261858548,0,0,0.4670861929,0,0,20,20
10,3.264193996,0,0,0.4670929319,0,0,20,20
10.005,3.266529477,0,0,0.4670996487,0,0,20,20
10.01,3.268864992,0,0,0.4671063433,0,0,20,20
10.015,3.271200541,0,0,0.4671130159,0,0,20,20
10.02,3.273536122,0,0,0.4671196664,0,0,20,20
10.025,3.275871737,0,0,0.467126295,0,0,20,20
10.03,3.278207385,0,0,0.4671329018,0,0,20,20
10.035,3.280543066,0,0,0.4671394868,0,0,20,20
10.04,3.28287878,0,0,0.46714605,0,0,20,20
10.045,3.285214527,0,0,0.4671525916,0,0,20,20
10.05,3.287550306,0,0,0.4671591116,0,0,20,20
10.055,3.289886118,0,0,0.4671656101,0,0,20,20
10.06,3.292221962,0,0,0.4671720872,0,0,20,20
10.065,3.294557839,0,0,0.4671785429,0,0,20,20
10.07,3.296893747,0,0,0.4671849773,0,0,20,20
10.075,3.299229688,0,0,0.4671913904,0,0,20,20
10.08,3.301565661,0,0,0.4671977825,0,0,20,20
10.085,3.303901666,0,0,0.4672041534,0,0,20,20
10.09,3.306237703,0,0,0.4672105033,0,0,20,20
10.095,3.308573771,0,0,0.4672168323,0,0,20,20
10.1,3.310909871,0,0,0.4672231404,0,0,20,20
10.105,3.313246002,0,0,0.4672294277,0,0,20,20
10.11,3.315582165,0,0,0.4672356942,0,0,20,20
10.115,3.317918359,0,0,0.4672419401,0,0,20,20
10.12,3.320254585,0,0,0.4672481654,0,0,20,20
10.125,3.322590841,0,0,0.4672543701,0,0,20,20
10.13,3.324927128,0,0,0.4672605544,0,0,20,20
10.135,3.327263446,0,0,0.4672667183,0,0,20,20
10.14,3.329599795,0,0,0.4672728618,0,0,20,20
10.145,3.331936175,0,0,0.467278985,0,0,20,20
10.15,3.334272585,0,0,0.4672850881,0,0,20,20
10.155,3.336609026,0,0,0.467291171,0,0,20,20
10.16,3.338945497,0,0,0.4672972339,0,0,20,20
10.165,3.341281998,0,0,0.4673032767,0,0,20,20
10.17,3.34361853,0,0,0.4673092997,0,0,20,20
10.175,3.345955091,0,0,0.4673153027,0,0,20,20
10.18,3.348291683,0,0,0.467321286,0,0,20,20
10.185,3.350628304,0,0,0.4673272495,0,0,20,20
10.19,3.352964955,0,0,0.4673331933,0,0,20,20
10.195,3.355301636,0,0,0.4673391175,0,0,20,20
10.2,3.357638346,0,0,0.4673450222,0,0,20,20
10.205,3.359975086,0,0,0.4673509074,0,0,20,20
10.21,3.362311855,0,0,0.4673567732,0,0,20,20
10.215,3.364648654,0,0,0.4673626196,0,0,20,20
10.22,3.366985481,0,0,0.4673684467,0,0,20,20
10.225,3.369322338,0,0,0.4673742546,0,0,20,20
10.23,3.371659224,0,0,0.4673800434,0,0,20,20
10.235,3.373996139,0,0,0.467385813,0,0,20,20
10.24,3.376333082,0,0,0.4673915636,0,0,20,20
10.245,3.378670054,0,0,0.4673972952,0,0,20,20
10.25,3.381007055,0,0,0.467403008,0,0,20,20
10.255,3.383344084,0,0,0.4674087018,0,0,20,20
10.26,3.385681142,0,0,0.4674143769,0,0,20,20
10.265,3.388018228,0,0,0.4674200333,0,0,20,20
10.27,3.390355342,0,0,0.467425671,0,0,20,20
10.275,3.392692485,0,0,0.4674312901,0,0,20,20
10.28,3.395029655,0,0,0.4674368906,0,0,20,20
10.285,3.397366854,0,0,0.4674424727,0,0,20,20
10.29,3.39970408,0,0,0.4674480363,0,0,20,20
10.295,3.402041334,0,0,0.4674535816,0,0,20,20
10.3,3.404378616,0,0,0.4674591086,0,0,20,20
10.305,3.406715925,0,0,0.4674646174,0,0,20,20
10.31,3.409053262,0,0,0.467470108,0,0,20,20
10.315,3.411390626,0,0,0.4674755804,0,0,20,20
10.32,3.413728018,0,0,0.4674810348,0,0,20,20
10.325,3.416065436,0,0,0.4674864712,0,0,20,20
10.33,3.418402882,0,0,0.4674918897,0,0,20,20
10.335,3.420740355,0,0,0.4674972903,0,0,20,20
10.34,3.423077855,0,0,0.4675026731,0,0,20,20
10.345,3.425415382,0,0,0.4675080381,0,0,20,20
10.35,3.427752935,0,0,0.4675133854,0,0,20,20
10.355,3.430090516,0,0,0.467518715,0,0,20,20
10.36,3.432428123,0,0,0.4675240271,0,0,20,20
10.365,3.434765756,0,0,0.4675293216,0,0,20,20
10.37,3.437103416,0,0,0.4675345987,0,0,20,20
10.375,3.439441102,0,0,0.4675398583,0,0,20,20
10.38,3.441778814,0,0,0.4675451006,0,0,20,20
10.385,3.444116553,0,0,0.4675503256,0,0,20,20
10.39,3.446454318,0,0,0.4675555333,0,0,20,20
10.395,3.448792108,0,0,0.4675607239,0,0,20,20
10.4,3.451129925,0,0,0.4675658973,0,0,20,20
10.405,3.453467767,0,0,0.4675710537,0,0,20,20
10.41,3.455805635,0,0,0.467576193,0,0,20,20
10.415,3.458143529,0,0,0.4675813154,0,0,20,20
10.42,3.460481448,0,0,0.4675864209,0,0,20,20
10.425,3.462819393,0,0,0.4675915095,0,0,20,20
10.43,3.465157363,0,0,0.4675965813,0,0,20,20
10.435,3.467495359,0,0,0.4676016364,0,0,20,20
10.44,3.46983338,0,0,0.4676066748,0,0,20,20
10.445,3.472171426,0,0,0.4676116966,0,0,20,20
10.45,3.474509497,0,0,0.4676167018,0,0,20,20
10.455,3.476847593,0,0,0.4676216905,0,0,20,20
10.46,3.479185714,0,0,0.4676266627,0,0,20,20
10.465,3.481523859,0,0,0.4676316185,0,0,20,20
10.47,3.48386203,0,0,0.467636558,0,0,20,20
10.475,3.486200225,0,0,0.4676414811,0,0,20,20
10.48,3.488538445,0,0,0.467646388,0,0,20,20
10.485,3.490876689,0,0,0.4676512787,0,0,20,20
10.49,3.493214957,0,0,0.4676561533,0,0,20,20
10.495,3.49555325,0,0,0.4676610118,0,0,20,20
10.5,3.497891567,0,0,0.4676658542,0,0,20,20
10.505,3.500229909,0,0,0.4676706807,0,0,20,20
10.51,3.502568274,0,0,0.4676754912,0,0,20,20
10.515,3.504906664,0,0,0.4676802858,0,0,20,20
10.52,3.507245077,0,0,0.4676850647,0,0,20,20
10.525,3.509583514,0,0,0.4676898277,0,0,20,20
10.53,3.511921975,0,0,0.467694575,0,0,20,20
10.535,3.51426046,0,0,0.4676993067,0,0,20,20
10.54,3.516598968,0,0,0.4677040228,0,0,20,20
10.545,3.5189375,0,0,0.4677087232,0,0,20,20
10.55,3.521276055,0,0,0.4677134082,0,0,20,20
10.555,3.523614634,0,0,0.4677180777,0,0,20,20
10.56,3.525953236,0,0,0.4677227318,0,0,20,20
10.565,3.528291861,0,0,0.4677273705,0,0,20,20
10.57,3.53063051,0,0,0.4677319939,0,0,20,20
10.575,3.532969181,0,0,0.467736602,0,0,20,20
10.58,3.535307876,0,0,0.467741195,0,0,20,20
10.585,3.537646593,0,0,0.4677457728,0,0,20,20
10.59,3.539985334,0,0,0.4677503354,0,0,20,20
10.595,3.542324097,0,0,0.467754883,0,0,20,20
10.6,3.544662882,0,0,0.4677594156,0,0,20,20
10.605,3.547001691,0,0,0.4677639332,0,0,20,20
10.61,3.549340522,0,0,0.467768436,0,0,20,20
10.615,3.551679375,0,0,0.4677729238,0,0,20,20
10.62,3.554018251,0,0,0.4677773969,0,0,20,20
10.625,3.556357149,0,0,0.4677818551,0,0,20,20
10.63,3.558696069,0,0,0.4677862987,0,0,20,20
10.635,3.561035012,0,0,0.4677907276,0,0,20,20
10.64,3.563373977,0,0,0.4677951419,0,0,20,20
10.645,3.565712963,0,0,0.4677995415,0,0,20,20
10.65,3.568051972,0,0,0.4678039267,0,0,20,20
10.655,3.570391003,0,0,0.4678082974,0,0,20,20
10.66,3.572730055,0,0,0.4678126537,0,0,20,20
10.665,3.575069129,0,0,0.4678169956,0,0,20,20
10.67,3.577408225,0,0,0.4678213231,0,0,20,20
10.675,3.579747342,0,0,0.4678256364,0,0,20,20
10.68,3.582086481,0,0,0.4678299354,0,0,20,20
10.685,3.584425642,0,0,0.4678342203,0,0,20,20
10.69,3.586764824,0,0,0.4678384909,0,0,20,20
10.695,3.589104027,0,0,0.4678427475,0,0,20,20
10.7,3.591443251,0,0,0.4678469901,0,0,20,20
10.705,3.593782496,0,0,0.4678512186,0,0,20,20
10.71,3.596121763,0,0,0.4678554332,0,0,20,20
10.715,3.598461051,0,0,0.4678596338,0,0,20,20
10.72,3.600800359,0,0,0.4678638206,0,0,20,20
10.725,3.603139689,0,0,0.4678679936,0,0,20,20
10.73,3.605479039,0,0,0.4678721528,0,0,20,20
10.735,3.60781841,0,0,0.4678762983,0,0,20,20
10.74,3.610157802,0,0,0.46788043,0,0,20,20
10.745,3.612497215,0,0,0.4678845482,0,0,20,20
10.75,3.614836648,0,0,0.4678886527,0,0,20,20
10.755,3.617176101,0,0,0.4678927437,0,0,20,20
10.76,3.619515575,0,0,0.4678968212,0,0,20,20
10.765,3.621855069,0,0,0.4679008852,0,0,20,20
10.77,3.624194584,0,0,0.4679049358,0,0,20,20
10.775,3.626534119,0,0,0.467908973,0,0,20,20
10.78,3.628873674,0,0,0.4679129969,0,0,20,20
10.785,3.631213249,0,0,0.4679170076,0,0,20,20
10.79,3.633552844,0,0,0.4679210049,0,0,20,20
10.795,3.635892459,0,0,0.4679249891,0,0,20,20
10.8,3.638232094,0,0,0.4679289601,0,0,20,20
10.805,3.640571748,0,0,0.467932918,0,0,20,20
10.81,3.642911423,0,0,0.4679368629,0,0,20,20
10.815,3.645251117,0,0,0.4679407947,0,0,20,20
10.82,3.647590831,0,0,0.4679447135,0,0,20,20
10.825,3.649930564,0,0,0.4679486194,0,0,20,20
10.83,3.652270317,0,0,0.4679525124,0,0,20,20
10.835,3.654610089,0,0,0.4679563926,0,0,20,20
10.84,3.656949881,0,0,0.4679602599,0,0,20,20
10.845,3.659289692,0,0,0.4679641145,0,0,20,20
10.85,3.661629522,0,0,0.4679679563,0,0,20,20
10.855,3.663969371,0,0,0.4679717855,0,0,20,20
10.86,3.66630924,0,0,0.467975602,0,0,20,20
10.865,3.668649127,0,0,0.4679794059,0,0,20,20
10.87,3.670989034,0,0,0.4679831972,0,0,20,20
10.875,3.673328959,0,0,0.4679869761,0,0,20,20
10.88,3.675668904,0,0,0.4679907424,0,0,20,20
10.885,3.678008867,0,0,0.4679944963,0,0,20,20
10.89,3.680348848,0,0,0.4679982379,0,0,20,20
10.895,3.682688849,0,0,0.468001967,0,0,20,20
10.9,3.685028868,0,0,0.4680056839,0,0,20,20
10.905,3.687368906,0,0,0.4680093885,0,0,20,20
10.91,3.689708962,0,0,0.4680130808,0,0,20,20
10.915,3.692049037,0,0,0.468016761,0,0,20,20
10.92,3.69438913,0,0,0.468020429,0,0,20,20
10.925,3.696729241,0,0,0.4680240849,0,0,20,20
10.93,3.69906937,0,0,0.4680277287,0,0,20,20
10.935,3.701409518,0,0,0.4680313605,0,0,20,20
10.94,3.703749684,0,0,0.4680349803,0,0,20,20
10.945,3.706089868,0,0,0.4680385881,0,0,20,20
10.95,3.70843007,0,0,0.4680421841,0,0,20,20
10.955,3.71077029,0,0,0.4680457681,0,0,20,20
10.96,3.713110528,0,0,0.4680493403,0,0,20,20
10.965,3.715450783,0,0,0.4680529008,0,0,20,20
10.97,3.717791057,0,0,0.4680564494,0,0,20,20
10.975,3.720131348,0,0,0.4680599864,0,0,20,20
10.98,3.722471656,0,0,0.4680635117,0,0,20,20
10.985,3.724811983,0,0,0.4680670253,0,0,20,20
10.99,3.727152327,0,0,0.4680705273,0,0,20,20
10.995,3.729492688,0,0,0.4680740178,0,0,20,20
11,3.731833067,0,0,0.4680774967,0,0,20,20
11.005,3.734173463,0,0,0.4680809642,0,0,20,20
11.01,3.736513876,0,0,0.4680844202,0,0,20,20
11.015,3.738854307,0,0,0.4680878648,0,0,20,20
11.02,3.741194755,0,0,0.468091298,0,0,20,20
11.025,3.74353522,0,0,0.4680947198,0,0,20,20
11.03,3.745875702,0,0,0.4680981304,0,0,20,20
11.035,3.748216201,0,0,0.4681015297,0,0,20,20
11.04,3.750556717,0,0,0.4681049178,0,0,20,20
11.045,3.75289725,0,0,0.4681082947,0,0,20,20
11.05,3.7552378,0,0,0.4681116604,0,0,20,20
11.055,3.757578367,0,0,0.4681150151,0,0,20,20
11.06,3.759918951,0,0,0.4681183586,0,0,20,20
11.065,3.762259551,0,0,0.4681216911,0,0,20,20
11.07,3.764600167,0,0,0.4681250126,0,0,20,20
11.075,3.766940801,0,0,0.4681283232,0,0,20,20
11.08,3.769281451,0,0,0.4681316228,0,0,20,20
11.085,3.771622117,0,0,0.4681349115,0,0,20,20
11.09,3.7739628,0,0,0.4681381893,0,0,20,20
11.095,3.776303499,0,0,0.4681414563,0,0,20,20
11.1,3.778644214,0,0,0.4681447126,0,0,20,20
11.105,3.780984946,0,0,0.468147958,0,0,20,20
11.11,3.783325694,0,0,0.4681511928,0,0,20,20
11.115,3.785666458,0,0,0.4681544169,0,0,20,20
11.12,3.788007238,0,0,0.4681576303,0,0,20,20
11.125,3.790348034,0,0,0.4681608331,0,0,20,20
11.13,3.792688846,0,0,0.4681640254,0,0,20,20
11.135,3.795029674,0,0,0.4681672071,0,0,20,20
11.14,3.797370518,0,0,0.4681703782,0,0,20,20
11.145,3.799711378,0,0,0.468173539,0,0,20,20
11.15,3.802052254,0,0,0.4681766892,0,0,20,20
11.155,3.804393145,0,0,0.4681798291,0,0,20,20
11.16,3.806734052,0,0,0.4681829586,0,0,20,20
11.165,3.809074975,0,0,0.4681860778,0,0,20,20
11.17,3.811415913,0,0,0.4681891866,0,0,20,20
11.175,3.813756866,0,0,0.4681922852,0,0,20,20
11.18,3.816097836,0,0,0.4681953736,0,0,20,20
11.185,3.81843882,0,0,0.4681984517,0,0,20,20
11.19,3.82077982,0,0,0.4682015197,0,0,20,20
11.195,3.823120835,0,0,0.4682045776,0,0,20,20
11.2,3.825461866,0,0,0.4682076254,0,0,20,20
11.205,3.827802912,0,0,0.4682106631,0,0,20,20
11.21,3.830143972,0,0,0.4682136907,0,0,20,20
11.215,3.832485048,0,0,0.4682167084,0,0,20,20
11.22,3.83482614,0,0,0.4682197161,0,0,20,20
11.225,3.837167246,0,0,0.4682227138,0,0,20,20
11.23,3.839508367,0,0,0.4682257017,0,0,20,20
11.235,3.841849503,0,0,0.4682286797,0,0,20,20
11.24,3.844190653,0,0,0.4682316479,0,0,20,20
11.245,3.846531819,0,0,0.4682346062,0,0,20,20
11.25,3.848872999,0,0,0.4682375548,0,0,20,20
11.255,3.851214195,0,0,0.4682404936,0,0,20,20
11.26,3.853555404,0,0,0.4682434228,0,0,20,20
11.265,3.855896629,0,0,0.4682463422,0,0,20,20
11.27,3.858237868,0,0,0.4682492521,0,0,20,20
11.275,3.860579121,0,0,0.4682521523,0,0,20,20
11.28,3.862920389,0,0,0.4682550429,0,0,20,20
11.285,3.865261672,0,0,0.468257924,0,0,20,20
11.29,3.867602969,0,0,0.4682607956,0,0,20,20
11.295,3.86994428,0,0,0.4682636576,0,0,20,20
11.3,3.872285605,0,0,0.4682665103,0,0,20,20
11.305,3.874626945,0,0,0.4682693535,0,0,20,20
11.31,3.876968299,0,0,0.4682721873,0,0,20,20
11.315,3.879309667,0,0,0.4682750117,0,0,20,20
11.32,3.881651049,0,0,0.4682778269,0,0,20,20
11.325,3.883992445,0,0,0.4682806327,0,0,20,20
11.33,3.886333855,0,0,0.4682834293,0,0,20,20
11.335,3.888675279,0,0,0.4682862166,0,0,20,20
11.34,3.891016717,0,0,0.4682889947,0,0,20,20
11.345,3.893358169,0,0,0.4682917636,0,0,20,20
11.35,3.895699635,0,0,0.4682945234,0,0,20,20
11.355,3.898041114,0,0,0.4682972741,0,0,20,20
11.36,3.900382608,0,0,0.4683000157,0,0,20,20
11.365,3.902724114,0,0,0.4683027482,0,0,20,20
11.37,3.905065635,0,0,0.4683054717,0,0,20,20
11.375,3.907407169,0,0,0.4683081863,0,0,20,20
11.38,3.909748717,0,0,0.4683108918,0,0,20,20
11.385,3.912090278,0,0,0.4683135884,0,0,20,20
11.39,3.914431853,0,0,0.4683162761,0,0,20,20
11.395,3.916773441,0,0,0.4683189549,0,0,20,20
11.4,3.919115042,0,0,0.4683216249,0,0,20,20
11.405,3.921456657,0,0,0.4683242861,0,0,20,20
11.41,3.923798285,0,0,0.4683269384,0,0,20,20
11.415,3.926139926,0,0,0.468329582,0,0,20,20
11.42,3.928481581,0,0,0.4683322169,0,0,20,20
11.425,3.930823249,0,0,0.4683348431,0,0,20,20
11.43,3.933164929,0,0,0.4683374606,0,0,20,20
11.435,3.935506623,0,0,0.4683400694,0,0,20,20
11.44,3.93784833,0,0,0.4683426696,0,0,20,20
11.445,3.94019005,0,0,0.4683452613,0,0,20,20
11.45,3.942531783,0,0,0.4683478444,0,0,20,20
11.455,3.944873528,0,0,0.4683504189,0,0,20,20
11.46,3.947215287,0,0,0.4683529849,0,0,20,20
11.465,3.949557058,0,0,0.4683555425,0,0,20,20
11.47,3.951898842,0,0,0.4683580916,0,0,20,20
11.475,3.954240639,0,0,0.4683606323,0,0,20,20
11.48,3.956582448,0,0,0.4683631646,0,0,20,20
11.485,3.958924271,0,0,0.4683656886,0,0,20,20
11.49,3.961266105,0,0,0.4683682042,0,0,20,20
11.495,3.963607953,0,0,0.4683707115,0,0,20,20
11.5,3.965949812,0,0,0.4683732105,0,0,20,20
11.505,3.968291685,0,0,0.4683757012,0,0,20,20
11.51,3.970633569,0,0,0.4683781837,0,0,20,20
11.515,3.972975467,0,0,0.4683806581,0,0,20,20
11.52,3.975317376,0,0,0.4683831242,0,0,20,20
11.525,3.977659298,0,0,0.4683855822,0,0,20,20
11.53,3.980001232,0,0,0.4683880321,0,0,20,20
11.535,3.982343178,0,0,0.4683904739,0,0,20,20
11.54,3.984685137,0,0,0.4683929076,0,0,20,20
11.545,3.987027107,0,0,0.4683953333,0,0,20,20
11.55,3.98936909,0,0,0.468397751,0,0,20,20
11.555,3.991711085,0,0,0.4684001606,0,0,20,20
11.56,3.994053091,0,0,0.4684025624,0,0,20,20
11.565,3.99639511,0,0,0.4684049561,0,0,20,20
11.57,3.998737141,0,0,0.468407342,0,0,20,20
11.575,4.001079184,0,0,0.46840972,0,0,20,20
11.58,4.003421238,0,0,0.4684120902,0,0,20,20
11.585,4.005763305,0,0,0.4684144525,0,0,20,20
11.59,4.008105383,0,0,0.468416807,0,0,20,20
11.595,4.010447473,0,0,0.4684191537,0,0,20,20
11.6,4.012789574,0,0,0.4684214927,0,0,20,20
11.605,4.015131688,0,0,0.4684238239,0,0,20,20
11.61,4.017473812,0,0,0.4684261475,0,0,20,20
11.615,4.019815949,0,0,0.4684284634,0,0,20,20
11.62,4.022158097,0,0,0.4684307716,0,0,20,20
11.625,4.024500257,0,0,0.4684330722,0,0,20,20
11.63,4.026842428,0,0,0.4684353652,0,0,20,20
11.635,4.02918461,0,0,0.4684376506,0,0,20,20
11.64,4.031526804,0,0,0.4684399285,0,0,20,20
11.645,4.03386901,0,0,0.4684421988,0,0,20,20
11.65,4.036211226,0,0,0.4684444616,0,0,20,20
11.655,4.038553454,0,0,0.468446717,0,0,20,20
11.66,4.040895693,0,0,0.4684489649,0,0,20,20
11.665,4.043237944,0,0,0.4684512054,0,0,20,20
11.67,4.045580205,0,0,0.4684534385,0,0,20,20
11.675,4.047922478,0,0,0.4684556642,0,0,20,20
11.68,4.050264762,0,0,0.4684578826,0,0,20,20
11.685,4.052607057,0,0,0.4684600936,0,0,20,20
11.69,4.054949363,0,0,0.4684622973,0,0,20,20
11.695,4.05729168,0,0,0.4684644938,0,0,20,20
11.7,4.059634008,0,0,0.468466683,0,0,20,20
11.705,4.061976347,0,0,0.4684688649,0,0,20,20
11.71,4.064318697,0,0,0.4684710397,0,0,20,20
11.715,4.066661057,0,0,0.4684732072,0,0,20,20
11.72,4.069003429,0,0,0.4684753676,0,0,20,20
11.725,4.071345811,0,0,0.4684775209,0,0,20,20
11.73,4.073688204,0,0,0.468479667,0,0,20,20
11.735,4.076030608,0,0,0.4684818061,0,0,20,20
11.74,4.078373022,0,0,0.4684839381,0,0,20,20
11.745,4.080715447,0,0,0.468486063,0,0,20,20
11.75,4.083057883,0,0,0.4684881809,0,0,20,20
11.755,4.085400329,0,0,0.4684902919,0,0,20,20
11.76,4.087742785,0,0,0.4684923958,0,0,20,20
11.765,4.090085253,0,0,0.4684944928,0,0,20,20
11.77,4.09242773,0,0,0.4684965829,0,0,20,20
11.775,4.094770218,0,0,0.4684986661,0,0,20,20
11.78,4.097112717,0,0,0.4685007423,0,0,20,20
11.785,4.099455226,0,0,0.4685028118,0,0,20,20
11.79,4.101797745,0,0,0.4685048744,0,0,20,20
11.795,4.104140275,0,0,0.4685069301,0,0,20,20
11.8,4.106482814,0,0,0.4685089791,0,0,20,20
11.805,4.108825364,0,0,0.4685110213,0,0,20,20
11.81,4.111167925,0,0,0.4685130568,0,0,20,20
11.815,4.113510495,0,0,0.4685150855,0,0,20,20
11.82,4.115853075,0,0,0.4685171076,0,0,20,20
11.825,4.118195666,0,0,0.4685191229,0,0,20,20
11.83,4.120538267,0,0,0.4685211316,0,0,20,20
11.835,4.122880877,0,0,0.4685231337,0,0,20,20
11.84,4.125223498,0,0,0.4685251291,0,0,20,20
11.845,4.127566129,0,0,0.468527118,0,0,20,20
11.85,4.129908769,0,0,0.4685291003,0,0,20,20
11.855,4.13225142,0,0,0.468531076,0,0,20,20
11.86,4.13459408,0,0,0.4685330452,0,0,20,20
11.865,4.13693675,0,0,0.4685350079,0,0,20,20
11.87,4.13927943,0,0,0.4685369641,0,0,20,20
11.875,4.14162212,0,0,0.4685389138,0,0,20,20
11.88,4.143964819,0,0,0.4685408571,0,0,20,20
11.885,4.146307528,0,0,0.468542794,0,0,20,20
11.89,4.148650247,0,0,0.4685447245,0,0,20,20
11.895,4.150992975,0,0,0.4685466486,0,0,20,20
11.9,4.153335713,0,0,0.4685485664,0,0,20,20
11.905,4.155678461,0,0,0.4685504778,0,0,20,20
11.91,4.158021218,0,0,0.4685523829,0,0,20,20
11.915,4.160363985,0,0,0.4685542817,0,0,20,20
11.92,4.162706761,0,0,0.4685561742,0,0,20,20
11.925,4.165049547,0,0,0.4685580605,0,0,20,20
11.93,4.167392342,0,0,0.4685599405,0,0,20,20
11.935,4.169735146,0,0,0.4685618144,0,0,20,20
11.94,4.17207796,0,0,0.468563682,0,0,20,20
11.945,4.174420783,0,0,0.4685655435,0,0,20,20
11.95,4.176763615,0,0,0.4685673988,0,0,20,20
11.955,4.179106457,0,0,0.468569248,0,0,20,20
11.96,4.181449308,0,0,0.4685710911,0,0,20,20
11.965,4.183792168,0,0,0.468572928,0,0,20,20
11.97,4.186135037,0,0,0.468574759,0,0,20,20
11.975,4.188477915,0,0,0.4685765838,0,0,20,20
11.98,4.190820803,0,0,0.4685784027,0,0,20,20
11.985,4.193163699,0,0,0.4685802155,0,0,20,20
11.99,4.195506605,0,0,0.4685820223,0,0,20,20
11.995,4.19784952,0,0,0.4685838232,0,0,20,20
12,4.200192443,0,0,0.4685856181,0,0,20,20
