time,x,y,psi,u,v,r,left,right
0,0,0,0,0,0,0,0,0
0.005,0,0,0,0,0,0,0,0
0.01,0,0,0,0,0,0,0,0
0.015,0,0,0,0,0,0,0,0
0.02,0,0,0,0,0,0,0,0
0.025,0,0,0,0,0,0,0,0
0.03,0,0,0,0,0,0,0,0
0.035,0,0,0,0,0,0,0,0
0.04,0,0,0,0,0,0,0,0
0.045,0,0,0,0,0,0,0,0
0.05,0,0,0,0,0,0,0,0
0.055,0,0,0,0,0,0,0,0
0.06,0,0,0,0,0,0,0,0
0.065,0,0,0,0,0,0,0,0
0.07,0,0,0,0,0,0,0,0
0.075,0,0,0,0,0,0,0,0
0.08,0,0,0,0,0,0,0,0
0.085,0,0,0,0,0,0,0,0
0.09,0,0,0,0,0,0,0,0
0.095,0,0,0,0,0,0,0,0
0.1,0,0,0,0,0,0,0,0
0.105,0,0,0,0,0,0,0,0
0.11,0,0,0,0,0,0,0,0
0.115,0,0,0,0,0,0,0,0
0.12,0,0,0,0,0,0,0,0
0.125,0,0,0,0,0,0,0,0
0.13,0,0,0,0,0,0,0,0
0.135,0,0,0,0,0,0,0,0
0.14,0,0,0,0,0,0,0,0
0.145,0,0,0,0,0,0,0,0
0.15,0,0,0,0,0,0,0,0
0.155,0,0,0,0,0,0,0,0
0.16,0,0,0,0,0,0,0,0
0.165,0,0,0,0,0,0,0,0
0.17,0,0,0,0,0,0,0,0
0.175,0,0,0,0,0,0,0,0
0.18,0,0,0,0,0,0,0,0
0.185,0,0,0,0,0,0,0,0
0.19,0,0,0,0,0,0,0,0
0.195,0,0,0,0,0,0,0,0
0.2,0,0,0,0,0,0,0,0
0.205,0,0,0,0,0,0,0,0
0.21,0,0,0,0,0,0,0,0
0.215,0,0,0,0,0,0,0,0
0.22,0,0,0,0,0,0,0,0
0.225,0,0,0,0,0,0,0,0
0.23,0,0,0,0,0,0,0,0
0.235,0,0,0,0,0,0,0,0
0.24,0,0,0,0,0,0,0,0
0.245,0,0,0,0,0,0,0,0
0.25,0,0,0,0,0,0,0,0
0.255,0,0,0,0,0,0,0,0
0.26,0,0,0,0,0,0,0,0
0.265,0,0,0,0,0,0,0,0
0.27,0,0,0,0,0,0,0,0
0.275,0,0,0,0,0,0,0,0
0.28,0,0,0,0,0,0,0,0
0.285,0,0,0,0,0,0,0,0
0.29,0,0,0,0,0,0,0,0
0.295,0,0,0,0,0,0,0,0
0.3,0,0,0,0,0,0,0,0
0.305,0,0,0,0,0,0,0,0
0.31,0,0,0,0,0,0,0,0
0.315,0,0,0,0,0,0,0,0
0.32,0,0,0,0,0,0,0,0
0.325,0,0,0,0,0,0,0,0
0.33,0,0,0,0,0,0,0,0
0.335,0,0,0,0,0,0,0,0
0.34,0,0,0,0,0,0,0,0
0.345,0,0,0,0,0,0,0,0
0.35,0,0,0,0,0,0,0,0
0.355,0,0,0,0,0,0,0,0
0.36,0,0,0,0,0,0,0,0
0.365,0,0,0,0,0,0,0,0
0.37,0,0,0,0,0,0,0,0
0.375,0,0,0,0,0,0,0,0
0.38,0,0,0,0,0,0,0,0
0.385,0,0,0,0,0,0,0,0
0.39,0,0,0,0,0,0,0,0
0.395,0,0,0,0,0,0,0,0
0.4,0,0,0,0,0,0,0,0
0.405,0,0,0,0,0,0,0,0
0.41,0,0,0,0,0,0,0,0
0.415,0,0,0,0,0,0,0,0
0.42,0,0,0,0,0,0,0,0
0.425,0,0,0,0,0,0,0,0
0.43,0,0,0,0,0,0,0,0
0.435,0,0,0,0,0,0,0,0
0.44,0,0,0,0,0,0,0,0
0.445,0,0,0,0,0,0,0,0
0.45,0,0,0,0,0,0,0,0
0.455,0,0,0,0,0,0,0,0
0.46,0,0,0,0,0,0,0,0
0.465,0,0,0,0,0,0,0,0
0.47,0,0,0,0,0,0,0,0
0.475,0,0,0,0,0,0,0,0
0.48,0,0,0,0,0,0,0,0
0.485,0,0,0,0,0,0,0,0
0.49,0,0,0,0,0,0,0,0
0.495,0,0,0,0,0,0,0,0
0.5,0,0,0,0,0,0,0,0
0.505,0,0,0,0,0,0,0,0
0.51,0,0,0,0,0,0,0,0
0.515,0,0,0,0,0,0,0,0
0.52,0,0,0,0,0,0,0,0
0.525,0,0,0,0,0,0,0,0
0.53,0,0,0,0,0,0,0,0
0.535,0,0,0,0,0,0,0,0
0.54,0,0,0,0,0,0,0,0
0.545,0,0,0,0,0,0,0,0
0.55,0,0,0,0,0,0,0,0
0.555,0,0,0,0,0,0,0,0
0.56,0,0,0,0,0,0,0,0
0.565,0,0,0,0,0,0,0,0
0.57,0,0,0,0,0,0,0,0
0.575,0,0,0,0,0,0,0,0
0.58,0,0,0,0,0,0,0,0
0.585,0,0,0,0,0,0,0,0
0.59,0,0,0,0,0,0,0,0
0.595,0,0,0,0,0,0,0,0
0.6,0,0,0,0,0,0,0,0
0.605,0,0,0,0,0,0,0,0
0.61,0,0,0,0,0,0,0,0
0.615,0,0,0,0,0,0,0,0
0.62,0,0,0,0,0,0,0,0
0.625,0,0,0,0,0,0,0,0
0.63,0,0,0,0,0,0,0,0
0.635,0,0,0,0,0,0,0,0
0.64,0,0,0,0,0,0,0,0
0.645,0,0,0,0,0,0,0,0
0.65,0,0,0,0,0,0,0,0
0.655,0,0,0,0,0,0,0,0
0.66,0,0,0,0,0,0,0,0
0.665,0,0,0,0,0,0,0,0
0.67,0,0,0,0,0,0,0,0
0.675,0,0,0,0,0,0,0,0
0.68,0,0,0,0,0,0,0,0
0.685,0,0,0,0,0,0,0,0
0.69,0,0,0,0,0,0,0,0
0.695,0,0,0,0,0,0,0,0
0.7,0,0,0,0,0,0,0,0
0.705,0,0,0,0,0,0,0,0
0.71,0,0,0,0,0,0,0,0
0.715,0,0,0,0,0,0,0,0
0.72,0,0,0,0,0,0,0,0
0.725,0,0,0,0,0,0,0,0
0.73,0,0,0,0,0,0,0,0
0.735,0,0,0,0,0,0,0,0
0.74,0,0,0,0,0,0,0,0
0.745,0,0,0,0,0,0,0,0
0.75,0,0,0,0,0,0,0,0
0.755,0,0,0,0,0,0,0,0
0.76,0,0,0,0,0,0,0,0
0.765,0,0,0,0,0,0,0,0
0.77,0,0,0,0,0,0,0,0
0.775,0,0,0,0,0,0,0,0
0.78,0,0,0,0,0,0,0,0
0.785,0,0,0,0,0,0,0,0
0.79,0,0,0,0,0,0,0,0
0.795,0,0,0,0,0,0,0,0
0.8,0,0,0,0,0,0,0,0
0.805,0,0,0,0,0,0,0,0
0.81,0,0,0,0,0,0,0,0
0.815,0,0,0,0,0,0,0,0
0.82,0,0,0,0,0,0,0,0
0.825,0,0,0,0,0,0,0,0
0.83,0,0,0,0,0,0,0,0
0.835,0,0,0,0,0,0,0,0
0.84,0,0,0,0,0,0,0,0
0.845,0,0,0,0,0,0,0,0
0.85,0,0,0,0,0,0,0,0
0.855,0,0,0,0,0,0,0,0
0.86,0,0,0,0,0,0,0,0
0.865,0,0,0,0,0,0,0,0
0.87,0,0,0,0,0,0,0,0
0.875,0,0,0,0,0,0,0,0
0.88,0,0,0,0,0,0,0,0
0.885,0,0,0,0,0,0,0,0
0.89,0,0,0,0,0,0,0,0
0.895,0,0,0,0,0,0,0,0
0.9,0,0,0,0,0,0,0,0
0.905,0,0,0,0,0,0,0,0
0.91,0,0,0,0,0,0,0,0
0.915,0,0,0,0,0,0,0,0
0.92,0,0,0,0,0,0,0,0
0.925,0,0,0,0,0,0,0,0
0.93,0,0,0,0,0,0,0,0
0.935,0,0,0,0,0,0,0,0
0.94,0,0,0,0,0,0,0,0
0.945,0,0,0,0,0,0,0,0
0.95,0,0,0,0,0,0,0,0
0.955,0,0,0,0,0,0,0,0
0.96,0,0,0,0,0,0,0,0
0.965,0,0,0,0,0,0,0,0
0.97,0,0,0,0,0,0,0,0
0.975,0,0,0,0,0,0,0,0
0.98,0,0,0,0,0,0,0,0
0.985,0,0,0,0,0,0,0,0
0.99,0,0,0,0,0,0,0,0
0.995,0,0,0,0,0,0,0,0
1,0,0,0,0,0,0,0,0
1.005,0,0,0,0,0,0,0,0
1.01,0,0,0,0,0,0,0,0
1.015,0,0,0,0,0,0,0,0
1.02,0,0,0,0,0,0,0,0
1.025,0,0,0,0,0,0,0,0
1.03,0,0,0,0,0,0,0,0
1.035,0,0,0,0,0,0,0,0
1.04,0,0,0,0,0,0,0,0
1.045,0,0,0,0,0,0,0,0
1.05,0,0,0,0,0,0,0,0
1.055,0,0,0,0,0,0,0,0
1.06,0,0,0,0,0,0,0,0
1.065,0,0,0,0,0,0,0,0
1.07,0,0,0,0,0,0,0,0
1.075,0,0,0,0,0,0,0,0
1.08,2.874499349e-08,1.634165509e-17,2.782138154e-09,1.720914243e-05,-2.881293813e-14,1.665192851e-06,0.4938017594,0.7407026392
1.085,2.284534716e-07,1.010114367e-15,2.20943528e-08,6.823624804e-05,-9.055182968e-13,6.595921651e-06,0.97541151,1.463117265
1.09,7.659966436e-07,1.13274839e-14,7.402474735e-08,0.0001521975698,-6.769206776e-12,1.469676521e-05,1.445130273,2.16769541
1.095,1.803881891e-06,6.27303632e-14,1.741904021e-07,0.0002682312228,-2.808535162e-11,2.587472448e-05,1.903251639,2.854877459
1.1,3.500360668e-06,2.358992283e-13,3.377493312e-07,0.0004154966327,-8.43922143e-11,4.003916247e-05,2.350061948,3.525092923
1.105,6.009533699e-06,6.944399739e-13,5.794121454e-07,0.0005931739978,-2.067772173e-10,5.710174563e-05,2.785840472,4.178760707
1.11,9.481453533e-06,1.726477602e-12,9.134534267e-07,0.0008004637652,-4.401008323e-10,7.69763867e-05,3.210859585,4.816289377
1.115,1.406222454e-05,3.792998019e-12,1.353722823e-06,0.001036586121,-8.449850787e-10,9.957918892e-05,3.625384938,5.438077408
1.12,1.989410037e-05,7.582128529e-12,1.913655865e-06,0.001300780493,-1.499581876e-09,0.0001248283917,4.029675625,6.044513437
1.125,2.711557884e-05,1.406858343e-11,2.606284503e-06,0.001592305068,-2.501136509e-09,0.0001526443174,4.423984339,6.635976508
1.13,3.586149461e-05,2.457768433e-11,3.444247399e-06,0.001910436321,-3.967360675e-09,0.0001829493201,4.808557536,7.212836303
1.135,4.62631094e-05,4.085321639e-11,4.439799952e-06,0.002254468551,-6.037627154e-09,0.0002156677346,5.183635586,7.77545338
1.14,5.844820018e-05,6.51287376e-11,5.604824095e-06,0.002623713443,-8.874001348e-09,0.0002507258276,5.549452927,8.324179391
1.145,7.254114501e-05,1.00201652e-10,6.950837836e-06,0.003017499621,-1.266211862e-08,0.0002880517493,5.906238206,8.859357308
1.15,8.866300632e-05,1.495093339e-10,8.489004526e-06,0.003435172234,-1.761191886e-08,0.0003275754872,6.254214424,9.381321636
1.155,0.0001069316127,2.172072511e-10,1.023014194e-05,0.003876092537,-2.39582493e-08,0.0003692288199,6.593599079,9.890398619
1.16,0.0001274616385,3.082486418e-10,1.218473115e-05,0.004339637488,-3.196134668e-08,0.0004129452732,6.924604297,10.38690645
1.165,0.0001503646816,4.284652609e-10,1.436292516e-05,0.004825199355,-4.190720616e-08,0.0004586600758,7.247436968,10.87115545
1.17,0.0001757493382,5.846482572e-10,1.677455724e-05,0.005332185339,-5.410784532e-08,0.0005063101179,7.562298871,11.34344831
1.175,0.0002037212773,7.846298057e-10,1.942914917e-05,0.005860017195,-6.890147259e-08,0.0005558339095,7.869386806,11.80408021
1.18,0.0002343833123,1.037365317e-09,2.23359193e-05,0.00640813087,-8.665256792e-08,0.0006071715398,8.168892713,12.25333907
1.185,0.0002678354713,1.353014523e-09,2.550379027e-05,0.006975976152,-1.077518814e-07,0.0006602646385,8.461003793,12.69150569
1.19,0.0003041750647,1.743022219e-09,2.894139661e-05,0.007563016323,-1.326163581e-07,0.0007150563374,8.745902624,13.11885394
1.195,0.0003434967526,2.220199289e-09,3.265709221e-05,0.008168727825,-1.616889946e-07,0.0007714912326,9.023767278,13.53565092
1.2,0.0003858926099,2.798802101e-09,3.665895756e-05,0.008792599927,-1.954386318e-07,0.0008295153484,9.29477143,13.94215714
1.205,0.0004314521886,3.494610231e-09,4.095480669e-05,0.009434134414,-2.343596941e-07,0.0008890761021,9.559084465,14.3386267
1.21,0.0004802625806,4.325004691e-09,4.555219419e-05,0.01009284527,-2.789718748e-07,0.0009501222686,9.816871588,14.72530738
1.215,0.0005324084778,5.309043646e-09,5.045842183e-05,0.01076825838,-3.298197728e-07,0.001012603947,10.06829392,15.10244089
1.22,0.00058797223,6.467535917e-09,5.568054509e-05,0.01145991122,-3.874724937e-07,0.001076472528,10.31350862,15.47026293
1.225,0.0006470339036,7.823115367e-09,6.122537962e-05,0.0121673526,-4.525232061e-07,0.001141680661,10.55266895,15.82900342
1.23,0.0007096713362,9.400311048e-09,6.709950736e-05,0.01289014235,-5.255886654e-07,0.001208182223,10.78592438,16.17888657
1.235,0.0007759601914,1.122561624e-08,7.330928262e-05,0.01362785106,-6.073087143e-07,0.001275932289,11.01342072,16.52013108
1.24,0.000845974013,1.332755778e-08,7.986083809e-05,0.01438005982,-6.983457442e-07,0.0013448871,11.23530015,16.85295023
1.245,0.0009197842749,1.573675941e-08,8.676009045e-05,0.01514635994,-7.993841423e-07,0.001415004037,11.45170136,17.17755204
1.25,0.000997460433,1.848600699e-08,9.401274608e-05,0.01592635275,-9.111297205e-07,0.001486241589,11.66275961,17.49413941
1.255,0.001079069975,2.161031023e-08,0.0001016243066,0.01671964926,-1.03430911e-06,0.001558559329,11.86860681,17.80291021
1.26,0.001164678466,2.514696058e-08,0.000109600074,0.01752587001,-1.169669167e-06,0.001631917884,12.06937162,18.10405743
1.265,0.001254349598,2.913559167e-08,0.0001179451562,0.01834464479,-1.317976339e-06,0.00170627891,12.26517953,18.3977693
1.27,0.001348145235,3.361823163e-08,0.0001266644716,0.01917561242,-1.480016036e-06,0.001781605067,12.45615293,18.68422939
1.275,0.001446125456,3.863935887e-08,0.0001357627547,0.02001842051,-1.656591998e-06,0.001857859993,12.64241118,18.96361676
1.28,0.001548348601,4.424595233e-08,0.0001452445604,0.02087272529,-1.848525631e-06,0.00193500828,12.82407069,19.23610604
1.285,0.001654871311,5.04875399e-08,0.0001551142689,0.02173819135,-2.056655376e-06,0.002013015449,13.00124502,19.50186753
1.29,0.001765748572,5.741624775e-08,0.0001653760904,0.02261449144,-2.281836034e-06,0.002091847929,13.17404489,19.76106734
1.295,0.00188103375,6.508684177e-08,0.0001760340692,0.02350130632,-2.524938126e-06,0.002171473034,13.34257833,20.01386749
1.3,0.002000778641,7.355677452e-08,0.0001870920887,0.02439832447,-2.786847226e-06,0.002251858938,13.50695065,20.26042598
1.305,0.002125033495,8.288622169e-08,0.0001985538749,0.025305242,-3.068463309e-06,0.002332974656,13.66726461,20.50089692
1.31,0.002253847066,9.313812481e-08,0.0002104230013,0.02622176238,-3.370700103e-06,0.002414790024,13.82362041,20.73543061
1.315,0.002387266642,1.043782246e-07,0.0002227028923,0.02714759632,-3.694484425e-06,0.002497275676,13.97611576,20.96417364
1.32,0.002525338082,1.166750978e-07,0.0002353968275,0.02808246155,-4.040755561e-06,0.002580403026,14.12484599,21.18726899
1.325,0.002668105852,1.301001891e-07,0.0002485079456,0.02902608267,-4.410464591e-06,0.002664144247,14.26990406,21.40485609
1.33,0.002815613056,1.447278413e-07,0.0002620392479,0.02997819097,-4.804573797e-06,0.002748472252,14.41138064,21.61707095
1.335,0.002967901472,1.606353256e-07,0.0002759936021,0.03093852428,-5.224055993e-06,0.002833360678,14.54936414,21.82404621
1.34,0.003125011583,1.779028665e-07,0.0002903737459,0.03190682678,-5.669893945e-06,0.002918783864,14.68394082,22.02591123
1.345,0.003286982609,1.966136693e-07,0.0003051822904,0.0328828489,-6.143079727e-06,0.003004716837,14.81519479,22.22279218
1.35,0.003453852535,2.168539403e-07,0.0003204217234,0.03386634709,-6.644614148e-06,0.003091135293,14.94320808,22.41481213
1.355,0.003625658147,2.387129123e-07,0.000336094413,0.03485708373,-7.175506131e-06,0.003178015579,15.06806072,22.60209108
1.36,0.003802435054,2.622828595e-07,0.0003522026105,0.03585482698,-7.736772154e-06,0.003265334681,15.18983074,22.7847461
1.365,0.003984217722,2.876591207e-07,0.0003687484538,0.0368593506,-8.329435656e-06,0.003353070202,15.30859424,22.96289136
1.37,0.004171039498,3.149401109e-07,0.0003857339702,0.03787043388,-8.954526495e-06,0.003441200352,15.42442546,23.13663819
1.375,0.004362932641,3.442273403e-07,0.0004031610797,0.03888786141,-9.613080369e-06,0.003529703929,15.5373968,23.3060952
1.38,0.004559928343,3.756254236e-07,0.0004210315974,0.03991142305,-1.03061383e-05,0.003618560308,15.64757886,23.47136829
1.385,0.004762056761,4.092420954e-07,0.0004393472373,0.04094091372,-1.10347461e-05,0.003707749422,15.75504052,23.63256079
1.39,0.004969347037,4.451882171e-07,0.0004581096137,0.04197613334,-1.179995382e-05,0.003797251751,15.85984895,23.78977342
1.395,0.005181827327,4.835777884e-07,0.0004773202451,0.04301688667,-1.260281529e-05,0.003887048307,15.96206964,23.94310446
1.4,0.00539952482,5.245279523e-07,0.0004969805563,0.04406298318,-1.344438758e-05,0.003977120623,16.0617665,24.09264974
1.405,0.005622465766,5.681590025e-07,0.000517091881,0.04511423699,-1.432573056e-05,0.004067450736,16.15900183,24.23850274
1.41,0.005850675497,6.145943879e-07,0.0005376554642,0.0461704667,-1.524790638e-05,0.004158021177,16.25383641,24.38075462
1.415,0.006084178446,6.639607146e-07,0.000558672465,0.04723149531,-1.621197903e-05,0.004248814959,16.34632952,24.51949428
1.42,0.006322998177,7.163877508e-07,0.0005801439585,0.0482971501,-1.721901392e-05,0.004339815562,16.43653896,24.65480845
1.425,0.006567157395,7.720084233e-07,0.0006020709385,0.04936726253,-1.827007736e-05,0.004431006926,16.52452113,24.7867817
1.43,0.006816677978,8.30958823e-07,0.0006244543196,0.05044166816,-1.936623623e-05,0.004522373433,16.61033101,24.91549652
1.435,0.007071580987,8.933781965e-07,0.0006472949394,0.05152020649,-2.050855751e-05,0.004613899901,16.69402224,25.04103335
1.44,0.007331886694,9.594089512e-07,0.0006705935606,0.05260272095,-2.169810789e-05,0.004705571573,16.77564712,25.16347068
1.445,0.007597614596,1.029196644e-06,0.0006943508732,0.05368905872,-2.293595336e-05,0.004797374103,16.85525667,25.28288501
1.45,0.007868783435,1.102889984e-06,0.0007185674965,0.05477907069,-2.422315887e-05,0.004889293547,16.93290066,25.39935099
1.455,0.008145411216,1.180640821e-06,0.0007432439809,0.05587261136,-2.556078792e-05,0.004981316354,17.00862762,25.51294142
1.46,0.008427515228,1.262604143e-06,0.0007683808103,0.05696953875,-2.694990221e-05,0.005073429355,17.08248486,25.62372729
1.465,0.008715112056,1.348938065e-06,0.0007939784035,0.05806971429,-2.839156135e-05,0.005165619754,17.15451857,25.73177785
1.47,0.009008217602,1.439803825e-06,0.0008200371161,0.0591730028,-2.988682241e-05,0.005257875119,17.22477375,25.83716063
1.475,0.009306847099,1.535365774e-06,0.0008465572428,0.06027927232,-3.143673971e-05,0.005350183369,17.29329434,25.9399415
1.48,0.009611015129,1.635791359e-06,0.0008735390183,0.06138839413,-3.304236444e-05,0.005442532772,17.36012314,26.0401847
1.485,0.009920735639,1.741251124e-06,0.0009009826201,0.06250024256,-3.470474436e-05,0.005534911929,17.42530193,26.13795289
1.49,0.01023602195,1.851918689e-06,0.0009288881688,0.06361469504,-3.642492354e-05,0.005627309772,17.48887145,26.23330717
1.495,0.01055688679,1.967970742e-06,0.000957255731,0.06473163192,-3.820394203e-05,0.00571971555,17.55087143,26.32630715
1.5,0.01088334229,2.089587027e-06,0.0009860853201,0.06585093644,-4.004283563e-05,0.005812118825,17.61134063,26.41701095
1.505,0.01121539999,2.216950325e-06,0.001015376898,0.06697249469,-4.194263559e-05,0.005904509461,17.67031684,26.50547527
1.51,0.01155307089,2.350246449e-06,0.001045130377,0.06809619549,-4.390436839e-05,0.005996877619,17.72783693,26.59175539
1.515,0.01189636542,2.489664218e-06,0.001075345621,0.06922193034,-4.592905545e-05,0.006089213748,17.78393683,26.67590525
1.52,0.0122452935,2.63539545e-06,0.001106022446,0.07034959337,-4.801771294e-05,0.006181508579,17.83865163,26.75797744
1.525,0.0125998645,2.787634945e-06,0.001137160623,0.07147908127,-5.017135153e-05,0.006273753116,17.89201551,26.83802326
1.53,0.01296008729,2.946580463e-06,0.001168759879,0.07261029323,-5.239097615e-05,0.00636593863,17.94406183,26.91609275
1.535,0.01332597025,3.112432715e-06,0.001200819897,0.07374313084,-5.467758584e-05,0.006458056651,17.99482313,26.99223469
1.54,0.01369752127,3.28539534e-06,0.001233340319,0.07487749811,-5.703217349e-05,0.006550098965,18.04433112,27.06649668
1.545,0.01407474776,3.465674887e-06,0.001266320747,0.07601330133,-5.945572569e-05,0.006642057602,18.09261676,27.13892513
1.55,0.01445765667,3.653480803e-06,0.001299760743,0.07715044909,-6.194922251e-05,0.006733924836,18.13971022,27.20956532
1.555,0.0148462545,3.849025403e-06,0.00133365983,0.07828885216,-6.451363734e-05,0.006825693174,18.18564093,27.2784614
1.56,0.0152405473,4.052523865e-06,0.001368017497,0.07942842347,-6.714993673e-05,0.006917355351,18.23043762,27.34565643
1.565,0.01564054071,4.264194198e-06,0.001402833195,0.08056907806,-6.985908022e-05,0.007008904326,18.27412827,27.4111924
1.57,0.01604623994,4.484257228e-06,0.001438106341,0.08171073302,-7.264202018e-05,0.007100333274,18.31674019,27.47511029
1.575,0.01645764978,4.71293658e-06,0.001473836317,0.08285330742,-7.549970166e-05,0.007191635583,18.35830003,27.53745004
1.58,0.01687477463,4.95045865e-06,0.001510022475,0.08399672233,-7.843306228e-05,0.007282804845,18.39883374,27.59825062
1.585,0.0172976185,5.197052595e-06,0.001546664133,0.08514090067,-8.144303206e-05,0.007373834854,18.43836668,27.65755002
1.59,0.01772618502,5.452950302e-06,0.001583760581,0.08628576728,-8.453053332e-05,0.007464719602,18.47692354,27.71538532
1.595,0.01816047745,5.71838637e-06,0.001621311077,0.08743124876,-8.769648052e-05,0.007555453266,18.51452844,27.77179265
1.6,0.01860049869,5.993598093e-06,0.001659314853,0.08857727353,-9.094178023e-05,0.007646030215,18.55120486,27.82680729
1.605,0.01904625127,6.278825431e-06,0.001697771109,0.08972377172,-9.426733092e-05,0.007736444995,18.58697574,27.88046361
1.61,0.01949773739,6.574310993e-06,0.001736679023,0.09087067513,-9.767402293e-05,0.007826692329,18.62186343,27.93279515
1.615,0.01995495891,6.880300016e-06,0.001776037745,0.09201791724,-0.0001011627383,0.007916767113,18.65588975,27.98383462
1.62,0.02041791736,7.197040333e-06,0.001815846399,0.09316543313,-0.0001047343509,0.00800666441,18.68907595,28.03361392
1.625,0.02088661396,7.524782366e-06,0.001856104085,0.09431315943,-0.0001083897259,0.008096379446,18.72144278,28.08216416
1.63,0.02136104959,7.863779091e-06,0.001896809882,0.09546103432,-0.0001121297203,0.008185907604,18.75301047,28.1295157
1.635,0.02184122486,8.214286017e-06,0.001937962842,0.09660899748,-0.0001159551822,0.008275244425,18.78379875,28.17569812
1.64,0.02232714005,8.576561172e-06,0.001979562,0.09775699004,-0.0001198669512,0.008364385597,18.81382686,28.2207403
1.645,0.02281879517,8.950865068e-06,0.002021606365,0.09890495455,-0.0001238658583,0.00845332696,18.84311358,28.26467037
1.65,0.02331618994,9.337460684e-06,0.00206409493,0.100052835,-0.0001279527255,0.008542064491,18.87167721,28.30751581
1.655,0.0238193238,9.736613445e-06,0.002107026664,0.1012005766,-0.0001321283662,0.00863059431,18.8995356,28.3493034
1.66,0.02432819592,1.014859119e-05,0.00215040052,0.102348126,-0.0001363935848,0.008718912674,18.92670616,28.39005924
1.665,0.02484280522,1.057366417e-05,0.002194215432,0.1034954312,-0.0001407491767,0.008807015967,18.95320588,28.42980882
1.67,0.02536315034,1.101210498e-05,0.002238470316,0.1046424414,-0.0001451959287,0.008894900707,18.97905132,28.46857698
1.675,0.02588922968,1.146418859e-05,0.00228316407,0.1057891069,-0.0001497346181,0.008982563534,19.00425863,28.50638795
1.68,0.02642104141,1.193019229e-05,0.002328295576,0.1069353794,-0.0001543660135,0.009070001212,19.02884357,28.54326536
1.685,0.02695858344,1.241039568e-05,0.002373863701,0.1080812116,-0.0001590908743,0.009157210623,19.05282151,28.57923227
1.69,0.02750185345,1.290508061e-05,0.002419867297,0.1092265576,-0.000163909951,0.009244188766,19.07620743,28.61431115
1.695,0.0280508489,1.341453122e-05,0.002466305199,0.1103713724,-0.0001688239847,0.00933093275,19.09901595,28.64852393
1.7,0.02860556702,1.393903385e-05,0.002513176229,0.111515612,-0.0001738337076,0.009417439796,19.12126133,28.68189199
1.705,0.02916600484,1.447887709e-05,0.002560479197,0.1126592339,-0.0001789398427,0.009503707232,19.14295746,28.71443619
1.71,0.02973215915,1.503435167e-05,0.002608212898,0.1138021961,-0.0001841431037,0.00958973249,19.16411792,28.74617688
1.715,0.03030402656,1.56057505e-05,0.002656376114,0.114944458,-0.0001894441953,0.009675513103,19.18475592,28.77713388
1.72,0.03088160348,1.619336864e-05,0.002704967617,0.1160859799,-0.000194843813,0.009761046702,19.20488437,28.80732655
1.725,0.03146488609,1.679750324e-05,0.002753986166,0.117226723,-0.000200342643,0.009846331015,19.22451584,28.83677376
1.73,0.03205387042,1.741845355e-05,0.002803430508,0.1183666494,-0.0002059413625,0.009931363863,19.24366262,28.86549392
1.735,0.03264855228,1.80565209e-05,0.002853299382,0.1195057224,-0.0002116406393,0.01001614316,19.26233665,28.89350498
1.74,0.03324892733,1.871200864e-05,0.002903591514,0.1206439058,-0.0002174411322,0.0101006669,19.28054962,28.92082444
1.745,0.03385499103,1.938522216e-05,0.002954305622,0.1217811646,-0.0002233434908,0.01018493319,19.29831292,28.94746938
1.75,0.03446673866,2.007646883e-05,0.003005440414,0.1229174645,-0.0002293483555,0.01026894018,19.31563763,28.97345645
1.755,0.03508416536,2.0786058e-05,0.003056994589,0.1240527721,-0.0002354563576,0.01035268613,19.3325346,28.9988019
1.76,0.03570726608,2.151430097e-05,0.003108966837,0.1251870549,-0.0002416681192,0.01043616937,19.34901438,29.02352157
1.765,0.03633603561,2.226151096e-05,0.003161355842,0.126320281,-0.0002479842532,0.01051938832,19.36508727,29.04763091
1.77,0.0369704686,2.302800312e-05,0.003214160277,0.1274524194,-0.0002544053637,0.01060234146,19.38076332,29.07114498
1.775,0.03761055954,2.381409443e-05,0.003267378811,0.1285834399,-0.0002609320454,0.01068502735,19.39605233,29.0940785
1.78,0.03825630275,2.462010378e-05,0.003321010103,0.1297133129,-0.0002675648842,0.01076744461,19.41096385,29.11644578
1.785,0.03890769244,2.544635186e-05,0.003375052807,0.1308420098,-0.0002743044567,0.01084959196,19.42550721,29.13826081
1.79,0.03956472265,2.629316118e-05,0.003429505571,0.1319695024,-0.0002811513306,0.01093146815,19.43969148,29.15953723
1.795,0.04022738729,2.716085604e-05,0.003484367035,0.1330957633,-0.0002881060648,0.01101307202,19.45352555,29.18028833
1.8,0.04089568014,2.804976252e-05,0.003539635835,0.1342207659,-0.000295169209,0.01109440247,19.46701805,29.20052708
1.805,0.04156959485,2.896020841e-05,0.003595310602,0.1353444841,-0.000302341304,0.01117545845,19.48017742,29.22026614
1.81,0.04224912492,2.989252325e-05,0.003651389961,0.1364668926,-0.0003096228818,0.01125623899,19.49301189,29.23951783
1.815,0.04293426376,3.084703826e-05,0.003707872531,0.1375879665,-0.0003170144656,0.01133674316,19.50552947,29.25829421
1.82,0.04362500462,3.182408636e-05,0.00376475693,0.1387076818,-0.0003245165696,0.01141697011,19.51773799,29.27660699
1.825,0.04432134066,3.282400209e-05,0.003822041769,0.1398260149,-0.0003321296993,0.01149691902,19.52964508,29.29446762
1.83,0.04502326491,3.384712164e-05,0.003879725656,0.1409429429,-0.0003398543514,0.01157658914,19.54125819,29.31188728
1.835,0.04573077029,3.489378281e-05,0.003937807195,0.1420584434,-0.0003476910141,0.01165597976,19.55258456,29.32887684
1.84,0.04644384961,3.596432499e-05,0.003996284986,0.1431724945,-0.0003556401665,0.01173509025,19.56363129,29.34544693
1.845,0.04716249556,3.705908913e-05,0.004055157629,0.1442850751,-0.0003637022795,0.01181391999,19.57440527,29.36160791
1.85,0.04788670076,3.817841772e-05,0.004114423718,0.1453961643,-0.0003718778152,0.01189246844,19.58491324,29.37736986
1.855,0.04861645768,3.932265477e-05,0.004174081844,0.146505742,-0.0003801672271,0.01197073509,19.59516177,29.39274266
1.86,0.04935175873,4.04921458e-05,0.004234130598,0.1476137885,-0.0003885709603,0.01204871948,19.60515726,29.40773589
1.865,0.05009259621,4.168723782e-05,0.004294568568,0.1487202846,-0.0003970894515,0.0121264212,19.61490596,29.42235895
1.87,0.0508389623,4.290827926e-05,0.004355394338,0.1498252115,-0.0004057231288,0.01220383988,19.62441397,29.43662095
1.875,0.05159084914,4.415562003e-05,0.004416606494,0.150928551,-0.000414472412,0.01228097519,19.63368722,29.45053083
1.88,0.05234824872,4.542961141e-05,0.004478203617,0.1520302854,-0.0004233377126,0.01235782684,19.64273152,29.46409728
1.885,0.053111153,4.673060613e-05,0.004540184289,0.1531303974,-0.000432319434,0.01243439458,19.65155251,29.47732876
1.89,0.05387955381,4.805895825e-05,0.00460254709,0.15422887,-0.0004414179709,0.0125106782,19.66015571,29.49023356
1.895,0.05465344292,4.941502318e-05,0.004665290598,0.1553256869,-0.0004506337103,0.01258667754,19.66854649,29.50281974
1.9,0.05543281202,5.07991577e-05,0.004728413391,0.156420832,-0.0004599670309,0.01266239245,19.67673011,29.51509516
1.905,0.05621765269,5.221171987e-05,0.004791914048,0.1575142897,-0.0004694183032,0.01273782283,19.68471167,29.52706751
1.91,0.05700795648,5.365306905e-05,0.004855791145,0.1586060449,-0.0004789878898,0.01281296861,19.69249617,29.53874425
1.915,0.05780371484,5.512356588e-05,0.00492004326,0.1596960826,-0.0004886761453,0.01288782978,19.70008846,29.55013269
1.92,0.05860491914,5.662357223e-05,0.004984668968,0.1607843886,-0.0004984834163,0.01296240631,19.70749331,29.56123996
1.925,0.05941156069,5.815345122e-05,0.005049666848,0.1618709488,-0.0005084100417,0.01303669826,19.71471532,29.57207298
1.93,0.06022363073,5.971356717e-05,0.005115035477,0.1629557495,-0.0005184563524,0.01311070566,19.72175903,29.58263854
1.935,0.06104112043,6.13042856e-05,0.005180773431,0.1640387773,-0.0005286226716,0.01318442863,19.72862882,29.59294323
1.94,0.0618640209,6.29259732e-05,0.005246879289,0.1651200195,-0.0005389093148,0.01325786727,19.735329,29.6029935
1.945,0.06269232318,6.457899779e-05,0.00531335163,0.1661994632,-0.0005493165897,0.01333102174,19.74186375,29.61279562
1.95,0.06352601824,6.626372836e-05,0.005380189033,0.1672770964,-0.0005598447966,0.01340389222,19.74823715,29.62235573
1.955,0.06436509701,6.798053497e-05,0.005447390079,0.1683529069,-0.0005704942281,0.01347647889,19.7544532,29.6316798
1.96,0.06520955035,6.972978882e-05,0.00551495335,0.1694268833,-0.0005812651694,0.01354878199,19.76051577,29.64077366
1.965,0.06605936906,7.151186214e-05,0.005582877427,0.1704990142,-0.0005921578981,0.01362080177,19.76642866,29.64964299
1.97,0.06691454389,7.332712826e-05,0.005651160895,0.1715692885,-0.0006031726846,0.01369253851,19.77219556,29.65829334
1.975,0.06777506553,7.51759615e-05,0.005719802341,0.1726376956,-0.0006143097917,0.0137639925,19.77782007,29.6667301
1.98,0.06864092462,7.705873723e-05,0.00578880035,0.1737042251,-0.0006255694752,0.01383516407,19.78330571,29.67495857
1.985,0.06951211174,7.897583181e-05,0.005858153511,0.1747688669,-0.0006369519835,0.01390605356,19.78865591,29.68298387
1.99,0.07038861745,8.092762259e-05,0.005927860416,0.1758316111,-0.0006484575578,0.01397666133,19.79387402,29.69081102
1.995,0.07127043222,8.291448785e-05,0.005997919656,0.1768924482,-0.0006600864324,0.01404698777,19.79896328,29.69844493
2,0.07215754651,8.493680687e-05,0.006068329825,0.1779513688,-0.0006718388342,0.01411703328,19.8039269,29.70589035
2.005,0.07304995071,8.69949598e-05,0.006139089521,0.1790083639,-0.0006837149833,0.01418679829,19.80876796,29.71315194
2.01,0.07394763517,8.908932773e-05,0.006210197341,0.1800634247,-0.0006957150929,0.01425628324,19.8134895,29.72023424
2.015,0.0748505902,9.122029264e-05,0.006281651887,0.1811165428,-0.0007078393692,0.01432548859,19.81809446,29.72714169
2.02,0.07575880607,9.338823736e-05,0.006353451762,0.1821677098,-0.0007200880115,0.01439441482,19.82258572,29.73387858
2.025,0.07667227302,9.55935456e-05,0.006425595571,0.1832169177,-0.0007324612125,0.01446306242,19.8269661,29.74044914
2.03,0.07759098121,9.78366019e-05,0.006498081923,0.1842641587,-0.000744959158,0.01453143191,19.83123832,29.74685748
2.035,0.07851492082,0.0001001177916,0.006570909428,0.1853094251,-0.0007575820271,0.01459952382,19.83540506,29.75310759
2.04,0.07944408194,0.0001024375009,0.006644076699,0.1863527097,-0.0007703299924,0.01466733868,19.83946892,29.75920338
2.045,0.08037845465,0.0001047961167,0.006717582354,0.1873940053,-0.00078320322,0.01473487705,19.84343245,29.76514867
2.05,0.081318029,0.0001071940267,0.00679142501,0.188433305,-0.0007962018692,0.01480213951,19.84729811,29.77094717
2.055,0.08226279498,0.0001096316195,0.00686560329,0.1894706021,-0.0008093260931,0.01486912664,19.85106834,29.77660251
2.06,0.08321274258,0.0001121092841,0.006940115818,0.1905058899,-0.0008225760383,0.01493583905,19.85474547,29.78211821
2.065,0.08416786173,0.0001146274105,0.007014961223,0.1915391624,-0.0008359518452,0.01500227734,19.85833182,29.78749773
2.07,0.08512814235,0.0001171863894,0.007090138136,0.1925704133,-0.0008494536475,0.01506844213,19.86182962,29.79274443
2.075,0.08609357431,0.000119786612,0.00716564519,0.1935996367,-0.0008630815732,0.01513433407,19.86524106,29.79786159
2.08,0.08706414747,0.0001224284704,0.007241481023,0.1946268269,-0.0008768357438,0.01519995381,19.86856827,29.8028524
2.085,0.08803985165,0.000125112357,0.007317644275,0.1956519783,-0.0008907162746,0.015265302,19.87181333,29.80772
2.09,0.08902067664,0.0001278386653,0.007394133591,0.1966750857,-0.0009047232751,0.01533037931,19.87497827,29.81246741
2.095,0.09000661222,0.0001306077891,0.007470947618,0.1976961437,-0.0009188568485,0.01539518642,19.87806507,29.8170976
2.1,0.09099764813,0.0001334201228,0.007548085007,0.1987151473,-0.0009331170923,0.01545972403,19.88107565,29.82161348
2.105,0.09199377409,0.0001362760616,0.007625544411,0.1997320918,-0.0009475040979,0.01552399284,19.88401191,29.82601786
2.11,0.09299497979,0.000139176001,0.007703324488,0.2007469724,-0.0009620179508,0.01558799355,19.88687566,29.83031349
2.115,0.09400125491,0.0001421203374,0.0077814239,0.2017597846,-0.0009766587309,0.01565172689,19.88966871,29.83450307
2.12,0.0950125891,0.0001451094674,0.007859841313,0.2027705241,-0.0009914265123,0.01571519358,19.8923928,29.8385892
2.125,0.09602897198,0.0001481437883,0.007938575393,0.2037791866,-0.001006321363,0.01577839437,19.89504963,29.84257445
2.13,0.09705039317,0.000151223698,0.008017624814,0.204785768,-0.001021343346,0.01584132998,19.89764087,29.8464613
2.135,0.09807684225,0.0001543495946,0.008096988252,0.2057902645,-0.001036492519,0.01590400118,19.90016812,29.85025218
2.14,0.0991083088,0.000157521877,0.008176664387,0.2067926723,-0.001051768932,0.01596640872,19.90263298,29.85394947
2.145,0.1001447824,0.0001607409444,0.008256651901,0.2077929877,-0.001067172632,0.01602855337,19.90503698,29.85755547
2.15,0.1011862525,0.0001640071965,0.008336949483,0.2087912073,-0.00108270366,0.0160904359,19.90738162,29.86107244
2.155,0.1022327086,0.0001673210334,0.008417555825,0.2097873278,-0.00109836205,0.0161520571,19.90966838,29.86450257
2.16,0.1032841404,0.0001706828556,0.00849846962,0.2107813458,-0.001114147833,0.01621341774,19.91189868,29.86784801
2.165,0.1043405372,0.0001740930641,0.008579689569,0.2117732583,-0.001130061033,0.01627451862,19.91407391,29.87111086
2.17,0.1054018885,0.0001775520603,0.008661214375,0.2127630625,-0.00114610167,0.01633536054,19.91619543,29.87429314
2.175,0.1064681837,0.0001810602458,0.008743042744,0.2137507553,-0.001162269758,0.01639594429,19.91826457,29.87739686
2.18,0.1075394124,0.0001846180228,0.008825173389,0.2147363341,-0.001178565306,0.01645627069,19.92028263,29.88042394
2.185,0.1086155639,0.0001882257937,0.008907605024,0.2157197964,-0.001194988317,0.01651634056,19.92225085,29.88337628
2.19,0.1096966277,0.0001918839614,0.008990336368,0.2167011396,-0.001211538791,0.0165761547,19.92417049,29.88625573
2.195,0.1107825931,0.0001955929288,0.009073366146,0.2176803614,-0.001228216722,0.01663571393,19.92604273,29.88906409
2.2,0.1118734496,0.0001993530994,0.009156693084,0.2186574595,-0.001245022098,0.0166950191,19.92786874,29.89180311
2.205,0.1129691865,0.000203164877,0.009240315915,0.2196324318,-0.001261954905,0.01675407102,19.92964966,29.8944745
2.21,0.1140697932,0.0002070286656,0.009324233373,0.2206052763,-0.00127901512,0.01681287053,19.93138662,29.89707993
2.215,0.1151752591,0.0002109448694,0.009408444201,0.221575991,-0.001296202719,0.01687141847,19.93308069,29.89962104
2.22,0.1162855735,0.0002149138929,0.00949294714,0.2225445742,-0.001313517671,0.01692971568,19.93473293,29.9020994
2.225,0.1174007257,0.000218936141,0.009577740941,0.223511024,-0.001330959942,0.016987763,19.93634438,29.90451658
2.23,0.1185207051,0.0002230120185,0.009662824355,0.224475339,-0.001348529492,0.01704556128,19.93791605,29.90687407
2.235,0.119645501,0.0002271419309,0.00974819614,0.2254375175,-0.001366226276,0.01710311138,19.9394489,29.90917336
2.24,0.1207751028,0.0002313262834,0.009833855057,0.2263975581,-0.001384050246,0.01716041414,19.94094392,29.91141588
2.245,0.1219094997,0.0002355654818,0.009919799871,0.2273554596,-0.001402001349,0.01721747043,19.94240202,29.91360302
2.25,0.123048681,0.0002398599317,0.01000602935,0.2283112206,-0.001420079526,0.01727428109,19.94382412,29.91573617
2.255,0.1241926361,0.0002442100393,0.01009254227,0.2292648401,-0.001438284717,0.01733084699,19.9452111,29.91781665
2.26,0.1253413543,0.0002486162106,0.01017933742,0.2302163169,-0.001456616854,0.017387169,19.94656385,29.91984577
2.265,0.1264948247,0.0002530788518,0.01026641356,0.2311656501,-0.001475075866,0.01744324797,19.94788319,29.92182478
2.27,0.1276530368,0.0002575983695,0.01035376949,0.2321128389,-0.001493661679,0.01749908477,19.94916996,29.92375494
2.275,0.1288159798,0.0002621751701,0.010441404,0.2330578822,-0.001512374214,0.01755468028,19.95042496,29.92563743
2.28,0.1299836429,0.0002668096602,0.01052931589,0.2340007796,-0.001531213385,0.01761003535,19.95164897,29.92747345
2.285,0.1311560155,0.0002715022466,0.01061750396,0.2349415303,-0.001550179107,0.01766515086,19.95284276,29.92926414
2.29,0.1323330868,0.0002762533361,0.010705967,0.2358801337,-0.001569271287,0.01772002769,19.95400708,29.93101061
2.295,0.1335148461,0.0002810633356,0.01079470384,0.2368165893,-0.00158848983,0.0177746667,19.95514265,29.93271397
2.3,0.1347012826,0.000285932652,0.01088371328,0.2377508968,-0.001607834635,0.01782906876,19.95625018,29.93437527
2.305,0.1358923857,0.0002908616922,0.01097299413,0.2386830559,-0.0016273056,0.01788323476,19.95733036,29.93599555
2.31,0.1370881445,0.0002958508635,0.01106254523,0.2396130661,-0.001646902615,0.01793716556,19.95838388,29.93757582
2.315,0.1382885483,0.0003009005727,0.0111523654,0.2405409274,-0.001666625571,0.01799086205,19.95941139,29.93911708
2.32,0.1394935864,0.0003060112269,0.01124245346,0.2414666395,-0.00168647435,0.01804432509,19.96041352,29.94062029
2.325,0.1407032481,0.0003111832334,0.01133280826,0.2423902025,-0.001706448835,0.01809755557,19.96139092,29.94208638
2.33,0.1419175226,0.000316416999,0.01142342863,0.2433116164,-0.001726548902,0.01815055436,19.96234418,29.94351627
2.335,0.1431363992,0.0003217129309,0.01151431342,0.2442308811,-0.001746774424,0.01820332234,19.9632739,29.94491086
2.34,0.1443598671,0.0003270714361,0.01160546147,0.245147997,-0.001767125271,0.01825586038,19.96418067,29.94627101
2.345,0.1455879156,0.0003324929215,0.01169687164,0.246062964,-0.00178760131,0.01830816936,19.96506506,29.94759759
2.35,0.1468205339,0.0003379777942,0.01178854279,0.2469757826,-0.001808202402,0.01836025016,19.9659276,29.94889141
2.355,0.1480577114,0.000343526461,0.01188047377,0.247886453,-0.001828928406,0.01841210366,19.96676885,29.95015328
2.36,0.1492994372,0.0003491393287,0.01197266345,0.2487949757,-0.001849779178,0.01846373072,19.96758933,29.951384
2.365,0.1505457007,0.000354816804,0.0120651107,0.249701351,-0.00187075457,0.01851513223,19.96838956,29.95258433
2.37,0.1517964911,0.0003605592936,0.01215781439,0.2506055794,-0.00189185443,0.01856630906,19.96917002,29.95375503
2.375,0.1530517977,0.000366367204,0.01225077341,0.2515076616,-0.001913078603,0.01861726208,19.96993122,29.95489682
2.38,0.1543116098,0.0003722409416,0.01234398664,0.2524075981,-0.001934426932,0.01866799217,19.97067362,29.95601043
2.385,0.1555759166,0.0003781809128,0.01243745297,0.2533053896,-0.001955899253,0.0187185002,19.97139769,29.95709653
2.39,0.1568447074,0.0003841875237,0.01253117128,0.2542010368,-0.001977495403,0.01876878705,19.97210388,29.95815582
2.395,0.1581179716,0.0003902611803,0.01262514047,0.2550945404,-0.001999215214,0.01881885358,19.97279264,29.95918896
2.4,0.1593956984,0.0003964022886,0.01271935945,0.2559859014,-0.002021058513,0.01886870066,19.97346439,29.96019659
2.405,0.160677877,0.0004026112543,0.01281382711,0.2568751205,-0.002043025127,0.01891832917,19.97411956,29.96117934
2.41,0.1619644969,0.0004088884828,0.01290854237,0.2577621987,-0.002065114878,0.01896773996,19.97475855,29.96213782
2.415,0.1632555473,0.0004152343797,0.01300350415,0.258647137,-0.002087327586,0.01901693392,19.97538176,29.96307264
2.42,0.1645510174,0.0004216493501,0.01309871135,0.2595299364,-0.002109663066,0.0190659119,19.97598959,29.96398438
2.425,0.1658508968,0.000428133799,0.01319416291,0.2604105979,-0.002132121132,0.01911467477,19.97658241,29.96487361
2.43,0.1671551745,0.0004346881311,0.01328985774,0.2612891227,-0.002154701594,0.01916322339,19.97716059,29.96574088
2.435,0.16846384,0.0004413127512,0.01338579479,0.2621655118,-0.00217740426,0.01921155862,19.9777245,29.96658675
2.44,0.1697768827,0.0004480080634,0.01348197298,0.2630397666,-0.002200228933,0.01925968133,19.97827448,29.96741172
2.445,0.1710942917,0.000454774472,0.01357839125,0.2639118883,-0.002223175416,0.01930759236,19.97881089,29.96821633
2.45,0.1724160566,0.0004616123809,0.01367504855,0.2647818781,-0.002246243508,0.01935529259,19.97933405,29.96900107
2.455,0.1737421665,0.0004685221936,0.01377194382,0.2656497374,-0.002269433003,0.01940278286,19.97984429,29.96976644
2.46,0.175072611,0.0004755043135,0.01386907603,0.2665154675,-0.002292743696,0.01945006403,19.98034194,29.97051291
2.465,0.1764073793,0.0004825591438,0.01396644412,0.2673790699,-0.002316175376,0.01949713694,19.9808273,29.97124095
2.47,0.1777464609,0.0004896870873,0.01406404705,0.268240546,-0.002339727831,0.01954400246,19.98130067,29.97195101
2.475,0.179089845,0.0004968885465,0.0141618838,0.2690998973,-0.002363400847,0.01959066143,19.98176236,29.97264354
2.48,0.1804375211,0.0005041639237,0.01425995332,0.2699571253,-0.002387194206,0.01963711469,19.98221265,29.97331897
2.485,0.1817894787,0.0005115136209,0.0143582546,0.2708122316,-0.002411107688,0.01968336309,19.98265182,29.97397773
2.49,0.183145707,0.0005189380397,0.01445678662,0.2716652179,-0.002435141069,0.01972940748,19.98308015,29.97462022
2.495,0.1845061955,0.0005264375814,0.01455554834,0.2725160857,-0.002459294126,0.01977524869,19.9834979,29.97524685
2.5,0.1858709336,0.0005340126471,0.01465453876,0.2733648367,-0.002483566629,0.01982088756,19.98390534,29.97585801
2.505,0.1872399107,0.0005416636375,0.01475375688,0.2742114727,-0.002507958348,0.01986632494,19.98430272,29.97645408
2.51,0.1886131163,0.0005493909529,0.01485320168,0.2750559953,-0.002532469052,0.01991156165,19.98469029,29.97703543
2.515,0.1899905399,0.0005571949932,0.01495287216,0.2758984064,-0.002557098505,0.01995659852,19.98506828,29.97760243
2.52,0.1913721708,0.0005650761583,0.01505276733,0.2767387078,-0.002581846469,0.0200014364,19.98543695,29.97815542
2.525,0.1927579986,0.0005730348473,0.0151528862,0.2775769013,-0.002606712704,0.0200460761,19.98579651,29.97869477
2.53,0.1941480126,0.0005810714591,0.01525322777,0.2784129888,-0.00263169697,0.02009051845,19.9861472,29.9792208
2.535,0.1955422025,0.0005891863924,0.01535379105,0.2792469723,-0.00265679902,0.02013476429,19.98648922,29.97973384
2.54,0.1969405576,0.0005973800452,0.01545457508,0.2800788536,-0.002682018609,0.02017881442,19.98682281,29.98023421
2.545,0.1983430675,0.0006056528153,0.01555557887,0.2809086348,-0.002707355487,0.02022266967,19.98714815,29.98072223
2.55,0.1997497217,0.0006140051002,0.01565680146,0.2817363178,-0.002732809405,0.02026633086,19.98746547,29.9811982
2.555,0.2011605098,0.0006224372967,0.01575824186,0.2825619047,-0.002758380107,0.0203097988,19.98777494,29.98166242
2.56,0.2025754211,0.0006309498015,0.01585989912,0.2833853975,-0.00278406734,0.0203530743,19.98807678,29.98211517
2.565,0.2039944454,0.0006395430107,0.01596177228,0.2842067984,-0.002809870845,0.02039615818,19.98837117,29.98255675
2.57,0.2054175721,0.00064821732,0.01606386039,0.2850261094,-0.002835790364,0.02043905124,19.98865828,29.98298743
2.575,0.2068447908,0.0006569731247,0.01616616248,0.2858433328,-0.002861825634,0.02048175428,19.98893831,29.98340747
2.58,0.208276091,0.0006658108196,0.01626867761,0.2866584706,-0.002887976392,0.02052426812,19.98921143,29.98381714
2.585,0.2097114625,0.0006747307992,0.01637140485,0.2874715251,-0.002914242373,0.02056659356,19.9894778,29.9842167
2.59,0.2111508947,0.0006837334573,0.01647434324,0.2882824985,-0.002940623309,0.02060873138,19.98973759,29.98460639
2.595,0.2125943772,0.0006928191876,0.01657749185,0.2890913931,-0.00296711893,0.02065068239,19.98999097,29.98498646
2.6,0.2140418998,0.000701988383,0.01668084975,0.2898982112,-0.002993728966,0.02069244737,19.9902381,29.98535714
2.605,0.2154934519,0.0007112414361,0.01678441601,0.290702955,-0.003020453142,0.02073402713,19.99047912,29.98571868
2.61,0.2169490233,0.0007205787391,0.01688818971,0.2915056269,-0.003047291185,0.02077542245,19.99071419,29.98607128
2.615,0.2184086037,0.0007300006834,0.01699216993,0.2923062293,-0.003074242817,0.02081663411,19.99094346,29.98641518
2.62,0.2198721826,0.0007395076603,0.01709635575,0.2931047645,-0.003101307759,0.0208576629,19.99116706,29.98675059
2.625,0.2213397497,0.0007491000604,0.01720074626,0.2939012349,-0.003128485732,0.02089850959,19.99138515,29.98707772
2.63,0.2228112948,0.0007587782738,0.01730534054,0.294695643,-0.003155776452,0.02093917498,19.99159785,29.98739678
2.635,0.2242868075,0.0007685426901,0.01741013771,0.2954879912,-0.003183179637,0.02097965982,19.9918053,29.98770795
2.64,0.2257662776,0.0007783936985,0.01751513684,0.296278282,-0.003210695,0.0210199649,19.99200763,29.98801144
2.645,0.2272496948,0.0007883316876,0.01762033706,0.2970665178,-0.003238322254,0.02106009099,19.99220496,29.98830744
2.65,0.2287370488,0.0007983570454,0.01772573746,0.2978527012,-0.00326606111,0.02110003885,19.99239742,29.98859613
2.655,0.2302283294,0.0008084701595,0.01783133715,0.2986368348,-0.003293911279,0.02113980925,19.99258513,29.98887769
2.66,0.2317235263,0.000818671417,0.01793713525,0.299418921,-0.003321872467,0.02117940295,19.9927682,29.9891523
2.665,0.2332226294,0.0008289612043,0.01804313089,0.3001989625,-0.003349944382,0.02121882071,19.99294676,29.98942013
2.67,0.2347256283,0.0008393399073,0.01814932317,0.3009769618,-0.003378126727,0.02125806328,19.9931209,29.98968135
2.675,0.236232513,0.0008498079116,0.01825571123,0.3017529217,-0.003406419207,0.02129713143,19.99329075,29.98993612
2.68,0.2377432732,0.0008603656018,0.01836229419,0.3025268446,-0.003434821524,0.02133602591,19.9934564,29.9901846
2.685,0.2392578987,0.0008710133624,0.0184690712,0.3032987333,-0.003463333376,0.02137474746,19.99361796,29.99042694
2.69,0.2407763794,0.000881751577,0.01857604138,0.3040685905,-0.003491954465,0.02141329682,19.99377553,29.9906633
2.695,0.2422987052,0.0008925806288,0.01868320388,0.3048364188,-0.003520684486,0.02145167476,19.99392922,29.99089383
2.7,0.243824866,0.0009035009004,0.01879055784,0.305602221,-0.003549523137,0.02148988199,19.99407911,29.99111866
2.705,0.2453548515,0.0009145127738,0.01889810242,0.3063659998,-0.003578470112,0.02152791928,19.99422529,29.99133794
2.71,0.2468886518,0.0009256166304,0.01900583676,0.3071277579,-0.003607525104,0.02156578734,19.99436787,29.99155181
2.715,0.2484262566,0.0009368128512,0.01911376001,0.3078874982,-0.003636687806,0.02160348692,19.99450693,29.99176039
2.72,0.2499676561,0.0009481018162,0.01922187134,0.3086452233,-0.003665957908,0.02164101873,19.99464255,29.99196383
2.725,0.25151284,0.0009594839052,0.01933016992,0.3094009361,-0.003695335099,0.02167838353,19.99477483,29.99216224
2.73,0.2530617983,0.0009709594973,0.0194386549,0.3101546395,-0.003724819069,0.02171558201,19.99490384,29.99235576
2.735,0.2546145211,0.0009825289709,0.01954732546,0.3109063362,-0.003754409504,0.02175261492,19.99502966,29.9925445
2.74,0.2561709982,0.0009941927039,0.01965618078,0.3116560291,-0.00378410609,0.02178948297,19.99515238,29.99272857
2.745,0.2577312198,0.001005951073,0.01976522002,0.3124037211,-0.003813908512,0.02182618687,19.99527207,29.9929081
2.75,0.2592951757,0.001017804456,0.01987444237,0.313149415,-0.003843816452,0.02186272734,19.9953888,29.9930832
2.755,0.260862856,0.001029753228,0.01998384702,0.3138931138,-0.003873829594,0.0218991051,19.99550265,29.99325398
2.76,0.2624342508,0.001041797765,0.02009343315,0.3146348203,-0.003903947618,0.02193532084,19.99561369,29.99342054
2.765,0.2640093502,0.001053938441,0.02020319996,0.3153745376,-0.003934170205,0.02197137528,19.99572199,29.99358299
2.77,0.2655881441,0.00106617563,0.02031314664,0.3161122684,-0.003964497034,0.02200726913,19.99582762,29.99374142
2.775,0.2671706226,0.001078509707,0.02042327239,0.3168480159,-0.003994927782,0.02204300307,19.99593063,29.99389595
2.78,0.268756776,0.001090941043,0.02053357641,0.317581783,-0.004025462127,0.02207857781,19.99603111,29.99404666
2.785,0.2703465942,0.001103470011,0.0206440579,0.3183135726,-0.004056099744,0.02211399405,19.9961291,29.99419365
2.79,0.2719400674,0.001116096983,0.02075471608,0.3190433877,-0.004086840308,0.02214925248,19.99622467,29.99433701
2.795,0.2735371858,0.001128822329,0.02086555016,0.3197712314,-0.004117683493,0.02218435379,19.99631788,29.99447683
2.8,0.2751379395,0.00114164642,0.02097655936,0.3204971068,-0.004148628972,0.02221929866,19.9964088,29.99461319
2.805,0.2767423187,0.001154569625,0.02108774289,0.3212210167,-0.004179676417,0.02225408778,19.99649746,29.99474619
2.81,0.2783503136,0.001167592313,0.02119909998,0.3219429643,-0.004210825499,0.02228872183,19.99658394,29.99487591
2.815,0.2799619143,0.001180714853,0.02131062985,0.3226629527,-0.004242075889,0.02232320149,19.99666828,29.99500243
2.82,0.2815771111,0.001193937612,0.02142233174,0.3233809849,-0.004273427255,0.02235752744,19.99675054,29.99512582
2.825,0.2831958943,0.001207260957,0.02153420487,0.324097064,-0.004304879266,0.02239170036,19.99683077,29.99524616
2.83,0.284818254,0.001220685254,0.02164624849,0.3248111931,-0.004336431589,0.0224257209,19.99690902,29.99536353
2.835,0.2864441807,0.001234210869,0.02175846183,0.3255233754,-0.004368083891,0.02245958975,19.99698534,29.99547801
2.84,0.2880736644,0.001247838167,0.02187084413,0.3262336139,-0.004399835839,0.02249330757,19.99705977,29.99558966
2.845,0.2897066956,0.001261567512,0.02198339465,0.3269419118,-0.004431687097,0.02252687501,19.99713237,29.99569855
2.85,0.2913432645,0.001275399267,0.02209611263,0.3276482723,-0.004463637329,0.02256029275,19.99720317,29.99580475
2.855,0.2929833614,0.001289333796,0.02220899733,0.3283526984,-0.0044956862,0.02259356144,19.99727222,29.99590833
2.86,0.2946269768,0.00130337146,0.022322048,0.3290551935,-0.004527833372,0.02262668173,19.99733957,29.99600936
2.865,0.296274101,0.001317512621,0.0224352639,0.3297557605,-0.004560078507,0.02265965428,19.99740526,29.99610789
2.87,0.2979247244,0.00133175764,0.0225486443,0.3304544028,-0.004592421266,0.02269247974,19.99746932,29.99620398
2.875,0.2995788372,0.001346106876,0.02266218846,0.3311511236,-0.004624861311,0.02272515875,19.9975318,29.99629771
2.88,0.3012364301,0.00136056069,0.02277589564,0.331845926,-0.004657398302,0.02275769196,19.99759274,29.99638912
2.885,0.3028974933,0.00137511944,0.02288976513,0.3325388133,-0.004690031897,0.02279008001,19.99765218,29.99647827
2.89,0.3045620174,0.001389783483,0.0230037962,0.3332297887,-0.004722761756,0.02282232355,19.99771015,29.99656522
2.895,0.3062299927,0.001404553177,0.02311798813,0.3339188554,-0.004755587538,0.0228544232,19.99776668,29.99665003
2.9,0.3079014098,0.001419428879,0.0232323402,0.3346060167,-0.004788508898,0.0228863796,19.99782182,29.99673274
2.905,0.3095762591,0.001434410944,0.02334685169,0.3352912759,-0.004821525495,0.02291819339,19.9978756,29.99681341
2.91,0.3112545312,0.001449499728,0.02346152189,0.3359746362,-0.004854636986,0.02294986519,19.99792806,29.99689208
2.915,0.3129362166,0.001464695584,0.0235763501,0.3366561009,-0.004887843025,0.02298139563,19.99797921,29.99696882
2.92,0.3146213057,0.001479998867,0.02369133561,0.3373356733,-0.004921143268,0.02301278534,19.99802911,29.99704366
2.925,0.3163097893,0.00149540993,0.02380647772,0.3380133567,-0.00495453737,0.02304403493,19.99807777,29.99711665
2.93,0.3180016577,0.001510929124,0.02392177573,0.3386891543,-0.004988024985,0.02307514502,19.99812523,29.99718784
2.935,0.3196969018,0.001526556801,0.02403722894,0.3393630696,-0.005021605768,0.02310611624,19.99817152,29.99725727
2.94,0.3213955119,0.001542293312,0.02415283666,0.3400351058,-0.005055279371,0.02313694918,19.99821666,29.99732499
2.945,0.3230974788,0.001558139007,0.0242685982,0.3407052662,-0.005089045448,0.02316764447,19.99826069,29.99739104
2.95,0.3248027931,0.001574094236,0.02438451288,0.3413735542,-0.00512290365,0.02319820272,19.99830364,29.99745545
2.955,0.3265114454,0.001590159346,0.02450058,0.3420399731,-0.00515685363,0.02322862452,19.99834552,29.99751828
2.96,0.3282234265,0.001606334686,0.0246167989,0.3427045263,-0.00519089504,0.02325891049,19.99838637,29.99757955
2.965,0.329938727,0.001622620602,0.02473316888,0.3433672172,-0.005225027531,0.02328906121,19.99842621,29.99763931
2.97,0.3316573376,0.001639017442,0.02484968929,0.344028049,-0.005259250753,0.0233190773,19.99846507,29.9976976
2.975,0.333379249,0.00165552555,0.02496635943,0.3446870252,-0.005293564357,0.02334895935,19.99850296,29.99775445
2.98,0.335104452,0.001672145272,0.02508317866,0.3453441492,-0.005327967993,0.02337870795,19.99853993,29.99780989
2.985,0.3368329374,0.001688876952,0.02520014629,0.3459994243,-0.005362461311,0.02340832369,19.99857597,29.99786396
2.99,0.3385646958,0.001705720932,0.02531726167,0.346652854,-0.005397043961,0.02343780716,19.99861113,29.9979167
2.995,0.3402997182,0.001722677557,0.02543452414,0.3473044415,-0.005431715591,0.02346715895,19.99864543,29.99796814
3,0.3420379952,0.001739747167,0.02555193304,0.3479541905,-0.00546647585,0.02349637964,19.99867887,29.9980183
3.005,0.3437795178,0.001756930103,0.02566948772,0.3486021041,-0.005501324387,0.0235254698,19.99871149,29.99806723
3.01,0.3455242768,0.001774226707,0.02578718753,0.349248186,-0.00553626085,0.02355443003,19.9987433,29.99811495
3.015,0.347272263,0.001791637318,0.02590503181,0.3498924394,-0.005571284887,0.02358326089,19.99877433,29.9981615
3.02,0.3490234673,0.001809162274,0.02602301992,0.3505348679,-0.005606396146,0.02361196296,19.99880459,29.99820689
3.025,0.3507778806,0.001826801914,0.02614115122,0.3511754749,-0.005641594275,0.02364053681,19.99883411,29.99825116
3.03,0.3525354938,0.001844556576,0.02625942508,0.3518142637,-0.00567687892,0.02366898301,19.99886289,29.99829434
3.035,0.3542962978,0.001862426595,0.02637784084,0.3524512379,-0.005712249729,0.02369730212,19.99889097,29.99833645
3.04,0.3560602837,0.001880412307,0.02649639789,0.3530864009,-0.005747706349,0.02372549472,19.99891835,29.99837753
3.045,0.3578274422,0.001898514049,0.02661509558,0.3537197562,-0.005783248426,0.02375356135,19.99894506,29.99841758
3.05,0.3595977645,0.001916732154,0.02673393329,0.3543513073,-0.005818875607,0.02378150258,19.9989711,29.99845665
3.055,0.3613712415,0.001935066955,0.0268529104,0.3549810575,-0.005854587539,0.02380931897,19.99899651,29.99849476
3.06,0.3631478643,0.001953518786,0.02697202627,0.3556090104,-0.005890383867,0.02383701107,19.99902128,29.99853192
3.065,0.3649276238,0.001972087978,0.0270912803,0.3562351695,-0.005926264238,0.02386457943,19.99904545,29.99856817
3.07,0.3667105111,0.001990774863,0.02721067186,0.3568595382,-0.005962228298,0.0238920246,19.99906902,29.99860352
3.075,0.3684965173,0.002009579772,0.02733020034,0.3574821201,-0.005998275692,0.02391934714,19.999092,29.998638
3.08,0.3702856335,0.002028503034,0.02744986513,0.3581029185,-0.006034406067,0.02394654757,19.99911442,29.99867163
3.085,0.3720778507,0.002047544978,0.02756966562,0.3587219371,-0.006070619069,0.02397362646,19.99913629,29.99870443
3.09,0.3738731601,0.002066705932,0.02768960119,0.3593391793,-0.006106914342,0.02400058433,19.99915761,29.99873642
3.095,0.3756715528,0.002085986225,0.02780967126,0.3599546487,-0.006143291532,0.02402742172,19.99917841,29.99876761
3.1,0.37747302,0.002105386182,0.02792987521,0.3605683487,-0.006179750286,0.02405413918,19.99919869,29.99879804
3.105,0.3792775529,0.00212490613,0.02805021245,0.3611802828,-0.006216290248,0.02408073722,19.99921848,29.99882772
3.11,0.3810851426,0.002144546393,0.02817068238,0.3617904547,-0.006252911064,0.0241072164,19.99923777,29.99885666
3.115,0.3828957803,0.002164307297,0.02829128442,0.3623988677,-0.00628961238,0.02413357722,19.99925659,29.99888489
3.12,0.3847094573,0.002184189164,0.02841201796,0.3630055254,-0.00632639384,0.02415982023,19.99927495,29.99891242
3.125,0.3865261648,0.002204192318,0.02853288242,0.3636104314,-0.006363255091,0.02418594594,19.99929285,29.99893927
3.13,0.388345894,0.002224317081,0.02865387722,0.3642135892,-0.006400195778,0.02421195487,19.99931031,29.99896546
3.135,0.3901686363,0.002244563774,0.02877500178,0.3648150023,-0.006437215546,0.02423784755,19.99932734,29.99899101
3.14,0.391994383,0.002264932718,0.02889625551,0.3654146742,-0.00647431404,0.02426362449,19.99934395,29.99901592
3.145,0.3938231253,0.002285424232,0.02901763783,0.3660126086,-0.006511490907,0.02428928621,19.99936014,29.99904022
3.15,0.3956548545,0.002306038636,0.02913914818,0.3666088088,-0.006548745792,0.02431483322,19.99937594,29.99906391
3.155,0.3974895621,0.002326776248,0.02926078597,0.3672032786,-0.006586078341,0.02434026603,19.99939135,29.99908703
3.16,0.3993272394,0.002347637385,0.02938255065,0.3677960215,-0.0066234882,0.02436558515,19.99940638,29.99910957
3.165,0.4011678778,0.002368622364,0.02950444164,0.3683870409,-0.006660975013,0.02439079108,19.99942103,29.99913155
3.17,0.4030114687,0.002389731501,0.02962645837,0.3689763405,-0.006698538428,0.02441588433,19.99943533,29.99915299
3.175,0.4048580034,0.002410965111,0.02974860029,0.3695639238,-0.006736178091,0.0244408654,19.99944927,29.99917391
3.18,0.4067074735,0.002432323509,0.02987086684,0.3701497944,-0.006773893647,0.0244657348,19.99946287,29.9991943
3.185,0.4085598704,0.002453807008,0.02999325746,0.3707339558,-0.006811684743,0.02449049301,19.99947613,29.9992142
3.19,0.4104151856,0.002475415921,0.03011577159,0.3713164116,-0.006849551026,0.02451514053,19.99948906,29.9992336
3.195,0.4122734105,0.00249715056,0.03023840868,0.3718971654,-0.006887492141,0.02453967786,19.99950168,29.99925252
3.2,0.4141345366,0.002519011237,0.03036116818,0.3724762208,-0.006925507736,0.02456410549,19.99951398,29.99927098
3.205,0.4159985556,0.002540998262,0.03048404955,0.3730535812,-0.006963597458,0.02458842391,19.99952598,29.99928897
3.21,0.4178654589,0.002563111945,0.03060705224,0.3736292504,-0.007001760953,0.02461263359,19.99953769,29.99930653
3.215,0.419735238,0.002585352595,0.03073017571,0.3742032319,-0.00703999787,0.02463673503,19.9995491,29.99932365
3.22,0.4216078847,0.00260772052,0.03085341941,0.3747755292,-0.007078307855,0.02466072872,19.99956023,29.99934035
3.225,0.4234833904,0.002630216027,0.03097678281,0.3753461459,-0.007116690556,0.02468461512,19.99957109,29.99935664
3.23,0.4253617468,0.002652839425,0.03110026538,0.3759150856,-0.007155145621,0.02470839472,19.99958168,29.99937252
3.235,0.4272429456,0.002675591017,0.03122386658,0.376482352,-0.007193672698,0.02473206799,19.99959201,29.99938801
3.24,0.4291269783,0.00269847111,0.03134758589,0.3770479485,-0.007232271436,0.02475563542,19.99960208,29.99940312
3.245,0.4310138366,0.002721480008,0.03147142276,0.3776118788,-0.007270941482,0.02477909746,19.99961191,29.99941786
3.25,0.4329035123,0.002744618015,0.03159537669,0.3781741464,-0.007309682487,0.02480245459,19.99962149,29.99943223
3.255,0.434795997,0.002767885434,0.03171944713,0.378734755,-0.007348494098,0.02482570728,19.99963084,29.99944625
3.26,0.4366912825,0.002791282566,0.03184363359,0.3792937081,-0.007387375965,0.02484885599,19.99963995,29.99945993
3.265,0.4385893605,0.002814809713,0.03196793552,0.3798510094,-0.007426327737,0.02487190119,19.99964884,29.99947326
3.27,0.4404902227,0.002838467176,0.03209235243,0.3804066624,-0.007465349065,0.02489484334,19.99965751,29.99948626
3.275,0.442393861,0.002862255255,0.03221688378,0.3809606707,-0.007504439599,0.02491768289,19.99966597,29.99949895
3.28,0.4443002671,0.002886174248,0.03234152908,0.3815130378,-0.007543598988,0.02494042031,19.99967421,29.99951132
3.285,0.4462094329,0.002910224454,0.03246628782,0.3820637675,-0.007582826884,0.02496305606,19.99968226,29.99952339
3.29,0.4481213501,0.002934406171,0.03259115948,0.3826128633,-0.007622122938,0.02498559058,19.9996901,29.99953515
3.295,0.4500360106,0.002958719695,0.03271614356,0.3831603288,-0.0076614868,0.02500802432,19.99969775,29.99954663
3.3,0.4519534064,0.002983165322,0.03284123955,0.3837061676,-0.007700918124,0.02503035774,19.99970522,29.99955782
3.305,0.4538735292,0.003007743348,0.03296644697,0.3842503832,-0.00774041656,0.02505259129,19.99971249,29.99956874
3.31,0.455796371,0.003032454067,0.0330917653,0.3847929793,-0.00777998176,0.0250747254,19.99971959,29.99957939
3.315,0.4577219237,0.003057297773,0.03321719406,0.3853339595,-0.007819613378,0.02509676053,19.99972652,29.99958977
3.32,0.4596501792,0.003082274759,0.03334273274,0.3858733274,-0.007859311067,0.02511869711,19.99973327,29.9995999
3.325,0.4615811295,0.003107385317,0.03346838086,0.3864110866,-0.00789907448,0.02514053559,19.99973985,29.99960978
3.33,0.4635147666,0.003132629739,0.03359413793,0.3869472406,-0.00793890327,0.0251622764,19.99974628,29.99961942
3.335,0.4654510825,0.003158008316,0.03372000347,0.3874817931,-0.007978797091,0.02518391997,19.99975254,29.99962881
3.34,0.4673900692,0.003183521336,0.03384597697,0.3880147477,-0.008018755599,0.02520546676,19.99975865,29.99963798
3.345,0.4693317186,0.003209169091,0.03397205797,0.3885461079,-0.008058778448,0.02522691717,19.99976461,29.99964692
3.35,0.4712760229,0.003234951867,0.03409824598,0.3890758774,-0.008098865292,0.02524827165,19.99977042,29.99965563
3.355,0.4732229741,0.003260869954,0.03422454053,0.3896040598,-0.008139015789,0.02526953062,19.99977609,29.99966414
3.36,0.4751725643,0.003286923638,0.03435094113,0.3901306586,-0.008179229593,0.02529069451,19.99978162,29.99967243
3.365,0.4771247856,0.003313113204,0.03447744732,0.3906556775,-0.008219506362,0.02531176375,19.99978701,29.99968052
3.37,0.4790796302,0.00333943894,0.03460405861,0.39117912,-0.008259845751,0.02533273875,19.99979227,29.9996884
3.375,0.4810370901,0.003365901129,0.03473077455,0.3917009898,-0.008300247419,0.02535361994,19.9997974,29.9996961
3.38,0.4829971575,0.003392500055,0.03485759466,0.3922212904,-0.008340711023,0.02537440773,19.9998024,29.9997036
3.385,0.4849598245,0.003419236002,0.03498451847,0.3927400255,-0.008381236221,0.02539510255,19.99980728,29.99971092
3.39,0.4869250835,0.003446109252,0.03511154553,0.3932571985,-0.008421822672,0.02541570481,19.99981204,29.99971806
3.395,0.4888929265,0.003473120088,0.03523867537,0.3937728133,-0.008462470035,0.02543621492,19.99981668,29.99972502
3.4,0.4908633459,0.003500268789,0.03536590752,0.3942868732,-0.008503177969,0.02545663329,19.9998212,29.99973181
3.405,0.4928363338,0.003527555637,0.03549324155,0.3947993819,-0.008543946134,0.02547696033,19.99982562,29.99973843
3.41,0.4948118825,0.003554980911,0.03562067698,0.3953103431,-0.008584774191,0.02549719645,19.99982992,29.99974489
3.415,0.4967899843,0.00358254489,0.03574821336,0.3958197602,-0.0086256618,0.02551734207,19.99983412,29.99975119
3.42,0.4987706315,0.003610247852,0.03587585025,0.3963276369,-0.008666608623,0.02553739757,19.99983822,29.99975733
3.425,0.5007538164,0.003638090074,0.03600358719,0.3968339767,-0.008707614321,0.02555736336,19.99984221,29.99976332
3.43,0.5027395314,0.003666071833,0.03613142373,0.3973387833,-0.008748678558,0.02557723985,19.99984611,29.99976916
3.435,0.5047277687,0.003694193405,0.03625935944,0.3978420603,-0.008789800995,0.02559702744,19.99984991,29.99977486
3.44,0.5067185208,0.003722455065,0.03638739386,0.3983438112,-0.008830981296,0.02561672651,19.99985361,29.99978042
3.445,0.5087117801,0.003750857087,0.03651552655,0.3988440395,-0.008872219125,0.02563633747,19.99985723,29.99978584
3.45,0.510707539,0.003779399746,0.03664375709,0.399342749,-0.008913514145,0.02565586071,19.99986075,29.99979113
3.455,0.5127057898,0.003808083314,0.03677208502,0.3998399431,-0.008954866023,0.02567529662,19.99986419,29.99979629
3.46,0.514706525,0.003836908064,0.03690050991,0.4003356254,-0.008996274423,0.02569464559,19.99986755,29.99980132
3.465,0.5167097372,0.003865874267,0.03702903133,0.4008297996,-0.009037739011,0.02571390801,19.99987082,29.99980622
3.47,0.5187154187,0.003894982193,0.03715764884,0.4013224691,-0.009079259453,0.02573308426,19.999874,29.99981101
3.475,0.520723562,0.003924232114,0.03728636203,0.4018136376,-0.009120835417,0.02575217474,19.99987712,29.99981567
3.48,0.5227341598,0.003953624298,0.03741517045,0.4023033087,-0.00916246657,0.02577117983,19.99988015,29.99982022
3.485,0.5247472044,0.003983159014,0.03754407368,0.4027914858,-0.009204152579,0.0257900999,19.99988311,29.99982466
3.49,0.5267626885,0.004012836531,0.03767307131,0.4032781726,-0.009245893113,0.02580893533,19.99988599,29.99982899
3.495,0.5287806046,0.004042657115,0.0378021629,0.4037633727,-0.009287687842,0.02582768651,19.99988881,29.99983321
3.5,0.5308009453,0.004072621033,0.03793134803,0.4042470895,-0.009329536435,0.02584635381,19.99989156,29.99983733
3.505,0.5328237032,0.00410272855,0.0380606263,0.4047293267,-0.009371438562,0.02586493761,19.99989423,29.99984135
3.51,0.534848871,0.004132979933,0.03818999727,0.4052100879,-0.009413393894,0.02588343828,19.99989684,29.99984527
3.515,0.5368764412,0.004163375445,0.03831946054,0.4056893765,-0.009455402103,0.02590185618,19.99989939,29.99984909
3.52,0.5389064065,0.00419391535,0.03844901569,0.4061671961,-0.009497462859,0.0259201917,19.99990187,29.99985281
3.525,0.5409387596,0.004224599911,0.03857866232,0.4066435503,-0.009539575836,0.02593844519,19.9999043,29.99985645
3.53,0.5429734932,0.004255429391,0.03870840001,0.4071184427,-0.009581740707,0.02595661703,19.99990666,29.99985999
3.535,0.5450106,0.00428640405,0.03883822836,0.4075918767,-0.009623957146,0.02597470758,19.99990897,29.99986345
3.54,0.5470500727,0.004317524151,0.03896814695,0.408063856,-0.009666224826,0.02599271721,19.99991121,29.99986682
3.545,0.5490919041,0.004348789953,0.03909815539,0.4085343841,-0.009708543422,0.02601064626,19.9999134,29.99987011
3.55,0.5511360869,0.004380201715,0.03922825328,0.4090034644,-0.00975091261,0.02602849512,19.99991554,29.99987331
3.555,0.5531826138,0.004411759697,0.03935844021,0.4094711006,-0.009793332066,0.02604626413,19.99991763,29.99987644
3.56,0.5552314778,0.004443464157,0.03948871579,0.4099372962,-0.009835801467,0.02606395364,19.99991966,29.99987949
3.565,0.5572826717,0.004475315352,0.03961907962,0.4104020548,-0.009878320489,0.02608156403,19.99992165,29.99988247
3.57,0.5593361881,0.004507313539,0.0397495313,0.4108653798,-0.009920888811,0.02609909563,19.99992358,29.99988537
3.575,0.5613920201,0.004539458974,0.03988007044,0.4113272747,-0.009963506111,0.02611654881,19.99992547,29.9998882
3.58,0.5634501604,0.004571751912,0.04001069666,0.4117877432,-0.01000617207,0.0261339239,19.99992731,29.99989096
3.585,0.565510602,0.004604192608,0.04014140955,0.4122467887,-0.01004888636,0.02615122127,19.9999291,29.99989365
3.59,0.5675733377,0.004636781317,0.04027220874,0.4127044148,-0.01009164867,0.02616844126,19.99993085,29.99989628
3.595,0.5696383605,0.004669518291,0.04040309384,0.4131606249,-0.01013445868,0.02618558421,19.99993256,29.99989884
3.6,0.5717056634,0.004702403783,0.04053406445,0.4136154227,-0.01017731607,0.02620265047,19.99993422,29.99990134
3.605,0.5737752392,0.004735438046,0.04066512021,0.4140688115,-0.01022022052,0.02621964039,19.99993585,29.99990377
3.61,0.5758470809,0.00476862133,0.04079626073,0.4145207949,-0.01026317172,0.0262365543,19.99993743,29.99990615
3.615,0.5779211816,0.004801953886,0.04092748563,0.4149713764,-0.01030616934,0.02625339254,19.99993898,29.99990847
3.62,0.5799975342,0.004835435965,0.04105879453,0.4154205596,-0.01034921308,0.02627015545,19.99994048,29.99991073
3.625,0.5820761318,0.004869067815,0.04119018706,0.4158683478,-0.01039230261,0.02628684337,19.99994195,29.99991293
3.63,0.5841569674,0.004902849685,0.04132166284,0.4163147446,-0.01043543763,0.02630345663,19.99994339,29.99991508
3.635,0.5862400341,0.004936781823,0.0414532215,0.4167597536,-0.01047861781,0.02631999557,19.99994478,29.99991718
3.64,0.5883253249,0.004970864477,0.04158486267,0.4172033781,-0.01052184286,0.02633646052,19.99994615,29.99991922
3.645,0.5904128329,0.005005097893,0.04171658598,0.4176456217,-0.01056511244,0.02635285181,19.99994748,29.99992122
3.65,0.5925025514,0.005039482318,0.04184839107,0.4180864879,-0.01060842626,0.02636916978,19.99994877,29.99992316
3.655,0.5945944733,0.005074017996,0.04198027756,0.4185259801,-0.01065178399,0.02638541473,19.99995004,29.99992506
3.66,0.5966885918,0.005108705172,0.04211224509,0.4189641018,-0.01069518534,0.02640158702,19.99995127,29.99992691
3.665,0.5987849002,0.00514354409,0.04224429331,0.4194008565,-0.01073862998,0.02641768695,19.99995248,29.99992871
3.67,0.6008833915,0.005178534995,0.04237642184,0.4198362477,-0.01078211762,0.02643371485,19.99995365,29.99993047
3.675,0.602984059,0.005213678127,0.04250863034,0.4202702788,-0.01082564793,0.02644967105,19.99995479,29.99993219
3.68,0.605086896,0.005248973731,0.04264091844,0.4207029532,-0.01086922063,0.02646555587,19.99995591,29.99993386
3.685,0.6071918955,0.005284422046,0.04277328578,0.4211342745,-0.01091283538,0.02648136962,19.999957,29.9999355
3.69,0.609299051,0.005320023315,0.04290573201,0.4215642461,-0.0109564919,0.02649711262,19.99995806,29.99993709
3.695,0.6114083556,0.005355777776,0.04303825679,0.4219928715,-0.01100018987,0.02651278519,19.9999591,29.99993864
3.7,0.6135198026,0.00539168567,0.04317085975,0.422420154,-0.011043929,0.02652838764,19.99996011,29.99994016
3.705,0.6156333854,0.005427747236,0.04330354055,0.4228460972,-0.01108770897,0.02654392029,19.99996109,29.99994164
3.71,0.6177490972,0.005463962711,0.04343629884,0.4232707044,-0.01113152947,0.02655938345,19.99996205,29.99994308
3.715,0.6198669315,0.005500332334,0.04356913427,0.4236939792,-0.01117539022,0.02657477743,19.99996299,29.99994448
3.72,0.6219868815,0.005536856342,0.0437020465,0.4241159249,-0.0112192909,0.02659010254,19.9999639,29.99994585
3.725,0.6241089407,0.00557353497,0.04383503518,0.424536545,-0.01126323122,0.02660535909,19.99996479,29.99994719
3.73,0.6262331023,0.005610368455,0.04396809997,0.4249558429,-0.01130721087,0.02662054738,19.99996566,29.99994849
3.735,0.6283593599,0.005647357031,0.04410124054,0.4253738221,-0.01135122956,0.02663566772,19.99996651,29.99994977
3.74,0.6304877068,0.005684500934,0.04423445654,0.4257904858,-0.01139528698,0.02665072041,19.99996734,29.99995101
3.745,0.6326181366,0.005721800397,0.04436774763,0.4262058376,-0.01143938283,0.02666570576,19.99996814,29.99995222
3.75,0.6347506425,0.005759255654,0.04450111348,0.4266198809,-0.01148351682,0.02668062407,19.99996893,29.99995339
3.755,0.6368852182,0.005796866936,0.04463455376,0.4270326191,-0.01152768865,0.02669547563,19.9999697,29.99995455
3.76,0.6390218571,0.005834634477,0.04476806813,0.4274440555,-0.01157189803,0.02671026075,19.99997045,29.99995567
3.765,0.6411605527,0.005872558508,0.04490165626,0.4278541936,-0.01161614465,0.02672497972,19.99997118,29.99995676
3.77,0.6433012986,0.005910639258,0.04503531782,0.4282630367,-0.01166042822,0.02673963284,19.99997189,29.99995783
3.775,0.6454440883,0.00594887696,0.04516905248,0.4286705883,-0.01170474845,0.0267542204,19.99997258,29.99995887
3.78,0.6475889153,0.005987271841,0.04530285991,0.4290768517,-0.01174910504,0.0267687427,19.99997326,29.99995989
3.785,0.6497357732,0.006025824132,0.0454367398,0.4294818303,-0.01179349771,0.02678320003,19.99997392,29.99996088
3.79,0.6518846556,0.006064534061,0.0455706918,0.4298855275,-0.01183792615,0.02679759267,19.99997456,29.99996184
3.795,0.6540355562,0.006103401855,0.04570471561,0.4302879467,-0.01188239008,0.02681192092,19.99997519,29.99996279
3.8,0.6561884685,0.006142427742,0.04583881091,0.4306890912,-0.01192688921,0.02682618507,19.9999758,29.9999637
3.805,0.6583433862,0.006181611948,0.04597297736,0.4310889643,-0.01197142324,0.0268403854,19.9999764,29.9999646
3.81,0.6605003029,0.0062209547,0.04610721465,0.4314875695,-0.01201599189,0.0268545222,19.99997698,29.99996547
3.815,0.6626592124,0.006260456222,0.04624152248,0.4318849102,-0.01206059486,0.02686859575,19.99997755,29.99996633
3.82,0.6648201083,0.006300116741,0.04637590051,0.4322809895,-0.01210523188,0.02688260633,19.99997811,29.99996716
3.825,0.6669829843,0.006339936479,0.04651034843,0.432675811,-0.01214990265,0.02689655423,19.99997865,29.99996797
3.83,0.6691478342,0.00637991566,0.04664486595,0.4330693779,-0.01219460689,0.02691043973,19.99997917,29.99996876
3.835,0.6713146518,0.006420054509,0.04677945273,0.4334616935,-0.0122393443,0.02692426311,19.99997969,29.99996953
3.84,0.6734834306,0.006460353246,0.04691410847,0.4338527613,-0.01228411462,0.02693802464,19.99998019,29.99997028
3.845,0.6756541646,0.006500812095,0.04704883287,0.4342425845,-0.01232891754,0.0269517246,19.99998068,29.99997102
3.85,0.6778268476,0.006541431277,0.04718362562,0.4346311664,-0.01237375279,0.02696536326,19.99998116,29.99997173
3.855,0.6800014733,0.006582211011,0.0473184864,0.4350185104,-0.01241862009,0.02697894091,19.99998162,29.99997243
3.86,0.6821780355,0.00662315152,0.04745341492,0.4354046198,-0.01246351915,0.02699245781,19.99998207,29.99997311
3.865,0.6843565282,0.006664253021,0.04758841088,0.4357894979,-0.0125084497,0.02700591423,19.99998252,29.99997378
3.87,0.6865369452,0.006705515735,0.04772347397,0.4361731479,-0.01255341144,0.02701931045,19.99998295,29.99997442
3.875,0.6887192803,0.00674693988,0.04785860388,0.4365555733,-0.01259840411,0.02703264673,19.99998337,29.99997505
3.88,0.6909035274,0.006788525674,0.04799380033,0.4369367772,-0.01264342742,0.02704592335,19.99998378,29.99997567
3.885,0.6930896805,0.006830273334,0.04812906302,0.437316763,-0.0126884811,0.02705914056,19.99998418,29.99997627
3.89,0.6952777334,0.006872183077,0.04826439164,0.437695534,-0.01273356486,0.02707229864,19.99998457,29.99997686
3.895,0.6974676802,0.006914255119,0.04839978591,0.4380730934,-0.01277867844,0.02708539785,19.99998495,29.99997743
3.9,0.6996595148,0.006956489677,0.04853524552,0.4384494445,-0.01282382155,0.02709843846,19.99998532,29.99997799
3.905,0.7018532311,0.006998886965,0.04867077019,0.4388245907,-0.01286899392,0.02711142072,19.99998569,29.99997853
3.91,0.7040488232,0.007041447198,0.04880635963,0.439198535,-0.01291419527,0.02712434489,19.99998604,29.99997906
3.915,0.706246285,0.00708417059,0.04894201355,0.4395712809,-0.01295942534,0.02713721124,19.99998638,29.99997958
3.92,0.7084456105,0.007127057354,0.04907773165,0.4399428315,-0.01300468384,0.02715002003,19.99998672,29.99998008
3.925,0.7106467939,0.007170107704,0.04921351365,0.4403131902,-0.01304997052,0.02716277151,19.99998705,29.99998057
3.93,0.7128498292,0.007213321853,0.04934935927,0.4406823601,-0.01309528509,0.02717546594,19.99998737,29.99998105
3.935,0.7150547103,0.007256700011,0.04948526822,0.4410503445,-0.01314062728,0.02718810357,19.99998768,29.99998152
3.94,0.7172614316,0.007300242391,0.04962124021,0.4414171467,-0.01318599683,0.02720068466,19.99998798,29.99998198
3.945,0.7194699869,0.007343949203,0.04975727497,0.4417827698,-0.01323139346,0.02721320946,19.99998828,29.99998242
3.95,0.7216803705,0.007387820657,0.04989337221,0.4421472171,-0.01327681691,0.02722567822,19.99998857,29.99998285
3.955,0.7238925765,0.007431856965,0.05002953166,0.4425104918,-0.01332226691,0.0272380912,19.99998885,29.99998328
3.96,0.726106599,0.007476058333,0.05016575303,0.4428725972,-0.0133677432,0.02725044864,19.99998913,29.99998369
3.965,0.7283224322,0.007520424973,0.05030203605,0.4432335363,-0.0134132455,0.02726275079,19.9999894,29.99998409
3.97,0.7305400703,0.00756495709,0.05043838045,0.4435933126,-0.01345877355,0.0272749979,19.99998966,29.99998449
3.975,0.7327595075,0.007609654895,0.05057478594,0.443951929,-0.01350432709,0.02728719021,19.99998991,29.99998487
3.98,0.7349807381,0.007654518593,0.05071125226,0.4443093889,-0.01354990585,0.02729932798,19.99999016,29.99998524
3.985,0.7372037561,0.007699548391,0.05084777913,0.4446656955,-0.01359550958,0.02731141143,19.9999904,29.99998561
3.99,0.739428556,0.007744744495,0.05098436628,0.4450208518,-0.013641138,0.02732344083,19.99999064,29.99998596
3.995,0.7416551319,0.007790107112,0.05112101345,0.4453748612,-0.01368679086,0.0273354164,19.99999087,29.99998631
4,0.7438834781,0.007835636446,0.05125772036,0.4457277267,-0.0137324679,0.0273473384,19.9999911,29.99998665
4.005,0.746113589,0.007881332702,0.05139448674,0.4460794515,-0.01377816885,0.02735920705,19.99999132,29.99998698
4.01,0.7483454588,0.007927196083,0.05153131234,0.4464300388,-0.01382389346,0.0273710226,19.99999153,29.9999873
4.015,0.7505790818,0.007973226795,0.05166819688,0.4467794918,-0.01386964147,0.02738278529,19.99999174,29.99998761
4.02,0.7528144525,0.008019425039,0.0518051401,0.4471278136,-0.01391541261,0.02739449535,19.99999195,29.99998792
4.025,0.7550515652,0.008065791018,0.05194214175,0.4474750073,-0.01396120665,0.02740615301,19.99999214,29.99998822
4.03,0.7572904142,0.008112324935,0.05207920155,0.4478210761,-0.01400702331,0.02741775852,19.99999234,29.99998851
4.035,0.7595309939,0.008159026991,0.05221631925,0.4481660232,-0.01405286235,0.0274293121,19.99999253,29.99998879
4.04,0.7617732987,0.008205897387,0.05235349458,0.4485098516,-0.0140987235,0.02744081399,19.99999271,29.99998907
4.045,0.7640173232,0.008252936324,0.0524907273,0.4488525645,-0.01414460652,0.02745226442,19.99999289,29.99998934
4.05,0.7662630616,0.008300144003,0.05262801714,0.449194165,-0.01419051115,0.02746366362,19.99999307,29.9999896
4.055,0.7685105085,0.008347520622,0.05276536385,0.4495346563,-0.01423643714,0.02747501182,19.99999324,29.99998986
4.06,0.7707596582,0.008395066381,0.05290276718,0.4498740413,-0.01428238424,0.02748630924,19.99999341,29.99999011
4.065,0.7730105054,0.008442781479,0.05304022686,0.4502123234,-0.0143283522,0.02749755612,19.99999357,29.99999035
4.07,0.7752630445,0.008490666113,0.05317774265,0.4505495054,-0.01437434076,0.02750875267,19.99999373,29.99999059
4.075,0.77751727,0.008538720483,0.0533153143,0.4508855906,-0.01442034968,0.02751989913,19.99999388,29.99999082
4.08,0.7797731765,0.008586944784,0.05345294156,0.451220582,-0.01446637872,0.02753099572,19.99999403,29.99999105
4.085,0.7820307584,0.008635339215,0.05359062418,0.4515544827,-0.01451242761,0.02754204266,19.99999418,29.99999127
4.09,0.7842900104,0.00868390397,0.05372836191,0.4518872957,-0.01455849612,0.02755304018,19.99999432,29.99999149
4.095,0.786550927,0.008732639247,0.0538661545,0.4522190242,-0.014604584,0.02756398849,19.99999446,29.9999917
4.1,0.7888135028,0.00878154524,0.05400400171,0.4525496713,-0.01465069101,0.02757488781,19.9999946,29.9999919
4.105,0.7910777325,0.008830622144,0.05414190329,0.4528792398,-0.0146968169,0.02758573837,19.99999473,29.9999921
4.11,0.7933436106,0.008879870155,0.05427985901,0.4532077331,-0.01474296142,0.02759654039,19.99999486,29.9999923
4.115,0.7956111318,0.008929289465,0.05441786862,0.453535154,-0.01478912433,0.02760729407,19.99999499,29.99999249
4.12,0.7978802907,0.008978880269,0.05455593187,0.4538615056,-0.0148353054,0.02761799964,19.99999511,29.99999267
4.125,0.800151082,0.00902864276,0.05469404853,0.4541867909,-0.01488150438,0.02762865731,19.99999524,29.99999285
4.13,0.8024235004,0.00907857713,0.05483221837,0.4545110131,-0.01492772102,0.02763926729,19.99999535,29.99999303
4.135,0.8046975406,0.009128683571,0.05497044113,0.4548341751,-0.0149739551,0.0276498298,19.99999547,29.9999932
4.14,0.8069731973,0.009178962276,0.05510871658,0.4551562799,-0.01502020636,0.02766034506,19.99999558,29.99999337
4.145,0.8092504651,0.009229413436,0.0552470445,0.4554773305,-0.01506647458,0.02767081327,19.99999569,29.99999353
4.15,0.811529339,0.009280037241,0.05538542464,0.45579733,-0.01511275951,0.02768123464,19.9999958,29.99999369
4.155,0.8138098136,0.009330833882,0.05552385677,0.4561162814,-0.01515906092,0.02769160938,19.9999959,29.99999385
4.16,0.8160918837,0.00938180355,0.05566234066,0.4564341876,-0.01520537857,0.02770193771,19.999996,29.999994
4.165,0.818375544,0.009432946432,0.05580087607,0.4567510517,-0.01525171222,0.02771221982,19.9999961,29.99999415
4.17,0.8206607894,0.00948426272,0.05593946278,0.4570668767,-0.01529806165,0.02772245593,19.9999962,29.99999429
4.175,0.8229476148,0.009535752601,0.05607810055,0.4573816654,-0.01534442662,0.02773264624,19.99999629,29.99999443
4.18,0.8252360149,0.009587416263,0.05621678916,0.457695421,-0.01539080689,0.02774279096,19.99999638,29.99999457
4.185,0.8275259845,0.009639253895,0.05635552839,0.4580081463,-0.01543720223,0.02775289029,19.99999647,29.99999471
4.19,0.8298175186,0.009691265684,0.05649431799,0.4583198443,-0.01548361242,0.02776294443,19.99999656,29.99999484
4.195,0.832110612,0.009743451817,0.05663315775,0.458630518,-0.01553003721,0.02777295359,19.99999664,29.99999496
4.2,0.8344052596,0.00979581248,0.05677204745,0.4589401704,-0.01557647639,0.02778291796,19.99999673,29.99999509
4.205,0.8367014564,0.00984834786,0.05691098686,0.4592488044,-0.01562292971,0.02779283776,19.99999681,29.99999521
4.21,0.8389991971,0.009901058142,0.05704997576,0.4595564228,-0.01566939696,0.02780271316,19.99999688,29.99999533
4.215,0.8412984769,0.009953943512,0.05718901392,0.4598630288,-0.01571587791,0.02781254439,19.99999696,29.99999544
4.22,0.8435992906,0.01000700415,0.05732810113,0.4601686251,-0.01576237232,0.02782233163,19.99999704,29.99999556
4.225,0.8459016331,0.01006024025,0.05746723716,0.4604732147,-0.01580887998,0.02783207507,19.99999711,29.99999567
4.23,0.8482054995,0.01011365199,0.0576064218,0.4607768006,-0.01585540066,0.02784177492,19.99999718,29.99999577
4.235,0.8505108848,0.01016723956,0.05774565484,0.4610793856,-0.01590193412,0.02785143138,19.99999725,29.99999588
4.24,0.8528177839,0.01022100313,0.05788493605,0.4613809727,-0.01594848016,0.02786104463,19.99999732,29.99999598
4.245,0.855126192,0.0102749429,0.05802426521,0.4616815647,-0.01599503854,0.02787061486,19.99999739,29.99999608
4.25,0.8574361039,0.01032905903,0.05816364212,0.4619811646,-0.01604160905,0.02788014228,19.99999745,29.99999617
4.255,0.8597475149,0.01038335173,0.05830306656,0.4622797752,-0.01608819145,0.02788962707,19.99999751,29.99999627
4.26,0.8620604198,0.01043782116,0.05844253832,0.4625773994,-0.01613478554,0.02789906942,19.99999757,29.99999636
4.265,0.8643748139,0.0104924675,0.05858205719,0.4628740401,-0.01618139109,0.02790846953,19.99999763,29.99999645
4.27,0.8666906923,0.01054729095,0.05872162295,0.4631697001,-0.01622800788,0.02791782757,19.99999769,29.99999654
4.275,0.8690080499,0.01060229168,0.05886123539,0.4634643824,-0.0162746357,0.02792714375,19.99999775,29.99999662
4.28,0.871326882,0.01065746986,0.05900089432,0.4637580897,-0.01632127432,0.02793641824,19.9999978,29.99999671
4.285,0.8736471837,0.01071282569,0.05914059951,0.464050825,-0.01636792352,0.02794565124,19.99999786,29.99999679
4.29,0.8759689501,0.01076835933,0.05928035076,0.4643425911,-0.01641458311,0.02795484293,19.99999791,29.99999687
4.295,0.8782921764,0.01082407098,0.05942014787,0.4646333908,-0.01646125284,0.02796399349,19.99999796,29.99999695
4.3,0.8806168578,0.01087996079,0.05955999063,0.464923227,-0.01650793252,0.02797310311,19.99999801,29.99999702
4.305,0.8829429895,0.01093602897,0.05969987883,0.4652121024,-0.01655462193,0.02798217197,19.99999806,29.99999709
4.31,0.8852705667,0.01099227567,0.05983981228,0.46550002,-0.01660132085,0.02799120026,19.99999811,29.99999717
4.315,0.8875995846,0.01104870108,0.05997979077,0.4657869825,-0.01664802908,0.02800018815,19.99999816,29.99999724
4.32,0.8899300384,0.01110530539,0.06011981409,0.4660729928,-0.0166947464,0.02800913583,19.9999982,29.9999973
4.325,0.8922619234,0.01116208875,0.06025988206,0.4663580536,-0.01674147259,0.02801804347,19.99999825,29.99999737
4.33,0.8945952349,0.01121905135,0.06039999446,0.4666421677,-0.01678820745,0.02802691126,19.99999829,29.99999744
4.335,0.8969299681,0.01127619337,0.0605401511,0.466925338,-0.01683495078,0.02803573937,19.99999833,29.9999975
4.34,0.8992661183,0.01133351498,0.06068035179,0.4672075672,-0.01688170235,0.02804452798,19.99999837,29.99999756
4.345,0.9016036809,0.01139101636,0.06082059632,0.4674888581,-0.01692846197,0.02805327727,19.99999841,29.99999762
4.35,0.9039426511,0.01144869768,0.0609608845,0.4677692135,-0.01697522943,0.02806198741,19.99999845,29.99999768
4.355,0.9062830243,0.01150655911,0.06110121613,0.4680486362,-0.01702200451,0.02807065859,19.99999849,29.99999774
4.36,0.9086247959,0.01156460083,0.06124159102,0.4683271289,-0.01706878702,0.02807929096,19.99999853,29.99999779
4.365,0.9109679611,0.01162282302,0.06138200897,0.4686046944,-0.01711557674,0.02808788471,19.99999856,29.99999785
4.37,0.9133125154,0.01168122584,0.0615224698,0.4688813354,-0.01716237348,0.02809644002,19.9999986,29.9999979
4.375,0.9156584542,0.01173980947,0.06166297331,0.4691570547,-0.01720917703,0.02810495704,19.99999863,29.99999795
4.38,0.9180057728,0.01179857409,0.06180351931,0.469431855,-0.01725598719,0.02811343596,19.99999867,29.999998
4.385,0.9203544667,0.01185751986,0.06194410761,0.4697057391,-0.01730280375,0.02812187694,19.9999987,29.99999805
4.39,0.9227045313,0.01191664696,0.06208473801,0.4699787096,-0.01734962651,0.02813028015,19.99999873,29.9999981
4.395,0.925055962,0.01197595556,0.06222541035,0.4702507694,-0.01739645528,0.02813864576,19.99999876,29.99999815
4.4,0.9274087544,0.01203544582,0.06236612441,0.470521921,-0.01744328986,0.02814697395,19.9999988,29.99999819
4.405,0.9297629038,0.01209511793,0.06250688002,0.4707921673,-0.01749013003,0.02815526487,19.99999883,29.99999824
4.41,0.9321184058,0.01215497205,0.062647677,0.471061511,-0.01753697562,0.0281635187,19.99999885,29.99999828
4.415,0.9344752558,0.01221500835,0.06278851515,0.4713299546,-0.01758382641,0.02817173559,19.99999888,29.99999832
4.42,0.9368334494,0.01227522701,0.06292939429,0.471597501,-0.01763068221,0.02817991573,19.99999891,29.99999836
4.425,0.9391929821,0.01233562818,0.06307031424,0.4718641528,-0.01767754283,0.02818805926,19.99999894,29.99999841
4.43,0.9415538494,0.01239621205,0.06321127482,0.4721299127,-0.01772440806,0.02819616636,19.99999896,29.99999844
4.435,0.9439160468,0.01245697878,0.06335227585,0.4723947834,-0.01777127772,0.02820423718,19.99999899,29.99999848
4.44,0.9462795701,0.01251792853,0.06349331714,0.4726587675,-0.01781815161,0.02821227189,19.99999901,29.99999852
4.445,0.9486444146,0.01257906149,0.06363439851,0.4729218677,-0.01786502954,0.02822027066,19.99999904,29.99999856
4.45,0.951010576,0.0126403778,0.06377551978,0.4731840867,-0.01791191132,0.02822823363,19.99999906,29.99999859
4.455,0.95337805,0.01270187766,0.06391668078,0.473445427,-0.01795879674,0.02823616098,19.99999908,29.99999863
4.46,0.9557468321,0.01276356121,0.06405788133,0.4737058915,-0.01800568563,0.02824405286,19.99999911,29.99999866
4.465,0.9581169179,0.01282542863,0.06419912125,0.4739654826,-0.01805257779,0.02825190942,19.99999913,29.99999869
4.47,0.9604883031,0.01288748008,0.06434040037,0.474224203,-0.01809947302,0.02825973084,19.99999915,29.99999873
4.475,0.9628609834,0.01294971573,0.0644817185,0.4744820553,-0.01814637115,0.02826751726,19.99999917,29.99999876
4.48,0.9652349544,0.01301213575,0.06462307548,0.4747390423,-0.01819327199,0.02827526884,19.99999919,29.99999879
4.485,0.9676102118,0.0130747403,0.06476447113,0.4749951664,-0.01824017534,0.02828298574,19.99999921,29.99999882
4.49,0.9699867513,0.01313752955,0.06490590528,0.4752504303,-0.01828708102,0.02829066811,19.99999923,29.99999885
4.495,0.9723645687,0.01320050367,0.06504737776,0.4755048366,-0.01833398884,0.02829831611,19.99999925,29.99999888
4.5,0.9747436595,0.01326366281,0.06518888839,0.4757583879,-0.01838089862,0.02830592989,19.99999927,29.9999989
4.505,0.9771240196,0.01332700714,0.065330437,0.4760110868,-0.01842781017,0.02831350961,19.99999929,29.99999893
4.51,0.9795056447,0.01339053683,0.06547202343,0.4762629358,-0.01847472332,0.02832105541,19.9999993,29.99999896
4.515,0.9818885306,0.01345425205,0.0656136475,0.4765139376,-0.01852163786,0.02832856745,19.99999932,29.99999898
4.52,0.9842726731,0.01351815294,0.06575530904,0.4767640947,-0.01856855363,0.02833604588,19.99999934,29.99999901
4.525,0.9866580678,0.01358223969,0.0658970079,0.4770134097,-0.01861547044,0.02834349085,19.99999936,29.99999903
4.53,0.9890447107,0.01364651244,0.0660387439,0.4772618851,-0.01866238811,0.0283509025,19.99999937,29.99999906
4.535,0.9914325976,0.01371097137,0.06618051687,0.4775095235,-0.01870930646,0.028358281,19.99999939,29.99999908
4.54,0.9938217241,0.01377561664,0.06632232665,0.4777563274,-0.01875622531,0.02836562648,19.9999994,29.9999991
4.545,0.9962120863,0.0138404484,0.06646417308,0.4780022995,-0.01880314448,0.0283729391,19.99999942,29.99999912
4.55,0.99860368,0.01390546683,0.06660605599,0.4782474422,-0.01885006378,0.028380219,19.99999943,29.99999915
4.555,1.000996501,0.01397067208,0.06674797522,0.478491758,-0.01889698306,0.02838746632,19.99999944,29.99999917
4.56,1.003390545,0.01403606431,0.0668899306,0.4787352495,-0.01894390212,0.02839468122,19.99999946,29.99999919
4.565,1.005785808,0.01410164369,0.06703192197,0.4789779192,-0.01899082079,0.02840186384,19.99999947,29.99999921
4.57,1.008182286,0.01416741037,0.06717394918,0.4792197696,-0.01903773889,0.02840901432,19.99999949,29.99999923
4.575,1.010579975,0.01423336452,0.06731601206,0.4794608032,-0.01908465625,0.02841613281,19.9999995,29.99999925
4.58,1.012978871,0.01429950629,0.06745811046,0.4797010226,-0.0191315727,0.02842321945,19.99999951,29.99999927
4.585,1.01537897,0.01436583585,0.06760024421,0.4799404302,-0.01917848806,0.02843027438,19.99999952,29.99999928
4.59,1.017780267,0.01443235336,0.06774241315,0.4801790284,-0.01922540217,0.02843729775,19.99999953,29.9999993
4.595,1.020182759,0.01449905897,0.06788461713,0.4804168199,-0.01927231483,0.02844428969,19.99999955,29.99999932
4.6,1.022586441,0.01456595285,0.06802685599,0.480653807,-0.01931922589,0.02845125035,19.99999956,29.99999934
4.605,1.024991311,0.01463303515,0.06816912958,0.4808899922,-0.01936613518,0.02845817986,19.99999957,29.99999935
4.61,1.027397362,0.01470030604,0.06831143774,0.481125378,-0.01941304252,0.02846507837,19.99999958,29.99999937
4.615,1.029804593,0.01476776566,0.06845378032,0.4813599669,-0.01945994774,0.02847194602,19.99999959,29.99999938
4.62,1.032212998,0.01483541419,0.06859615715,0.4815937613,-0.01950685069,0.02847878293,19.9999996,29.9999994
4.625,1.034622573,0.01490325177,0.06873856809,0.4818267637,-0.01955375117,0.02848558926,19.99999961,29.99999941
4.63,1.037033316,0.01497127856,0.06888101299,0.4820589764,-0.01960064904,0.02849236513,19.99999962,29.99999943
4.635,1.039445221,0.01503949473,0.06902349169,0.482290402,-0.01964754412,0.02849911069,19.99999963,29.99999944
4.64,1.041858285,0.01510790042,0.06916600405,0.4825210428,-0.01969443625,0.02850582606,19.99999964,29.99999946
4.645,1.044272504,0.0151764958,0.0693085499,0.4827509013,-0.01974132526,0.02851251139,19.99999965,29.99999947
4.65,1.046687874,0.01524528102,0.06945112911,0.4829799799,-0.01978821099,0.02851916681,19.99999965,29.99999948
4.655,1.049104391,0.01531425625,0.06959374152,0.4832082811,-0.01983509327,0.02852579245,19.99999966,29.9999995
4.66,1.051522051,0.01538342162,0.06973638699,0.4834358071,-0.01988197194,0.02853238844,19.99999967,29.99999951
4.665,1.053940851,0.01545277731,0.06987906536,0.4836625605,-0.01992884684,0.02853895492,19.99999968,29.99999952
4.67,1.056360786,0.01552232346,0.07002177649,0.4838885435,-0.0199757178,0.02854549202,19.99999969,29.99999953
4.675,1.058781853,0.01559206023,0.07016452023,0.4841137587,-0.02002258467,0.02855199988,19.9999997,29.99999954
4.68,1.061204048,0.01566198778,0.07030729644,0.4843382083,-0.02006944728,0.02855847861,19.9999997,29.99999955
4.685,1.063627367,0.01573210626,0.07045010497,0.4845618948,-0.02011630547,0.02856492836,19.99999971,29.99999957
4.69,1.066051806,0.01580241583,0.07059294567,0.4847848206,-0.02016315908,0.02857134925,19.99999972,29.99999958
4.695,1.068477362,0.01587291663,0.07073581841,0.4850069879,-0.02021000796,0.02857774141,19.99999972,29.99999959
4.7,1.07090403,0.01594360883,0.07087872304,0.4852283991,-0.02025685194,0.02858410497,19.99999973,29.9999996
4.705,1.073331807,0.01601449258,0.07102165941,0.4854490567,-0.02030369088,0.02859044006,19.99999974,29.99999961
4.71,1.075760689,0.01608556803,0.07116462739,0.4856689629,-0.0203505246,0.0285967468,19.99999974,29.99999962
4.715,1.078190672,0.01615683534,0.07130762684,0.48588812,-0.02039735296,0.02860302533,19.99999975,29.99999963
4.72,1.080621754,0.01622829465,0.0714506576,0.4861065305,-0.0204441758,0.02860927576,19.99999976,29.99999964
4.725,1.083053929,0.01629994612,0.07159371955,0.4863241967,-0.02049099296,0.02861549823,19.99999976,29.99999964
4.73,1.085487194,0.01637178991,0.07173681254,0.4865411208,-0.0205378043,0.02862169286,19.99999977,29.99999965
4.735,1.087921545,0.01644382617,0.07187993643,0.4867573052,-0.02058460965,0.02862785977,19.99999977,29.99999966
4.74,1.09035698,0.01651605504,0.07202309109,0.4869727522,-0.02063140887,0.02863399908,19.99999978,29.99999967
4.745,1.092793493,0.01658847669,0.07216627637,0.4871874641,-0.0206782018,0.02864011093,19.99999979,29.99999968
4.75,1.095231082,0.01666109126,0.07230949215,0.4874014432,-0.02072498829,0.02864619544,19.99999979,29.99999969
4.755,1.097669743,0.0167338989,0.07245273828,0.4876146918,-0.02077176819,0.02865225272,19.9999998,29.99999969
4.76,1.100109471,0.01680689977,0.07259601463,0.4878272122,-0.02081854135,0.02865828289,19.9999998,29.9999997
4.765,1.102550265,0.01688009401,0.07273932107,0.4880390066,-0.02086530762,0.02866428609,19.99999981,29.99999971
4.77,1.104992119,0.01695348179,0.07288265745,0.4882500774,-0.02091206685,0.02867026243,19.99999981,29.99999972
4.775,1.10743503,0.01702706324,0.07302602365,0.4884604268,-0.02095881889,0.02867621203,19.99999982,29.99999972
4.78,1.109878995,0.01710083852,0.07316941953,0.4886700571,-0.02100556359,0.028682135,19.99999982,29.99999973
4.785,1.11232401,0.01717480778,0.07331284495,0.4888789705,-0.02105230081,0.02868803148,19.99999982,29.99999974
4.79,1.114770072,0.01724897117,0.0734562998,0.4890871692,-0.02109903041,0.02869390157,19.99999983,29.99999974
4.795,1.117217176,0.01732332884,0.07359978392,0.4892946557,-0.02114575222,0.0286997454,19.99999983,29.99999975
4.8,1.11966532,0.01739788094,0.07374329721,0.4895014319,-0.02119246612,0.02870556309,19.99999984,29.99999976
4.805,1.122114499,0.01747262761,0.07388683951,0.4897075003,-0.02123917195,0.02871135474,19.99999984,29.99999976
4.81,1.124564711,0.01754756902,0.07403041071,0.4899128631,-0.02128586957,0.02871712048,19.99999984,29.99999977
4.815,1.127015952,0.0176227053,0.07417401067,0.4901175224,-0.02133255883,0.02872286042,19.99999985,29.99999977
4.82,1.129468218,0.01769803661,0.07431763927,0.4903214805,-0.02137923961,0.02872857468,19.99999985,29.99999978
4.825,1.131921505,0.01777356309,0.07446129638,0.4905247395,-0.02142591174,0.02873426338,19.99999986,29.99999978
4.83,1.134375811,0.0178492849,0.07460498186,0.4907273018,-0.02147257509,0.02873992662,19.99999986,29.99999979
4.835,1.136831131,0.01792520217,0.0747486956,0.4909291695,-0.02151922952,0.02874556452,19.99999986,29.99999979
4.84,1.139287463,0.01800131507,0.07489243747,0.4911303447,-0.0215658749,0.0287511772,19.99999987,29.9999998
4.845,1.141744803,0.01807762373,0.07503620733,0.4913308298,-0.02161251107,0.02875676476,19.99999987,29.9999998
4.85,1.144203147,0.01815412831,0.07518000507,0.4915306268,-0.0216591379,0.02876232732,19.99999987,29.99999981
4.855,1.146662492,0.01823082895,0.07532383056,0.4917297379,-0.02170575525,0.028767865,19.99999988,29.99999981
4.86,1.149122834,0.0183077258,0.07546768368,0.4919281654,-0.02175236299,0.0287733779,19.99999988,29.99999982
4.865,1.151584171,0.01838481901,0.0756115643,0.4921259113,-0.02179896097,0.02877886613,19.99999988,29.99999982
4.87,1.154046498,0.01846210872,0.0757554723,0.4923229779,-0.02184554906,0.02878432981,19.99999989,29.99999983
4.875,1.156509813,0.01853959508,0.07589940756,0.4925193673,-0.02189212713,0.02878976904,19.99999989,29.99999983
4.88,1.158974111,0.01861727824,0.07604336995,0.4927150816,-0.02193869504,0.02879518393,19.99999989,29.99999984
4.885,1.16143939,0.01869515834,0.07618735936,0.4929101231,-0.02198525264,0.0288005746,19.99999989,29.99999984
4.89,1.163905646,0.01877323554,0.07633137566,0.4931044937,-0.02203179982,0.02880594114,19.9999999,29.99999984
4.895,1.166372876,0.01885150996,0.07647541873,0.4932981957,-0.02207833644,0.02881128368,19.9999999,29.99999985
4.9,1.168841077,0.01892998177,0.07661948845,0.4934912312,-0.02212486235,0.02881660231,19.9999999,29.99999985
4.905,1.171310245,0.01900865111,0.07676358471,0.4936836023,-0.02217137744,0.02882189714,19.9999999,29.99999986
4.91,1.173780376,0.01908751812,0.07690770739,0.4938753111,-0.02221788156,0.02882716829,19.99999991,29.99999986
4.915,1.176251469,0.01916658295,0.07705185636,0.4940663598,-0.02226437459,0.02883241585,19.99999991,29.99999986
4.92,1.178723518,0.01924584574,0.07719603151,0.4942567504,-0.0223108564,0.02883763993,19.99999991,29.99999987
4.925,1.181196521,0.01932530663,0.07734023272,0.494446485,-0.02235732685,0.02884284064,19.99999991,29.99999987
4.93,1.183670475,0.01940496578,0.07748445987,0.4946355657,-0.02240378582,0.02884801807,19.99999991,29.99999987
4.935,1.186145377,0.01948482333,0.07762871286,0.4948239947,-0.02245023317,0.02885317235,19.99999992,29.99999988
4.94,1.188621222,0.01956487942,0.07777299156,0.4950117739,-0.02249666879,0.02885830356,19.99999992,29.99999988
4.945,1.191098009,0.0196451342,0.07791729586,0.4951989055,-0.02254309253,0.02886341181,19.99999992,29.99999988
4.95,1.193575733,0.0197255878,0.07806162564,0.4953853916,-0.02258950428,0.02886849721,19.99999992,29.99999988
4.955,1.196054392,0.01980624038,0.07820598079,0.4955712341,-0.02263590391,0.02887355985,19.99999992,29.99999989
4.96,1.198533982,0.01988709208,0.0783503612,0.4957564353,-0.02268229129,0.02887859984,19.99999993,29.99999989
4.965,1.2010145,0.01996814304,0.07849476675,0.495940997,-0.02272866629,0.02888361728,19.99999993,29.99999989
4.97,1.203495943,0.0200493934,0.07863919733,0.4961249214,-0.0227750288,0.02888861228,19.99999993,29.9999999
4.975,1.205978307,0.02013084331,0.07878365284,0.4963082105,-0.02282137868,0.02889358492,19.99999993,29.9999999
4.98,1.20846159,0.02021249291,0.07892813315,0.4964908663,-0.02286771582,0.02889853531,19.99999993,29.9999999
4.985,1.210945788,0.02029434235,0.07907263815,0.496672891,-0.02291404008,0.02890346356,19.99999994,29.9999999
4.99,1.213430899,0.02037639176,0.07921716775,0.4968542864,-0.02296035135,0.02890836975,19.99999994,29.99999991
4.995,1.215916918,0.02045864129,0.07936172181,0.4970350546,-0.02300664951,0.028913254,19.99999994,29.99999991
5,1.218403843,0.02054109109,0.07950630025,0.4972151977,-0.02305293443,0.02891811639,19.99999994,29.99999991
5.005,1.220891671,0.02062374128,0.07965090294,0.4973947176,-0.023099206,0.02892295702,19.99999994,29.99999991
5.01,1.223380399,0.02070659203,0.07979552978,0.4975736164,-0.02314546409,0.02892777599,19.99999994,29.99999991
5.015,1.225870023,0.02078964346,0.07994018067,0.497751896,-0.02319170858,0.02893257341,19.99999994,29.99999992
5.02,1.228360541,0.02087289573,0.08008485548,0.4979295585,-0.02323793935,0.02893734936,19.99999995,29.99999992
5.025,1.230851949,0.02095634896,0.08022955412,0.4981066057,-0.02328415629,0.02894210394,19.99999995,29.99999992
5.03,1.233344244,0.02104000331,0.08037427649,0.4982830398,-0.02333035927,0.02894683725,19.99999995,29.99999992
5.035,1.235837424,0.02112385891,0.08051902246,0.4984588627,-0.02337654819,0.02895154938,19.99999995,29.99999992
5.04,1.238331484,0.02120791591,0.08066379194,0.4986340763,-0.02342272291,0.02895624042,19.99999995,29.99999993
5.045,1.240826423,0.02129217445,0.08080858483,0.4988086826,-0.02346888333,0.02896091048,19.99999995,29.99999993
5.05,1.243322237,0.02137663467,0.08095340101,0.4989826836,-0.02351502933,0.02896555964,19.99999995,29.99999993
5.055,1.245818923,0.0214612967,0.08109824039,0.4991560813,-0.0235611608,0.028970188,19.99999995,29.99999993
5.06,1.248316478,0.02154616069,0.08124310286,0.4993288775,-0.02360727762,0.02897479565,19.99999996,29.99999993
5.065,1.250814899,0.02163122679,0.08138798831,0.4995010743,-0.02365337967,0.02897938269,19.99999996,29.99999993
5.07,1.253314183,0.02171649512,0.08153289665,0.4996726735,-0.02369946684,0.0289839492,19.99999996,29.99999994
5.075,1.255814327,0.02180196584,0.08167782777,0.4998436771,-0.02374553902,0.02898849528,19.99999996,29.99999994
5.08,1.258315329,0.02188763908,0.08182278157,0.5000140871,-0.0237915961,0.02899302102,19.99999996,29.99999994
5.085,1.260817184,0.02197351497,0.08196775795,0.5001839053,-0.02383763796,0.02899752651,19.99999996,29.99999994
5.09,1.263319891,0.02205959367,0.0821127568,0.5003531336,-0.02388366449,0.02900201185,19.99999996,29.99999994
5.095,1.265823445,0.02214587531,0.08225777803,0.5005217741,-0.02392967559,0.02900647711,19.99999996,29.99999994
5.1,1.268327845,0.02223236003,0.08240282154,0.5006898285,-0.02397567113,0.0290109224,19.99999996,29.99999995
5.105,1.270833087,0.02231904797,0.08254788722,0.5008572988,-0.02402165102,0.02901534779,19.99999996,29.99999995
5.11,1.273339169,0.02240593927,0.08269297499,0.5010241869,-0.02406761514,0.02901975339,19.99999997,29.99999995
5.115,1.275846087,0.02249303406,0.08283808472,0.5011904946,-0.02411356338,0.02902413927,19.99999997,29.99999995
5.12,1.278353839,0.0225803325,0.08298321635,0.5013562239,-0.02415949563,0.02902850553,19.99999997,29.99999995
5.125,1.280862422,0.02266783471,0.08312836975,0.5015213767,-0.02420541179,0.02903285225,19.99999997,29.99999995
5.13,1.283371832,0.02275554083,0.08327354484,0.5016859547,-0.02425131175,0.02903717953,19.99999997,29.99999995
5.135,1.285882067,0.02284345101,0.08341874151,0.5018499599,-0.02429719541,0.02904148744,19.99999997,29.99999995
5.14,1.288393124,0.02293156538,0.08356395968,0.5020133942,-0.02434306264,0.02904577608,19.99999997,29.99999996
5.145,1.290905001,0.02301988408,0.08370919924,0.5021762593,-0.02438891336,0.02905004553,19.99999997,29.99999996
5.15,1.293417694,0.02310840725,0.0838544601,0.5023385572,-0.02443474746,0.02905429588,19.99999997,29.99999996
5.155,1.295931201,0.02319713502,0.08399974217,0.5025002897,-0.02448056482,0.02905852721,19.99999997,29.99999996
5.16,1.298445518,0.02328606754,0.08414504534,0.5026614587,-0.02452636535,0.02906273961,19.99999997,29.99999996
5.165,1.300960643,0.02337520495,0.08429036953,0.5028220659,-0.02457214894,0.02906693316,19.99999997,29.99999996
5.17,1.303476573,0.02346454737,0.08443571464,0.5029821132,-0.02461791549,0.02907110795,19.99999997,29.99999996
5.175,1.305993306,0.02355409495,0.08458108058,0.5031416025,-0.0246636649,0.02907526406,19.99999997,29.99999996
5.18,1.308510838,0.02364384783,0.08472646725,0.5033005355,-0.02470939706,0.02907940157,19.99999998,29.99999996
5.185,1.311029166,0.02373380615,0.08487187456,0.5034589142,-0.02475511188,0.02908352058,19.99999998,29.99999996
5.19,1.313548289,0.02382397003,0.08501730243,0.5036167402,-0.02480080925,0.02908762115,19.99999998,29.99999997
5.195,1.316068203,0.02391433962,0.08516275075,0.5037740154,-0.02484648907,0.02909170337,19.99999998,29.99999997
5.2,1.318588905,0.02400491505,0.08530821943,0.5039307415,-0.02489215124,0.02909576733,19.99999998,29.99999997
5.205,1.321110393,0.02409569647,0.08545370839,0.5040869205,-0.02493779566,0.02909981311,19.99999998,29.99999997
5.21,1.323632664,0.02418668401,0.08559921753,0.5042425541,-0.02498342223,0.02910384079,19.99999998,29.99999997
5.215,1.326155715,0.0242778778,0.08574474677,0.504397644,-0.02502903086,0.02910785044,19.99999998,29.99999997
5.22,1.328679543,0.02436927798,0.08589029601,0.5045521921,-0.02507462144,0.02911184215,19.99999998,29.99999997
5.225,1.331204147,0.0244608847,0.08603586516,0.5047062001,-0.02512019388,0.02911581601,19.99999998,29.99999997
5.23,1.333729522,0.02455269808,0.08618145414,0.5048596698,-0.02516574809,0.02911977208,19.99999998,29.99999997
5.235,1.336255667,0.02464471826,0.08632706285,0.505012603,-0.02521128395,0.02912371045,19.99999998,29.99999997
5.24,1.338782578,0.02473694537,0.08647269121,0.5051650014,-0.02525680139,0.02912763121,19.99999998,29.99999997
5.245,1.341310254,0.02482937957,0.08661833913,0.5053168668,-0.02530230029,0.02913153442,19.99999998,29.99999997
5.25,1.343838691,0.02492202097,0.08676400653,0.5054682009,-0.02534778058,0.02913542016,19.99999998,29.99999997
5.255,1.346367886,0.02501486971,0.0869096933,0.5056190054,-0.02539324215,0.02913928852,19.99999998,29.99999997
5.26,1.348897838,0.02510792594,0.08705539938,0.5057692822,-0.0254386849,0.02914313957,19.99999998,29.99999998
5.265,1.351428543,0.02520118979,0.08720112467,0.5059190329,-0.02548410875,0.02914697339,19.99999998,29.99999998
5.27,1.353959999,0.02529466139,0.08734686909,0.5060682593,-0.0255295136,0.02915079006,19.99999998,29.99999998
5.275,1.356492203,0.02538834088,0.08749263254,0.5062169631,-0.02557489936,0.02915458965,19.99999998,29.99999998
5.28,1.359025152,0.02548222839,0.08763841496,0.506365146,-0.02562026594,0.02915837224,19.99999999,29.99999998
5.285,1.361558844,0.02557632406,0.08778421624,0.5065128098,-0.02566561324,0.02916213791,19.99999999,29.99999998
5.29,1.364093277,0.02567062802,0.08793003631,0.5066599561,-0.02571094118,0.02916588672,19.99999999,29.99999998
5.295,1.366628448,0.02576514041,0.08807587508,0.5068065867,-0.02575624966,0.02916961877,19.99999999,29.99999998
5.3,1.369164353,0.02585986137,0.08822173247,0.5069527032,-0.02580153859,0.02917333411,19.99999999,29.99999998
5.305,1.371700991,0.02595479103,0.08836760839,0.5070983073,-0.02584680788,0.02917703284,19.99999999,29.99999998
5.31,1.37423836,0.02604992952,0.08851350277,0.5072434008,-0.02589205745,0.02918071501,19.99999999,29.99999998
5.315,1.376776455,0.02614527698,0.08865941551,0.5073879853,-0.0259372872,0.02918438071,19.99999999,29.99999998
5.32,1.379315276,0.02624083354,0.08880534655,0.5075320625,-0.02598249704,0.02918803001,19.99999999,29.99999998
5.325,1.381854819,0.02633659934,0.08895129579,0.5076756341,-0.0260276869,0.02919166298,19.99999999,29.99999998
5.33,1.384395081,0.02643257451,0.08909726315,0.5078187018,-0.02607285667,0.02919527969,19.99999999,29.99999998
5.335,1.386936061,0.02652875919,0.08924324856,0.5079612671,-0.02611800628,0.02919888022,19.99999999,29.99999998
5.34,1.389477756,0.02662515351,0.08938925193,0.5081033318,-0.02616313563,0.02920246464,19.99999999,29.99999998
5.345,1.392020164,0.0267217576,0.08953527318,0.5082448976,-0.02620824464,0.02920603303,19.99999999,29.99999998
5.35,1.394563281,0.02681857161,0.08968131223,0.508385966,-0.02625333323,0.02920958545,19.99999999,29.99999998
5.355,1.397107105,0.02691559565,0.089827369,0.5085265388,-0.02629840131,0.02921312197,19.99999999,29.99999998
5.36,1.399651634,0.02701282988,0.08997344342,0.5086666175,-0.02634344879,0.02921664267,19.99999999,29.99999999
5.365,1.402196865,0.02711027441,0.0901195354,0.5088062039,-0.02638847559,0.02922014762,19.99999999,29.99999999
5.37,1.404742797,0.02720792939,0.09026564487,0.5089452994,-0.02643348163,0.02922363689,19.99999999,29.99999999
5.375,1.407289425,0.02730579494,0.09041177175,0.5090839059,-0.02647846682,0.02922711054,19.99999999,29.99999999
5.38,1.409836749,0.02740387121,0.09055791595,0.5092220248,-0.02652343108,0.02923056866,19.99999999,29.99999999
5.385,1.412384765,0.02750215832,0.09070407741,0.5093596578,-0.02656837433,0.0292340113,19.99999999,29.99999999
5.39,1.414933472,0.02760065641,0.09085025604,0.5094968065,-0.02661329648,0.02923743853,19.99999999,29.99999999
5.395,1.417482866,0.02769936561,0.09099645177,0.5096334726,-0.02665819745,0.02924085043,19.99999999,29.99999999
5.4,1.420032945,0.02779828606,0.09114266452,0.5097696576,-0.02670307717,0.02924424707,19.99999999,29.99999999
5.405,1.422583707,0.02789741788,0.09128889421,0.509905363,-0.02674793555,0.02924762851,19.99999999,29.99999999
5.41,1.42513515,0.02799676122,0.09143514078,0.5100405907,-0.02679277252,0.02925099482,19.99999999,29.99999999
5.415,1.42768727,0.02809631619,0.09158140414,0.510175342,-0.02683758798,0.02925434607,19.99999999,29.99999999
5.42,1.430240067,0.02819608295,0.09172768421,0.5103096186,-0.02688238187,0.02925768232,19.99999999,29.99999999
5.425,1.432793536,0.02829606161,0.09187398093,0.5104434221,-0.02692715409,0.02926100365,19.99999999,29.99999999
5.43,1.435347677,0.02839625232,0.09202029423,0.510576754,-0.02697190459,0.02926431011,19.99999999,29.99999999
5.435,1.437902486,0.0284966552,0.09216662401,0.5107096159,-0.02701663327,0.02926760179,19.99999999,29.99999999
5.44,1.440457961,0.02859727039,0.09231297022,0.5108420094,-0.02706134006,0.02927087873,19.99999999,29.99999999
5.445,1.4430141,0.02869809802,0.09245933277,0.510973936,-0.02710602488,0.02927414101,19.99999999,29.99999999
5.45,1.4455709,0.02879913822,0.0926057116,0.5111053974,-0.02715068765,0.0292773887,19.99999999,29.99999999
5.455,1.44812836,0.02890039112,0.09275210664,0.511236395,-0.0271953283,0.02928062185,19.99999999,29.99999999
5.46,1.450686477,0.02900185686,0.0928985178,0.5113669303,-0.02723994676,0.02928384054,19.99999999,29.99999999
5.465,1.453245248,0.02910353557,0.09304494502,0.511497005,-0.02728454294,0.02928704483,19.99999999,29.99999999
5.47,1.455804671,0.02920542739,0.09319138822,0.5116266206,-0.02732911677,0.02929023478,19.99999999,29.99999999
5.475,1.458364744,0.02930753243,0.09333784734,0.5117557785,-0.02737366818,0.02929341046,19.99999999,29.99999999
5.48,1.460925465,0.02940985084,0.0934843223,0.5118844804,-0.02741819709,0.02929657193,19.99999999,29.99999999
5.485,1.463486832,0.02951238275,0.09363081304,0.5120127278,-0.02746270344,0.02929971925,19.99999999,29.99999999
5.49,1.466048841,0.02961512829,0.09377731947,0.5121405221,-0.02750718713,0.02930285249,19.99999999,29.99999999
5.495,1.468611491,0.02971808758,0.09392384154,0.5122678649,-0.02755164811,0.02930597171,19.99999999,29.99999999
5.5,1.47117478,0.02982126077,0.09407037917,0.5123947577,-0.0275960863,0.02930907698,20,29.99999999
5.505,1.473738704,0.02992464798,0.09421693229,0.512521202,-0.02764050162,0.02931216835,20,29.99999999
5.51,1.476303263,0.03002824935,0.09436350083,0.5126471993,-0.02768489402,0.0293152459,20,29.99999999
5.515,1.478868454,0.03013206501,0.09451008472,0.5127727511,-0.0277292634,0.02931830967,20,29.99999999
5.52,1.481434274,0.03023609508,0.0946566839,0.5128978589,-0.02777360971,0.02932135973,20,29.99999999
5.525,1.484000722,0.03034033971,0.0948032983,0.5130225242,-0.02781793287,0.02932439615,20,29.99999999
5.53,1.486567794,0.03044479901,0.09494992784,0.5131467484,-0.02786223281,0.02932741898,20,29.99999999
5.535,1.48913549,0.03054947313,0.09509657246,0.513270533,-0.02790650947,0.02933042828,20,29.99999999
5.54,1.491703806,0.03065436219,0.0952432321,0.5133938796,-0.02795076277,0.02933342413,20,29.99999999
5.545,1.494272741,0.03075946632,0.09538990668,0.5135167895,-0.02799499265,0.02933640656,20,29.99999999
5.55,1.496842292,0.03086478566,0.09553659614,0.5136392643,-0.02803919903,0.02933937566,20,29.99999999
5.555,1.499412457,0.03097032034,0.09568330042,0.5137613054,-0.02808338185,0.02934233147,20,29.99999999
5.56,1.501983234,0.03107607048,0.09583001944,0.5138829143,-0.02812754104,0.02934527405,20,29.99999999
5.565,1.504554621,0.03118203622,0.09597675314,0.5140040923,-0.02817167653,0.02934820347,20,29.99999999
5.57,1.507126616,0.0312882177,0.09612350145,0.514124841,-0.02821578825,0.02935111978,20,29.99999999
5.575,1.509699215,0.03139461503,0.09627026431,0.5142451618,-0.02825987615,0.02935402304,20,29.99999999
5.58,1.512272419,0.03150122835,0.09641704166,0.5143650562,-0.02830394015,0.02935691331,20,30
5.585,1.514846223,0.03160805779,0.09656383342,0.5144845255,-0.02834798019,0.02935979065,20,30
5.59,1.517420626,0.03171510348,0.09671063954,0.5146035712,-0.0283919962,0.02936265512,20,30
5.595,1.519995627,0.03182236556,0.09685745995,0.5147221948,-0.02843598811,0.02936550677,20,30
5.6,1.522571222,0.03192984415,0.09700429459,0.5148403976,-0.02847995587,0.02936834566,20,30
5.605,1.52514741,0.03203753938,0.09715114339,0.514958181,-0.02852389941,0.02937117185,20,30
5.61,1.527724188,0.03214545138,0.09729800629,0.5150755466,-0.02856781866,0.02937398539,20,30
5.615,1.530301555,0.03225358029,0.09744488322,0.5151924956,-0.02861171356,0.02937678635,20,30
5.62,1.532879508,0.03236192623,0.09759177413,0.5153090295,-0.02865558405,0.02937957477,20,30
5.625,1.535458046,0.03247048933,0.09773867895,0.5154251496,-0.02869943007,0.02938235072,20,30
5.63,1.538037166,0.03257926973,0.09788559762,0.5155408575,-0.02874325154,0.02938511425,20,30
5.635,1.540616865,0.03268826755,0.09803253007,0.5156561544,-0.02878704842,0.02938786541,20,30
5.64,1.543197143,0.03279748292,0.09817947625,0.5157710418,-0.02883082064,0.02939060426,20,30
5.645,1.545777997,0.03290691598,0.09832643609,0.515885521,-0.02887456814,0.02939333086,20,30
5.65,1.548359426,0.03301656685,0.09847340954,0.5159995935,-0.02891829085,0.02939604526,20,30
5.655,1.550941426,0.03312643567,0.09862039652,0.5161132605,-0.02896198872,0.02939874751,20,30
5.66,1.553523995,0.03323652255,0.09876739699,0.5162265234,-0.02900566169,0.02940143768,20,30
5.665,1.556107133,0.03334682765,0.09891441088,0.5163393837,-0.0290493097,0.0294041158,20,30
5.67,1.558690837,0.03345735107,0.09906143813,0.5164518427,-0.02909293268,0.02940678195,20,30
5.675,1.561275104,0.03356809295,0.09920847868,0.5165639017,-0.02913653058,0.02940943616,20,30
5.68,1.563859934,0.03367905343,0.09935553247,0.5166755621,-0.02918010335,0.0294120785,20,30
5.685,1.566445323,0.03379023263,0.09950259945,0.5167868253,-0.02922365091,0.02941470902,20,30
5.69,1.56903127,0.03390163068,0.09964967954,0.5168976925,-0.02926717322,0.02941732776,20,30
5.695,1.571617772,0.0340132477,0.0997967727,0.5170081652,-0.02931067022,0.02941993479,20,30
5.7,1.574204829,0.03412508384,0.09994387887,0.5171182446,-0.02935414185,0.02942253016,20,30
5.705,1.576792438,0.03423713922,0.100090998,0.5172279321,-0.02939758805,0.02942511391,20,30
5.71,1.579380596,0.03434941396,0.10023813,0.517337229,-0.02944100876,0.02942768611,20,30
5.715,1.581969303,0.0344619082,0.1003852748,0.5174461366,-0.02948440394,0.02943024679,20,30
5.72,1.584558555,0.03457462207,0.1005324324,0.5175546563,-0.02952777352,0.02943279602,20,30
5.725,1.587148352,0.03468755569,0.1006796028,0.5176627894,-0.02957111745,0.02943533384,20,30
5.73,1.58973869,0.0348007092,0.1008267858,0.5177705372,-0.02961443568,0.02943786031,20,30
5.735,1.592329569,0.03491408272,0.1009739814,0.517877901,-0.02965772814,0.02944037547,20,30
5.74,1.594920986,0.03502767638,0.1011211895,0.517984882,-0.0297009948,0.02944287938,20,30
5.745,1.597512939,0.03514149031,0.1012684101,0.5180914817,-0.02974423558,0.02944537208,20,30
5.75,1.600105427,0.03525552465,0.1014156432,0.5181977012,-0.02978745044,0.02944785363,20,30
5.755,1.602698447,0.03536977951,0.1015628886,0.5183035419,-0.02983063933,0.02945032408,20,30
5.76,1.605291998,0.03548425503,0.1017101464,0.5184090051,-0.02987380219,0.02945278348,20,30
5.765,1.607886077,0.03559895134,0.1018574165,0.518514092,-0.02991693897,0.02945523187,20,30
5.77,1.610480684,0.03571386856,0.1020046987,0.518618804,-0.02996004961,0.02945766931,20,30
5.775,1.613075815,0.03582900683,0.1021519931,0.5187231423,-0.03000313407,0.02946009584,20,30
5.78,1.615671469,0.03594436627,0.1022992997,0.5188271081,-0.0300461923,0.02946251151,20,30
5.785,1.618267644,0.03605994701,0.1024466182,0.5189307027,-0.03008922424,0.02946491638,20,30
5.79,1.620864339,0.03617574918,0.1025939488,0.5190339275,-0.03013222984,0.02946731049,20,30
5.795,1.623461551,0.0362917729,0.1027412913,0.5191367836,-0.03017520905,0.02946969388,20,30
5.8,1.626059279,0.03640801832,0.1028886457,0.5192392724,-0.03021816182,0.02947206661,20,30
5.805,1.62865752,0.03652448555,0.103036012,0.519341395,-0.0302610881,0.02947442873,20,30
5.81,1.631256273,0.03664117472,0.10318339,0.5194431527,-0.03030398785,0.02947678027,20,30
5.815,1.633855537,0.03675808597,0.1033307798,0.5195445468,-0.03034686101,0.0294791213,20,30
5.82,1.636455308,0.03687521942,0.1034781812,0.5196455784,-0.03038970753,0.02948145184,20,30
5.825,1.639055586,0.03699257519,0.1036255943,0.5197462489,-0.03043252737,0.02948377197,20,30
5.83,1.641656369,0.03711015342,0.1037730189,0.5198465595,-0.03047532048,0.02948608171,20,30
5.835,1.644257654,0.03722795424,0.1039204551,0.5199465113,-0.0305180868,0.02948838111,20,30
5.84,1.64685944,0.03734597777,0.1040679027,0.5200461057,-0.0305608263,0.02949067023,20,30
5.845,1.649461726,0.03746422414,0.1042153617,0.5201453437,-0.03060353892,0.02949294911,20,30
5.85,1.652064509,0.03758269348,0.1043628322,0.5202442268,-0.03064622462,0.02949521779,20,30
5.855,1.654667787,0.03770138591,0.1045103139,0.5203427559,-0.03068888335,0.02949747632,20,30
5.86,1.657271559,0.03782030158,0.1046578069,0.5204409325,-0.03073151507,0.02949972474,20,30
5.865,1.659875823,0.03793944059,0.1048053111,0.5205387576,-0.03077411972,0.02950196311,20,30
5.87,1.662480578,0.03805880309,0.1049528265,0.5206362325,-0.03081669727,0.02950419146,20,30
5.875,1.665085821,0.03817838919,0.105100353,0.5207333584,-0.03085924767,0.02950640984,20,30
5.88,1.66769155,0.03829819904,0.1052478906,0.5208301364,-0.03090177087,0.02950861829,20,30
5.885,1.670297765,0.03841823274,0.1053954392,0.5209265677,-0.03094426683,0.02951081686,20,30
5.89,1.672904463,0.03853849044,0.1055429988,0.5210226536,-0.0309867355,0.0295130056,20,30
5.895,1.675511642,0.03865897226,0.1056905692,0.5211183953,-0.03102917685,0.02951518454,20,30
5.9,1.678119302,0.03877967833,0.1058381506,0.5212137938,-0.03107159082,0.02951735373,20,30
5.905,1.680727439,0.03890060877,0.1059857428,0.5213088504,-0.03111397737,0.02951951322,20,30
5.91,1.683336052,0.03902176372,0.1061333457,0.5214035662,-0.03115633647,0.02952166305,20,30
5.915,1.68594514,0.0391431433,0.1062809594,0.5214979424,-0.03119866806,0.02952380325,20,30
5.92,1.688554701,0.03926474763,0.1064285837,0.5215919802,-0.03124097211,0.02952593388,20,30
5.925,1.691164734,0.03938657686,0.1065762187,0.5216856807,-0.03128324857,0.02952805498,20,30
5.93,1.693775235,0.03950863109,0.1067238643,0.5217790451,-0.0313254974,0.02953016659,20,30
5.935,1.696386205,0.03963091047,0.1068715203,0.5218720746,-0.03136771856,0.02953226875,20,30
5.94,1.69899764,0.03975341511,0.1070191869,0.5219647702,-0.03140991201,0.0295343615,20,30
5.945,1.70160954,0.03987614516,0.1071668639,0.5220571332,-0.0314520777,0.02953644489,20,30
5.95,1.704221903,0.03999910072,0.1073145514,0.5221491646,-0.0314942156,0.02953851896,20,30
5.955,1.706834727,0.04012228193,0.1074622491,0.5222408656,-0.03153632567,0.02954058375,20,30
5.96,1.70944801,0.04024568893,0.1076099572,0.5223322374,-0.03157840787,0.0295426393,20,30
5.965,1.712061751,0.04036932183,0.1077576755,0.522423281,-0.03162046215,0.02954468565,20,30
5.97,1.714675948,0.04049318076,0.107905404,0.5225139976,-0.03166248848,0.02954672285,20,30
5.975,1.7172906,0.04061726585,0.1080531427,0.5226043884,-0.03170448681,0.02954875093,20,30
5.98,1.719905704,0.04074157722,0.1082008915,0.5226944544,-0.03174645712,0.02955076994,20,30
5.985,1.722521259,0.04086611502,0.1083486504,0.5227841967,-0.03178839935,0.02955277991,20,30
5.99,1.725137264,0.04099087935,0.1084964193,0.5228736165,-0.03183031348,0.0295547809,20,30
5.995,1.727753717,0.04111587035,0.1086441982,0.5229627149,-0.03187219946,0.02955677292,20,30
6,1.730370617,0.04124108815,0.108791987,0.523051493,-0.03191405726,0.02955875604,20,30
6.005,1.73298796,0.04136653287,0.1089397857,0.5231399519,-0.03195588684,0.02956073028,20,30
6.01,1.735605747,0.04149220463,0.1090875943,0.5232280926,-0.03199768816,0.02956269569,20,30
6.015,1.738223976,0.04161810358,0.1092354127,0.5233159163,-0.03203946118,0.02956465231,20,30
6.02,1.740842644,0.04174422983,0.1093832408,0.523403424,-0.03208120587,0.02956660017,20,30
6.025,1.74346175,0.04187058351,0.1095310787,0.523490617,-0.0321229222,0.02956853931,20,30
6.03,1.746081293,0.04199716474,0.1096789262,0.5235774961,-0.03216461012,0.02957046978,20,30
6.035,1.748701272,0.04212397367,0.1098267833,0.5236640626,-0.0322062696,0.02957239162,20,30
6.04,1.751321683,0.0422510104,0.1099746501,0.5237503174,-0.03224790061,0.02957430485,20,30
6.045,1.753942527,0.04237827507,0.1101225264,0.5238362618,-0.0322895031,0.02957620952,20,30
6.05,1.756563801,0.0425057678,0.1102704122,0.5239218966,-0.03233107705,0.02957810567,20,30
6.055,1.759185504,0.04263348873,0.1104183074,0.5240072231,-0.03237262242,0.02957999334,20,30
6.06,1.761807634,0.04276143797,0.1105662121,0.5240922422,-0.03241413918,0.02958187256,20,30
6.065,1.764430189,0.04288961566,0.1107141261,0.5241769551,-0.03245562729,0.02958374338,20,30
6.07,1.767053169,0.04301802192,0.1108620495,0.5242613627,-0.03249708672,0.02958560582,20,30
6.075,1.769676572,0.04314665688,0.1110099822,0.5243454662,-0.03253851743,0.02958745993,20,30
6.08,1.772300367,0.04327551748,0.1111579213,0.5244120696,-0.03257991709,0.02958764055,19.50619824,29.25929736
6.085,1.774924412,0.04340458808,0.1113058531,0.5244446255,-0.03262127425,0.02958454737,19.02458849,28.53688273
6.09,1.77754854,0.04353385032,0.1114537615,0.5244440892,-0.03266257555,0.02957827586,18.55486973,27.83230459
6.095,1.780172588,0.04366328629,0.1116016307,0.5244113921,-0.03270380801,0.02956891905,18.09674836,27.14512254
6.1,1.7827964,0.04379287855,0.1117494457,0.5243474421,-0.03274495907,0.02955656762,17.64993805,26.47490708
6.105,1.785419823,0.04392261013,0.1118971916,0.5242531244,-0.03278601655,0.02954130992,17.21415953,25.82123929
6.11,1.788042706,0.04405246447,0.1120448541,0.5241293018,-0.03282696863,0.02952323209,16.78914042,25.18371062
6.115,1.790664907,0.04418242548,0.1121924193,0.5239768154,-0.03286780389,0.02950241806,16.37461506,24.56192259
6.12,1.793286284,0.04431247746,0.1123398738,0.523796485,-0.03290851127,0.02947894963,15.97032438,23.95548656
6.125,1.795906701,0.04444260513,0.1124872045,0.52358911,-0.03294908006,0.02945290651,15.57601566,23.36402349
6.13,1.798526026,0.04457279361,0.1126343988,0.5233554691,-0.03298949991,0.02942436638,15.19144246,22.7871637
6.135,1.80114413,0.04470302843,0.1127814442,0.5230963219,-0.03302976081,0.02939340493,14.81636441,22.22454662
6.14,1.803760888,0.04483329549,0.1129283289,0.5228124083,-0.03306985309,0.02936009595,14.45054707,21.67582061
6.145,1.806376179,0.04496358105,0.1130750413,0.5225044496,-0.03310976741,0.02932451132,14.09376179,21.14064269
6.15,1.808989885,0.04509387175,0.1132215703,0.5221731491,-0.03314949475,0.02928672108,13.74578558,20.61867836
6.155,1.811601892,0.0452241546,0.113367905,0.5218191917,-0.03318902641,0.02924679348,13.40640092,20.10960138
6.16,1.814212089,0.04535441694,0.1135140348,0.5214432454,-0.03322835399,0.02920479505,13.0753957,19.61309355
6.165,1.816820368,0.04548464644,0.1136599496,0.521045961,-0.03326746941,0.02916079058,12.75256303,19.12884455
6.17,1.819426625,0.04561483112,0.1138056395,0.5206279727,-0.03330636486,0.02911484321,12.43770113,18.65655169
6.175,1.822030758,0.04574495933,0.1139510949,0.5201898987,-0.03334503283,0.02906701448,12.13061319,18.19591979
6.18,1.82463267,0.04587501972,0.1140963066,0.5197323413,-0.03338346609,0.02901736433,11.83110729,17.74666093
6.185,1.827232264,0.04600500126,0.1142412656,0.5192558875,-0.0334216577,0.02896595116,11.53899621,17.30849431
6.19,1.829829449,0.0461348932,0.1143859633,0.5187611093,-0.03345960096,0.02891283187,11.25409738,16.88114606
6.195,1.832424135,0.04626468512,0.1145303912,0.518248564,-0.03349728946,0.0288580619,10.97623272,16.46434908
6.2,1.835016234,0.04639436686,0.1146745412,0.5177187949,-0.03353471702,0.02880169526,10.70522857,16.05784286
6.205,1.837605663,0.04652392855,0.1148184055,0.517172331,-0.03357187772,0.02874378457,10.44091554,15.6613733
6.21,1.84019234,0.04665336059,0.1149619766,0.5166096881,-0.0336087659,0.02868438108,10.18312841,15.27469262
6.215,1.842776186,0.04678265366,0.115105247,0.5160313686,-0.0336453761,0.02862353473,9.931706076,14.89755911
6.22,1.845357124,0.04691179869,0.1152482096,0.5154378619,-0.03368170311,0.02856129416,9.686491379,14.52973707
6.225,1.847935079,0.04704078686,0.1153908576,0.514829645,-0.03371774197,0.02849770676,9.447331055,14.17099658
6.23,1.85050998,0.04716960962,0.1155331845,0.5142071826,-0.03375348789,0.02843281867,9.21407562,13.82111343
6.235,1.853081758,0.04729825863,0.1156751837,0.5135709273,-0.03378893633,0.02836667486,8.986579282,13.47986892
6.24,1.855650344,0.04742672583,0.1158168492,0.5129213201,-0.03382408294,0.02829931912,8.764699849,13.14704977
6.245,1.858215674,0.04755500334,0.115958175,0.5122587907,-0.03385892359,0.0282307941,8.548298639,12.82244796
6.25,1.860777685,0.04768308356,0.1160991553,0.5115837577,-0.03389345433,0.02816114134,8.337240394,12.50586059
6.255,1.863336314,0.04781095908,0.1162397846,0.5108966287,-0.03392767141,0.02809040131,8.131393195,12.19708979
6.26,1.865891504,0.0479386227,0.1163800576,0.5101978009,-0.03396157126,0.02801861339,7.930628381,11.89594257
6.265,1.868443196,0.04806606745,0.116519969,0.5094876612,-0.03399515051,0.02794581598,7.734820469,11.6022307
6.27,1.870991336,0.04819328655,0.1166595141,0.5087665863,-0.03402840593,0.02787204645,7.543847071,11.31577061
6.275,1.873535871,0.04832027343,0.1167986879,0.5080349434,-0.0340613345,0.02779734118,7.357588824,11.03638324
6.28,1.876076748,0.04844702171,0.116937486,0.50729309,-0.03409393335,0.02772173561,7.175929308,10.76389396
6.285,1.878613918,0.04857352521,0.1170759039,0.5065413742,-0.03412619978,0.02764526426,6.998754982,10.49813247
6.29,1.881147333,0.04869977792,0.1172139373,0.5057801351,-0.03415813123,0.02756796073,6.825955106,10.23893266
6.295,1.883676946,0.04882577403,0.1173515821,0.5050097031,-0.03418972532,0.02748985773,6.657421674,9.986132511
6.3,1.886202712,0.04895150789,0.1174888346,0.5042303998,-0.03422097979,0.02741098712,6.493049347,9.739574021
6.305,1.888724588,0.04907697404,0.1176256908,0.5034425385,-0.03425189255,0.02733137992,6.332735388,9.499103081
6.31,1.891242532,0.04920216718,0.1177621472,0.5026464241,-0.03428246164,0.02725106632,6.176379594,9.264569391
6.315,1.893756505,0.04932708216,0.1178982003,0.5018423538,-0.03431268523,0.02717007571,6.023884238,9.035826358
6.32,1.896266466,0.04945171403,0.1180338469,0.5010306168,-0.03434256163,0.02708843672,5.875154006,8.81273101
6.325,1.898772379,0.04957605796,0.1181690836,0.5002114947,-0.03437208928,0.0270061772,5.730095937,8.595143906
6.33,1.901274208,0.0497001093,0.1183039076,0.4993852619,-0.03440126675,0.02692332426,5.588619364,8.382929047
6.335,1.903771918,0.04982386352,0.1184383159,0.4985521853,-0.03443009272,0.02683990431,5.450635861,8.175953791
6.34,1.906265475,0.04994731626,0.1185723058,0.4977125249,-0.03445856598,0.02675594302,5.316059182,7.974088773
6.345,1.908754848,0.0500704633,0.1187058745,0.4968665338,-0.03448668546,0.02667146541,5.184805213,7.777207819
6.35,1.911240006,0.05019330055,0.1188390196,0.4960144585,-0.03451445018,0.0265864958,5.056791916,7.585187874
6.355,1.913720919,0.05031582407,0.1189717387,0.4951565388,-0.03454185928,0.02650105787,4.931939279,7.397908918
6.36,1.916197559,0.05043803002,0.1191040294,0.4942930083,-0.03456891198,0.02641517468,4.810169264,7.215253897
6.365,1.918669898,0.05055991474,0.1192358897,0.4934240943,-0.03459560763,0.02632886865,4.691405762,7.037108643
6.37,1.92113791,0.05068147464,0.1193673175,0.4925500182,-0.03462194566,0.02624216159,4.575574541,6.863361812
6.375,1.92360157,0.0508027063,0.1194983107,0.4916709952,-0.0346479256,0.02615507473,4.462603203,6.693904805
6.38,1.926060854,0.0509236064,0.1196288676,0.4907872351,-0.03467354708,0.02606762874,4.352421137,6.528631706
6.385,1.928515739,0.05104417172,0.1197589864,0.4898989419,-0.03469880979,0.0259798437,4.244959477,6.367439215
6.39,1.930966203,0.05116439919,0.1198886655,0.4890063142,-0.03472371353,0.02589173916,4.140151054,6.210226581
6.395,1.933412225,0.05128428583,0.1200179033,0.4881095452,-0.03474825819,0.02580333414,4.03793036,6.05689554
6.4,1.935853784,0.05140382876,0.1201466984,0.4872088231,-0.03477244372,0.02571464714,3.938233504,5.907350256
6.405,1.938290861,0.05152302523,0.1202750494,0.4863043308,-0.03479627015,0.02562569614,3.840998172,5.761497259
6.41,1.940723439,0.05164187257,0.1204029549,0.4853962465,-0.03481973759,0.02553649864,3.74616359,5.619245385
6.415,1.9431515,0.05176036823,0.120530414,0.4844847434,-0.03484284623,0.02544707166,3.653670481,5.480505722
6.42,1.945575027,0.05187850975,0.1206574253,0.4835699902,-0.03486559632,0.02535743174,3.563461036,5.345191553
6.425,1.947994004,0.05199629476,0.1207839879,0.4826521508,-0.03488798818,0.02526759497,3.475478869,5.213218304
6.43,1.950408416,0.05211372099,0.120910101,0.4817313849,-0.03491002219,0.025177577,3.38966899,5.084503485
6.435,1.95281825,0.05223078626,0.1210357634,0.4808078478,-0.0349316988,0.02508739303,3.305977765,4.958966647
6.44,1.955223492,0.05234748848,0.1211609746,0.4798816903,-0.03495301853,0.02499705785,3.224352883,4.836529324
6.445,1.957624128,0.05246382564,0.1212857338,0.4789530596,-0.03497398193,0.02490658584,3.144743326,4.71711499
6.45,1.960020149,0.05257979584,0.1214100403,0.4780220984,-0.03499458964,0.02481599096,3.067099337,4.600649005
6.455,1.962411541,0.05269539722,0.1215338935,0.4770889456,-0.03501484233,0.02472528678,2.991372385,4.487058577
6.46,1.964798294,0.05281062803,0.121657293,0.4761537366,-0.03503474074,0.02463448652,2.917515137,4.376272706
6.465,1.967180399,0.0529254866,0.1217802382,0.4752166027,-0.03505428565,0.02454360298,2.845481432,4.268222148
6.47,1.969557846,0.05303997132,0.1219027289,0.4742776717,-0.03507347789,0.02445264863,2.775226245,4.162839368
6.475,1.971930627,0.05315408067,0.1220247646,0.473337068,-0.03509231834,0.02436163557,2.706705665,4.060058497
6.48,1.974298733,0.05326781318,0.1221463452,0.4723949123,-0.03511080793,0.02427057557,2.639876864,3.959815296
6.485,1.976662157,0.05338116748,0.1222674703,0.4714513222,-0.03512894762,0.02417948004,2.574698072,3.862047108
6.49,1.979020893,0.05349414225,0.1223881399,0.4705064119,-0.03514673842,0.02408836008,2.51112855,3.766692825
6.495,1.981374933,0.05360673624,0.1225083539,0.4695602924,-0.03516418139,0.02399722648,2.449128565,3.673692848
6.5,1.983724273,0.05371894826,0.1226281122,0.4686130717,-0.03518127761,0.02390608968,2.388659365,3.582989048
6.505,1.986068906,0.05383077721,0.1227474148,0.4676648546,-0.03519802822,0.02381495985,2.329683156,3.494524733
6.51,1.988408829,0.05394222203,0.1228662618,0.4667157432,-0.03521443436,0.02372384686,2.272163074,3.40824461
6.515,1.990744036,0.05405328171,0.1229846533,0.4657658364,-0.03523049725,0.02363276029,2.216063167,3.324094751
6.52,1.993074525,0.05416395533,0.1231025895,0.4648152307,-0.03524621811,0.02354170942,2.161348373,3.242022559
6.525,1.995400292,0.054274242,0.1232200705,0.4638640195,-0.0352615982,0.02345070328,2.107984491,3.161976737
6.53,1.997721334,0.0543841409,0.1233370966,0.4629122937,-0.03527663881,0.02335975062,2.055938169,3.083907253
6.535,2.000037649,0.05449365126,0.1234536681,0.4619601418,-0.03529134127,0.02326885994,2.005176875,3.007765312
6.54,2.002349234,0.05460277237,0.1235697853,0.4610076493,-0.03530570692,0.02317803947,1.955668881,2.933503322
6.545,2.004656089,0.05471150357,0.1236854486,0.4600548998,-0.03531973714,0.02308729721,1.907383244,2.861074867
6.55,2.006958212,0.05481984424,0.1238006584,0.459101974,-0.03533343333,0.02299664092,1.860289784,2.790434676
6.555,2.009255602,0.05492779382,0.1239154152,0.4581489507,-0.03534679691,0.0229060781,1.814359066,2.721538599
6.56,2.01154826,0.05503535179,0.1240297194,0.4571959061,-0.03535982933,0.02281561605,1.769562381,2.654343571
6.565,2.013836185,0.0551425177,0.1241435715,0.4562429142,-0.03537253207,0.02272526183,1.72587173,2.588807595
6.57,2.016119377,0.0552492911,0.1242569722,0.4552900472,-0.0353849066,0.02263502229,1.683259805,2.524889708
6.575,2.018397838,0.05535567164,0.124369922,0.4543373747,-0.03539695445,0.02254490407,1.641699973,2.462549959
6.58,2.020671568,0.05546165896,0.1244824215,0.4533849646,-0.03540867714,0.0224549136,1.601166256,2.401749384
6.585,2.02294057,0.05556725278,0.1245944713,0.4524328827,-0.03542007622,0.02236505711,1.56163332,2.34244998
6.59,2.025204843,0.05567245285,0.1247060723,0.4514811928,-0.03543115326,0.02227534063,1.523076456,2.284614684
6.595,2.027464392,0.05577725895,0.124817225,0.4505299569,-0.03544190983,0.02218577001,1.485471564,2.228207347
6.6,2.029719217,0.05588167091,0.1249279302,0.449579235,-0.03545234753,0.02209635089,1.448795141,2.173192711
6.605,2.031969323,0.05598568859,0.1250381887,0.4486290855,-0.03546246798,0.02200708877,1.413024261,2.119536392
6.61,2.03421471,0.05608931189,0.1251480014,0.447679565,-0.03547227279,0.02191798893,1.378136568,2.067204852
6.615,2.036455384,0.05619254076,0.1252573689,0.4467307281,-0.03548176361,0.02182905651,1.344110255,2.016165382
6.62,2.038691347,0.05629537515,0.1253662922,0.4457826283,-0.03549094209,0.02174029647,1.310924054,1.966386082
6.625,2.040922604,0.05639781509,0.1254747722,0.4448353169,-0.03549980987,0.0216517136,1.278557224,1.917835836
6.63,2.043149157,0.0564998606,0.1255828097,0.443888844,-0.03550836865,0.02156331254,1.246989534,1.870484301
6.635,2.045371012,0.05660151175,0.1256904056,0.4429432579,-0.03551662009,0.02147509777,1.216201253,1.824301879
6.64,2.047588173,0.05670276866,0.125797561,0.4419986058,-0.03552456589,0.02138707363,1.186173137,1.779259705
6.645,2.049800644,0.05680363144,0.1259042767,0.441054933,-0.03553220774,0.02129924431,1.156886418,1.735329626
6.65,2.05200843,0.05690410026,0.1260105537,0.4401122836,-0.03553954736,0.02121161384,1.12832279,1.692484185
6.655,2.054211538,0.05700417531,0.1261163931,0.4391707002,-0.03554658646,0.02112418613,1.100464401,1.650696602
6.66,2.056409971,0.0571038568,0.1262217959,0.4382302243,-0.03555332676,0.02103696494,1.073293838,1.609940758
6.665,2.058603736,0.05720314499,0.1263267631,0.4372908959,-0.03555976999,0.02094995392,1.046794119,1.570191179
6.67,2.060792838,0.05730204014,0.1264312958,0.4363527536,-0.03556591787,0.02086315656,1.02094868,1.53142302
6.675,2.062977283,0.05740054256,0.1265353951,0.435415835,-0.03557177215,0.02077657625,0.9957413675,1.493612051
6.68,2.065157078,0.05749865255,0.126639062,0.4344801763,-0.03557733457,0.02069021624,0.9711564255,1.456734638
6.685,2.067332229,0.05759637048,0.1267422976,0.4335458127,-0.03558260688,0.02060407968,0.9471784879,1.420767732
6.69,2.069502741,0.0576936967,0.1268451031,0.4326127782,-0.03558759082,0.02051816959,0.9237925677,1.385688852
6.695,2.071668622,0.05779063161,0.1269474797,0.4316811055,-0.03559228815,0.02043248888,0.900984048,1.351476072
6.7,2.073829879,0.05788717562,0.1270494284,0.4307508263,-0.03559670063,0.02034704035,0.8787386726,1.318108009
6.705,2.075986519,0.05798332918,0.1271509505,0.4298219715,-0.03560083,0.02026182669,0.8570425374,1.285563806
6.71,2.078138548,0.05807909274,0.1272520471,0.4288945705,-0.03560467804,0.02017685049,0.8358820818,1.253823123
6.715,2.080285973,0.05817446677,0.1273527194,0.4279686522,-0.0356082465,0.02009211425,0.8152440796,1.222866119
6.72,2.082428804,0.05826945177,0.1274529686,0.427044244,-0.03561153714,0.02000762035,0.7951156316,1.192673447
6.725,2.084567045,0.05836404826,0.127552796,0.4261213728,-0.03561455173,0.01992337108,0.7754841567,1.163226235
6.73,2.086700707,0.05845825678,0.1276522027,0.4252000642,-0.03561729202,0.01983936865,0.7563373847,1.134506077
6.735,2.088829795,0.05855207787,0.1277511901,0.4242803433,-0.03561975979,0.01975561515,0.7376633481,1.106495022
6.74,2.090954319,0.05864551212,0.1278497593,0.4233622339,-0.03562195678,0.01967211262,0.7194503751,1.079175563
6.745,2.093074285,0.05873856009,0.1279479116,0.4224457592,-0.03562388476,0.01958886299,0.7016870821,1.052530623
6.75,2.095189703,0.05883122241,0.1280456484,0.4215309416,-0.0356255455,0.01950586809,0.6843623663,1.026543549
6.755,2.097300581,0.05892349969,0.1281429708,0.4206178024,-0.03562694074,0.01942312971,0.6674653993,1.001198099
6.76,2.099406926,0.05901539256,0.1282398801,0.4197063624,-0.03562807224,0.01934064952,0.6509856199,0.9764784298
6.765,2.101508747,0.05910690168,0.1283363777,0.4187966415,-0.03562894177,0.01925842915,0.6349127276,0.9523690914
6.77,2.103606054,0.05919802771,0.1284324648,0.4178886589,-0.03562955106,0.01917647011,0.6192366765,0.9288550148
6.775,2.105698853,0.05928877133,0.1285281428,0.416982433,-0.03562990186,0.01909477388,0.6039476685,0.9059215027
6.78,2.107787155,0.05937913323,0.128623413,0.4160779816,-0.03562999593,0.01901334184,0.5890361475,0.8835542212
6.785,2.109870968,0.05946911413,0.1287182767,0.4151753218,-0.035629835,0.01893217532,0.5744927931,0.8617391897
6.79,2.1119503,0.05955871473,0.1288127352,0.4142744698,-0.03562942082,0.01885127556,0.5603085155,0.8404627733
6.795,2.114025162,0.05964793577,0.1289067899,0.4133754415,-0.03562875511,0.01877064375,0.546474449,0.8197116735
6.8,2.116095561,0.059736778,0.1290004421,0.4124782519,-0.03562783961,0.01869028101,0.5329819468,0.7994729202
6.805,2.118161507,0.05982524216,0.1290936931,0.4115829155,-0.03562667605,0.01861018841,0.5198225756,0.7797338635
6.81,2.120223009,0.05991332904,0.1291865444,0.4106894461,-0.03562526615,0.01853036695,0.5069881105,0.7604821658
6.815,2.122280077,0.06000103939,0.1292789973,0.409797857,-0.03562361163,0.01845081755,0.4944705295,0.7417057942
6.82,2.12433272,0.06008837402,0.1293710531,0.4089081609,-0.0356217142,0.01837154112,0.4822620086,0.7233930129
6.825,2.126380946,0.06017533371,0.1294627131,0.40802037,-0.03561957556,0.01829253847,0.4703549172,0.7055323758
6.83,2.128424766,0.06026191928,0.1295539789,0.4071344959,-0.03561719743,0.01821381037,0.4587418129,0.6881127194
6.835,2.130464189,0.06034813155,0.1296448517,0.4062505497,-0.03561458151,0.01813535755,0.4474154372,0.6711231558
6.84,2.132499225,0.06043397133,0.1297353329,0.4053685419,-0.03561172947,0.01805718068,0.4363687107,0.654553066
6.845,2.134529883,0.06051943947,0.129825424,0.4044884827,-0.03560864302,0.01797928037,0.4255947288,0.6383920932
6.85,2.136556173,0.06060453681,0.1299151262,0.4036103815,-0.03560532383,0.0179016572,0.4150867575,0.6226301363
6.855,2.138578104,0.06068926421,0.130004441,0.4027342477,-0.03560177358,0.01782431169,0.404838229,0.6072573435
6.86,2.140595687,0.06077362251,0.1300933698,0.4018600897,-0.03559799394,0.01774724431,0.3948427375,0.5922641062
6.865,2.14260893,0.06085761259,0.1301819139,0.4009879158,-0.03559398658,0.0176704555,0.3850940356,0.5776410534
6.87,2.144617845,0.06094123533,0.1302700748,0.4001177339,-0.03558975314,0.01759394565,0.3755860299,0.5633790449
6.875,2.14662244,0.06102449161,0.1303578538,0.3992495513,-0.03558529528,0.0175177151,0.3663127778,0.5494691667
6.88,2.148622726,0.0611073823,0.1304452524,0.398383375,-0.03558061465,0.01744176416,0.3572684831,0.5359027247
6.885,2.150618713,0.06118990833,0.1305322719,0.3975192114,-0.03557571288,0.01736609311,0.3484474928,0.5226712392
6.89,2.15261041,0.06127207057,0.1306189138,0.3966570669,-0.03557059161,0.01729070215,0.3398442936,0.5097664404
6.895,2.154597827,0.06135386994,0.1307051794,0.3957969472,-0.03556525246,0.0172155915,0.3314535081,0.4971802621
6.9,2.156580975,0.06143530736,0.1307910702,0.3949388577,-0.03555969704,0.01714076129,0.3232698918,0.4849048377
6.905,2.158559864,0.06151638374,0.1308765875,0.3940828035,-0.03555392697,0.01706621165,0.3152883297,0.4729324946
6.91,2.160534503,0.06159710002,0.1309617328,0.3932287894,-0.03554794385,0.01699194267,0.3075038331,0.4612557497
6.915,2.162504903,0.0616774571,0.1310465074,0.3923768197,-0.03554174928,0.01691795438,0.2999115365,0.4498673047
6.92,2.164471074,0.06175745595,0.1311309128,0.3915268986,-0.03553534485,0.01684424682,0.2925066942,0.4387600413
6.925,2.166433026,0.06183709748,0.1312149503,0.3906790298,-0.03552873213,0.01677081996,0.2852846782,0.4279270173
6.93,2.168390769,0.06191638265,0.1312986215,0.3898332167,-0.03552191271,0.01669767377,0.2782409744,0.4173614616
6.935,2.170344313,0.0619953124,0.1313819275,0.3889894625,-0.03551488815,0.01662480816,0.2713711803,0.4070567704
6.94,2.172293669,0.06207388769,0.13146487,0.3881477701,-0.03550766001,0.01655222304,0.264671002,0.397006503
6.945,2.174238847,0.06215210948,0.1315474502,0.387308142,-0.03550022984,0.01647991828,0.2581362516,0.3872043775
6.95,2.176179856,0.06222997871,0.1316296697,0.3864705805,-0.03549259919,0.01640789371,0.2517628449,0.3776442673
6.955,2.178116708,0.06230749636,0.1317115296,0.3856350878,-0.03548476959,0.01633614916,0.2455467981,0.3683201971
6.96,2.180049411,0.0623846634,0.1317930316,0.3848016655,-0.03547674257,0.01626468441,0.2394842261,0.3592263391
6.965,2.181977978,0.06246148078,0.131874177,0.3839703153,-0.03546851966,0.01619349923,0.2335713394,0.3503570092
6.97,2.183902417,0.0625379495,0.1319549671,0.3831410383,-0.03546010237,0.01612259336,0.2278044425,0.3417066638
6.975,2.185822739,0.06261407051,0.1320354034,0.3823138356,-0.03545149221,0.01605196652,0.2221799308,0.3332698962
6.98,2.187738955,0.0626898448,0.1321154872,0.3814887082,-0.03544269067,0.0159816184,0.2166942888,0.3250414331
6.985,2.189651074,0.06276527336,0.13219522,0.3806656565,-0.03543369924,0.01591154867,0.2113440877,0.3170161316
6.99,2.191559107,0.06284035715,0.1322746032,0.3798446809,-0.03542451941,0.015841757,0.2061259836,0.3091889754
6.995,2.193463064,0.06291509718,0.132353638,0.3790257817,-0.03541515265,0.01577224301,0.2010367149,0.3015550724
7,2.195362955,0.06298949443,0.132432326,0.3782089588,-0.03540560042,0.0157030063,0.1960731007,0.2941096511
7.005,2.197258791,0.06306354988,0.1325106686,0.3773942119,-0.0353958642,0.01563404648,0.1912320386,0.286848058
7.01,2.199150582,0.06313726453,0.132588667,0.3765815407,-0.03538594542,0.01556536312,0.1865105028,0.2797657542
7.015,2.201038338,0.06321063937,0.1326663227,0.3757709445,-0.03537584553,0.01549695577,0.1819055421,0.2728583131
7.02,2.202922069,0.0632836754,0.132743637,0.3749624226,-0.03536556596,0.01542882397,0.1774142782,0.2661214173
7.025,2.204801786,0.06335637361,0.1328206113,0.374155974,-0.03535510815,0.01536096725,0.1730339041,0.2595508561
7.03,2.206677498,0.063428735,0.1328972471,0.3733515976,-0.0353444735,0.01529338509,0.1687616818,0.2531425227
7.035,2.208549217,0.06350076057,0.1329735457,0.372549292,-0.03533366344,0.01522607701,0.164594941,0.2468924115
7.04,2.210416952,0.06357245132,0.1330495083,0.3717490559,-0.03532267936,0.01515904245,0.1605310774,0.2407966161
7.045,2.212280714,0.06364380825,0.1331251365,0.3709508876,-0.03531152266,0.0150922809,0.156567551,0.2348513265
7.05,2.214140512,0.06371483235,0.1332004316,0.3701547853,-0.03530019472,0.01502579178,0.1527018844,0.2290528266
7.055,2.215996358,0.06378552464,0.1332753949,0.3693607472,-0.03528869692,0.01495957452,0.1489316614,0.2233974922
7.06,2.21784826,0.06385588612,0.1333500278,0.3685687712,-0.03527703064,0.01489362856,0.1452545256,0.2178817884
7.065,2.21969623,0.06392591778,0.1334243316,0.3677788552,-0.03526519724,0.01482795328,0.1416681786,0.2125022679
7.07,2.221540277,0.06399562063,0.1334983078,0.3669909968,-0.03525319806,0.01476254807,0.1381703788,0.2072555682
7.075,2.223380413,0.06406499568,0.1335719576,0.3662051936,-0.03524103447,0.01469741233,0.13475894,0.20213841
7.08,2.225216645,0.06413404394,0.1336452824,0.365421443,-0.03522870779,0.0146325454,0.1314317299,0.1971475949
7.085,2.227048986,0.06420276639,0.1337182835,0.3646397424,-0.03521621935,0.01456794666,0.1281866689,0.1922800034
7.09,2.228877445,0.06427116406,0.1337909623,0.3638600889,-0.03520357048,0.01450361544,0.1250217288,0.1875325932
7.095,2.230702032,0.06433923794,0.1338633201,0.3630824797,-0.0351907625,0.01443955107,0.1219349313,0.182902397
7.1,2.232522758,0.06440698904,0.1339353582,0.3623069118,-0.0351777967,0.01437575289,0.1189243472,0.1783865207
7.105,2.234339632,0.06447441836,0.134007078,0.3615333819,-0.0351646744,0.0143122202,0.1159880946,0.1739821418
7.11,2.236152664,0.0645415269,0.1340784809,0.360761887,-0.03515139687,0.01424895232,0.1131243383,0.1696865074
7.115,2.237961865,0.06460831568,0.134149568,0.3599924237,-0.0351379654,0.01418594853,0.1103312884,0.1654969327
7.12,2.239767244,0.06467478569,0.1342203408,0.3592249885,-0.03512438126,0.01412320812,0.1076071992,0.1614107988
7.125,2.241568812,0.06474093794,0.1342908005,0.3584595781,-0.03511064573,0.01406073037,0.104950368,0.157425552
7.13,2.243366578,0.06480677342,0.1343609485,0.3576961887,-0.03509676006,0.01399851456,0.1023591342,0.1535387013
7.135,2.245160553,0.06487229314,0.1344307861,0.3569348167,-0.0350827255,0.01393655994,0.09983187816,0.1497478172
7.14,2.246950746,0.0649374981,0.1345003146,0.3561754584,-0.03506854329,0.01387486577,0.0973670203,0.1460505305
7.145,2.248737168,0.06500238931,0.1345695352,0.3554181099,-0.03505421468,0.0138134313,0.09496302,0.14244453
7.15,2.250519828,0.06506696775,0.1346384493,0.3546627673,-0.03503974088,0.01375225577,0.09261837469,0.138927562
7.155,2.252298736,0.06513123442,0.1347070582,0.3539094266,-0.03502512312,0.01369133841,0.09033161887,0.1354974283
7.16,2.254073902,0.06519519033,0.1347753631,0.3531580838,-0.03501036262,0.01363067846,0.08810132325,0.1321519849
7.165,2.255845337,0.06525883648,0.1348433654,0.3524087347,-0.03499546056,0.01357027513,0.08592609383,0.1288891407
7.17,2.257613049,0.06532217384,0.1349110663,0.3516613752,-0.03498041816,0.01351012765,0.08380457102,0.1257068565
7.175,2.259377049,0.06538520343,0.1349784671,0.350916001,-0.03496523659,0.01345023522,0.08173542879,0.1226031432
7.18,2.261137346,0.06544792623,0.1350455691,0.3501726077,-0.03494991705,0.01339059705,0.07971737386,0.1195760608
7.185,2.262893951,0.06551034323,0.1351123735,0.3494311911,-0.03493446071,0.01333121234,0.07774914489,0.1166237173
7.19,2.264646872,0.06557245543,0.1351788816,0.3486917466,-0.03491886872,0.01327208029,0.07582951166,0.1137442675
7.195,2.26639612,0.0656342638,0.1352450947,0.3479542699,-0.03490314225,0.01321320009,0.07395727435,0.1109359115
7.2,2.268141705,0.06569576936,0.135311014,0.3472187563,-0.03488728246,0.01315457093,0.07213126274,0.1081968941
7.205,2.269883636,0.06575697306,0.1353766408,0.3464852013,-0.03487129048,0.01309619198,0.07035033551,0.1055255033
7.21,2.271621922,0.06581787591,0.1354419764,0.3457536002,-0.03485516745,0.01303806243,0.06861337954,0.1029200693
7.215,2.273356574,0.06587847888,0.1355070219,0.3450239484,-0.03483891449,0.01298018146,0.06691930916,0.1003789637
7.22,2.275087601,0.06593878296,0.1355717786,0.3442962411,-0.03482253274,0.01292254823,0.06526706553,0.0979005983
7.225,2.276815013,0.06599878913,0.1356362478,0.3435704736,-0.03480602331,0.01286516192,0.06365561594,0.09548342391
7.23,2.278538819,0.06605849836,0.1357004306,0.342846641,-0.03478938729,0.01280802169,0.06208395319,0.09312592978
7.235,2.280259029,0.06611791164,0.1357643284,0.3421247386,-0.03477262579,0.0127511267,0.06055109492,0.09082664238
7.24,2.281975652,0.06617702993,0.1358279423,0.3414047614,-0.03475573991,0.01269447612,0.05905608306,0.08858412459
7.245,2.283688698,0.06623585421,0.1358912736,0.3406867045,-0.03473873072,0.01263806909,0.05759798318,0.08639697476
7.25,2.285398176,0.06629438545,0.1359543234,0.3399705631,-0.03472159931,0.01258190478,0.0561758839,0.08426382585
7.255,2.287104096,0.06635262462,0.136017093,0.339256332,-0.03470434674,0.01252598234,0.05478889639,0.08218334458
7.26,2.288806467,0.06641057269,0.1360795836,0.3385440062,-0.03468697408,0.01247030092,0.05343615371,0.08015423057
7.265,2.290505298,0.06646823063,0.1361417964,0.3378335809,-0.03466948238,0.01241485967,0.05211681038,0.07817521557
7.27,2.2922006,0.0665255994,0.1362037326,0.3371250508,-0.0346518727,0.01235965773,0.05083004175,0.07624506262
7.275,2.293892381,0.06658267996,0.1362653934,0.3364184108,-0.03463414607,0.01230469425,0.04957504354,0.07436256532
7.28,2.29558065,0.06663947327,0.13632678,0.3357136559,-0.03461630353,0.01224996837,0.04835103136,0.07252654704
7.285,2.297265418,0.06669598029,0.1363878935,0.335010781,-0.03459834611,0.01219547924,0.04715724014,0.07073586021
7.29,2.298946692,0.06675220198,0.1364487351,0.3343097807,-0.03458027483,0.01214122599,0.04599292373,0.0689893856
7.295,2.300624484,0.06680813929,0.1365093061,0.33361065,-0.0345620907,0.01208720777,0.0448573544,0.0672860316
7.3,2.302298801,0.06686379317,0.1365696076,0.3329133837,-0.03454379473,0.01203342371,0.04374982237,0.06562473356
7.305,2.303969652,0.06691916457,0.1366296408,0.3322179765,-0.03452538792,0.01197987296,0.04266963541,0.06400445312
7.31,2.305637048,0.06697425445,0.1366894067,0.3315244232,-0.03450687126,0.01192655465,0.04161611836,0.06242417754
7.315,2.307300997,0.06702906374,0.1367489067,0.3308327185,-0.03448824575,0.01187346792,0.04058861274,0.0608829191
7.32,2.308961509,0.06708359339,0.1368081418,0.3301428572,-0.03446951236,0.01182061189,0.03958647632,0.05937971447
7.325,2.310618592,0.06713784434,0.1368671132,0.3294548339,-0.03445067207,0.01176798572,0.03860908273,0.0579136241
7.33,2.312272255,0.06719181754,0.136925822,0.3287686434,-0.03443172583,0.01171558854,0.03765582108,0.05648373163
7.335,2.313922508,0.06724551391,0.1369842695,0.3280842803,-0.03441267462,0.01166341947,0.03672609555,0.05508914333
7.34,2.31556936,0.0672989344,0.1370424566,0.3274017394,-0.03439351938,0.01161147766,0.03581932502,0.05372898753
7.345,2.317212819,0.06735207993,0.1371003846,0.3267210153,-0.03437426107,0.01155976225,0.03493494273,0.0524024141
7.35,2.318852895,0.06740495143,0.1371580546,0.3260421026,-0.03435490062,0.01150827236,0.03407239592,0.05110859389
7.355,2.320489596,0.06745754985,0.1372154677,0.325364996,-0.03433543897,0.01145700713,0.03323114547,0.04984671821
7.36,2.322122931,0.06750987609,0.137272625,0.3246896902,-0.03431587705,0.0114059657,0.03241066557,0.04861599835
7.365,2.32375291,0.06756193108,0.1373295277,0.3240161797,-0.03429621577,0.0113551472,0.03161044338,0.04741566507
7.37,2.325379541,0.06761371575,0.1373861769,0.3233444592,-0.03427645605,0.01130455078,0.03082997876,0.04624496813
7.375,2.327002833,0.06766523101,0.1374425736,0.3226745234,-0.0342565988,0.01125417556,0.03006878387,0.0451031758
7.38,2.328622795,0.06771647778,0.137498719,0.3220063668,-0.03423664493,0.01120402069,0.02932638295,0.04398957442
7.385,2.330239435,0.06776745698,0.1375546142,0.3213399841,-0.03421659533,0.01115408531,0.02860231197,0.04290346796
7.39,2.331852763,0.06781816951,0.1376102602,0.3206753699,-0.03419645089,0.01110436855,0.02789611837,0.04184417756
7.395,2.333462787,0.06786861629,0.1376656582,0.3200125187,-0.03417621248,0.01105486956,0.02720736076,0.04081104114
7.4,2.335069515,0.06791879821,0.1377208093,0.3193514253,-0.034155881,0.01100558747,0.02653560863,0.03980341294
7.405,2.336672957,0.0679687162,0.1377757145,0.3186920841,-0.03413545732,0.01095652143,0.02588044212,0.03882066317
7.41,2.338273121,0.06801837114,0.1378303749,0.3180344899,-0.03411494229,0.01090767059,0.02524145172,0.03786217758
7.415,2.339870016,0.06806776394,0.1378847915,0.3173786372,-0.03409433677,0.01085903408,0.02461823806,0.03692735709
7.42,2.34146365,0.0681168955,0.1379389656,0.3167245207,-0.03407364163,0.01081061105,0.0240104116,0.03601561739
7.425,2.343054032,0.0681657667,0.137992898,0.3160721349,-0.03405285771,0.01076240065,0.02341759242,0.03512638863
7.43,2.34464117,0.06821437845,0.1380465899,0.3154214744,-0.03403198584,0.01071440203,0.02283941,0.03425911501
7.435,2.346225073,0.06826273163,0.1381000424,0.314772534,-0.03401102688,0.01066661433,0.02227550296,0.03341325444
7.44,2.34780575,0.06831082713,0.1381532564,0.3141253081,-0.03398998163,0.01061903671,0.02172551884,0.03258827825
7.445,2.349383209,0.06835866583,0.1382062331,0.3134797914,-0.03396885094,0.01057166832,0.02118911386,0.0317836708
7.45,2.350957457,0.06840624863,0.1382589734,0.3128359787,-0.03394763561,0.01052450832,0.02066595278,0.03099892917
7.455,2.352528505,0.06845357638,0.1383114785,0.3121938644,-0.03392633647,0.01047755585,0.02015570859,0.03023356288
7.46,2.354096359,0.06850064999,0.1383637493,0.3115534432,-0.03390495431,0.01043081008,0.01965806237,0.02948709355
7.465,2.355661029,0.06854747031,0.138415787,0.3109147098,-0.03388348994,0.01038427016,0.01917270308,0.02875905462
7.47,2.357222523,0.06859403822,0.1384675924,0.3102776588,-0.03386194415,0.01033793526,0.01869932735,0.02804899103
7.475,2.358780849,0.0686403546,0.1385191667,0.3096422849,-0.03384031774,0.01029180453,0.01823763932,0.02735645897
7.48,2.360336016,0.06868642031,0.1385705108,0.3090085827,-0.03381861148,0.01024587715,0.0177873504,0.0266810256
7.485,2.36188803,0.06873223621,0.1386216258,0.308376547,-0.03379682617,0.01020015227,0.01734817915,0.02602226873
7.49,2.363436902,0.06877780316,0.1386725126,0.3077461723,-0.03377496256,0.01015462907,0.01691985108,0.02537977662
7.495,2.364982639,0.06882312204,0.1387231724,0.3071174534,-0.03375302143,0.01010930671,0.01650209847,0.0247531477
7.5,2.366525249,0.06886819368,0.138773606,0.306490385,-0.03373100354,0.01006418437,0.01609466021,0.02414199031
7.505,2.36806474,0.06891301896,0.1388238146,0.3058649618,-0.03370890966,0.01001926121,0.01569728163,0.02354592245
7.51,2.369601121,0.06895759871,0.138873799,0.3052411785,-0.03368674052,0.009974536423,0.01530971437,0.02296457155
7.515,2.3711344,0.0690019338,0.1389235603,0.3046190297,-0.03366449687,0.009930009174,0.01493171617,0.02239757426
7.52,2.372664584,0.06904602507,0.1389730994,0.3039985104,-0.03364217947,0.009885678647,0.01456305079,0.02184457618
7.525,2.374191682,0.06908987336,0.1390224174,0.3033796151,-0.03361978903,0.009841544022,0.01420348778,0.02130523167
7.53,2.375715701,0.06913347951,0.1390715152,0.3027623386,-0.03359732631,0.009797604484,0.01385280242,0.02077920363
7.535,2.37723665,0.06917684437,0.1391203937,0.3021466758,-0.03357479201,0.009753859219,0.01351077551,0.02026616326
7.54,2.378754537,0.06921996876,0.1391690541,0.3015326213,-0.03355218686,0.009710307415,0.01317719327,0.01976578991
7.545,2.380269369,0.06926285354,0.1392174971,0.3009201701,-0.03352951157,0.009666948263,0.01285184721,0.01927777082
7.55,2.381781155,0.06930549952,0.1392657239,0.3003093167,-0.03350676686,0.009623780954,0.01253453397,0.01880180096
7.555,2.383289902,0.06934790754,0.1393137353,0.2997000562,-0.03348395344,0.009580804684,0.01222505523,0.01833758284
7.56,2.384795619,0.06939007843,0.1393615322,0.2990923832,-0.03346107199,0.00953801865,0.01192321754,0.01788482631
7.565,2.386298313,0.069432013,0.1394091158,0.2984862927,-0.03343812322,0.009495422051,0.01162883225,0.01744324837
7.57,2.387797991,0.06947371209,0.1394564868,0.2978817795,-0.03341510781,0.00945301409,0.01134171536,0.01701257303
7.575,2.389294662,0.06951517651,0.1395036462,0.2972788384,-0.03339202646,0.00941079397,0.01106168741,0.01659253111
7.58,2.390788334,0.06955640707,0.139550595,0.2966774643,-0.03336887983,0.009368760898,0.01078857337,0.01618286006
7.585,2.392279014,0.06959740459,0.1395973341,0.296077652,-0.03334566862,0.009326914083,0.01052220255,0.01578330382
7.59,2.39376671,0.06963816989,0.1396438645,0.2954793966,-0.03332239348,0.009285252736,0.01026240844,0.01539361266
7.595,2.395251429,0.06967870377,0.139690187,0.2948826929,-0.03329905508,0.009243776072,0.01000902867,0.01501354301
7.6,2.396733179,0.06971900704,0.1397363025,0.2942875357,-0.03327565409,0.009202483305,0.009761904874,0.01464285731
7.605,2.398211969,0.0697590805,0.1397822121,0.2936939202,-0.03325219116,0.009161373655,0.009520882583,0.01428132387
7.61,2.399687805,0.06979892495,0.1398279166,0.2931018411,-0.03322866695,0.009120446343,0.009285811155,0.01392871673
7.615,2.401160695,0.0698385412,0.1398734169,0.2925112935,-0.03320508209,0.009079700593,0.00905654366,0.01358481549
7.62,2.402630646,0.06987793004,0.1399187139,0.2919222723,-0.03318143724,0.00903913563,0.008832936801,0.0132494052
7.625,2.404097667,0.06991709226,0.1399638085,0.2913347726,-0.03315773303,0.008998750684,0.008614850814,0.01292227622
7.63,2.405561765,0.06995602866,0.1400087017,0.2907487894,-0.03313397009,0.008958544985,0.00840214939,0.01260322409
7.635,2.407022946,0.06999474002,0.1400533943,0.2901643176,-0.03311014905,0.008918517767,0.008194699582,0.01229204937
7.64,2.408481219,0.07003322714,0.1400978872,0.2895813523,-0.03308627054,0.008878668267,0.007992371729,0.01198855759
7.645,2.409936592,0.07007149079,0.1401421813,0.2889998886,-0.03306233518,0.008838995723,0.007795039367,0.01169255905
7.65,2.41138907,0.07010953175,0.1401862774,0.2884199215,-0.03303834358,0.008799499376,0.00760257916,0.01140386874
7.655,2.412838663,0.07014735082,0.1402301765,0.2878414461,-0.03301429635,0.008760178471,0.007414870811,0.01112230622
7.66,2.414285377,0.07018494875,0.1402738795,0.2872644575,-0.0329901941,0.008721032254,0.007231796999,0.0108476955
7.665,2.415729219,0.07022232633,0.1403173872,0.2866889508,-0.03296603744,0.008682059974,0.007053243295,0.01057986494
7.67,2.417170197,0.07025948433,0.1403607004,0.2861149212,-0.03294182695,0.008643260883,0.006879098098,0.01031864715
7.675,2.418608319,0.07029642352,0.1404038201,0.2855423637,-0.03291756323,0.008604634235,0.00670925256,0.01006387884
7.68,2.420043591,0.07033314466,0.140446747,0.2849712736,-0.03289324688,0.008566179287,0.006543600525,0.009815400787
7.685,2.42147602,0.07036964851,0.1404894821,0.284401646,-0.03286887847,0.008527895299,0.006382038452,0.009573057677
7.69,2.422905615,0.07040593585,0.1405320263,0.283833476,-0.03284445859,0.008489781533,0.006224465361,0.009336698042
7.695,2.424332381,0.07044200742,0.1405743802,0.283266759,-0.03281998782,0.008451837253,0.006070782763,0.009106174145
7.7,2.425756327,0.07047786399,0.1406165449,0.2827014901,-0.03279546672,0.008414061728,0.005920894603,0.008881341905
7.705,2.427177459,0.07051350631,0.1406585211,0.2821376646,-0.03277089587,0.008376454227,0.005774707194,0.008662060791
7.71,2.428595785,0.07054893513,0.1407003097,0.2815752776,-0.03274627583,0.008339014023,0.005632129166,0.008448193749
7.715,2.430011311,0.0705841512,0.1407419115,0.2810143246,-0.03272160716,0.008301740391,0.005493071401,0.008239607102
7.72,2.431424045,0.07061915527,0.1407833274,0.2804548006,-0.03269689041,0.008264632609,0.005357446985,0.008036170478
7.725,2.432833994,0.07065394808,0.1408245581,0.2798967012,-0.03267212614,0.008227689959,0.005225171148,0.007837756721
7.73,2.434241165,0.07068853037,0.1408656046,0.2793400214,-0.0326473149,0.008190911723,0.005096161213,0.007644241819
7.735,2.435645565,0.07072290289,0.1409064675,0.2787847568,-0.03262245723,0.008154297188,0.004970336544,0.007455504815
7.74,2.4370472,0.07075706637,0.1409471478,0.2782309026,-0.03259755367,0.008117845642,0.004847618498,0.007271427747
7.745,2.438446078,0.07079102154,0.1409876463,0.2776784542,-0.03257260476,0.008081556377,0.00472793037,0.007091895555
7.75,2.439842206,0.07082476914,0.1410279637,0.277127407,-0.03254761102,0.008045428685,0.004611197354,0.006916796031
7.755,2.441235591,0.0708583099,0.1410681008,0.2765777564,-0.03252257299,0.008009461866,0.004497346485,0.006746019727
7.76,2.442626239,0.07089164454,0.1411080585,0.2760294977,-0.0324974912,0.007973655216,0.004386306605,0.006579459908
7.765,2.444014157,0.07092477379,0.1411478376,0.2754826265,-0.03247236616,0.007938008039,0.004278008309,0.006417012463
7.77,2.445399353,0.07095769838,0.1411874389,0.2749371381,-0.03244719839,0.007902519639,0.004172383908,0.006258575861
7.775,2.446781833,0.07099041902,0.1412268631,0.274393028,-0.03242198841,0.007867189324,0.004069367381,0.006104051072
7.78,2.448161604,0.07102293643,0.141266111,0.2738502916,-0.03239673672,0.007832016403,0.003968894343,0.005953341515
7.785,2.449538672,0.07105525132,0.1413051835,0.2733089246,-0.03237144383,0.007797000189,0.003870901992,0.005806352989
7.79,2.450913045,0.07108736442,0.1413440813,0.2727689223,-0.03234611024,0.007762139997,0.003775329082,0.005662993623
7.795,2.452284729,0.07111927643,0.1413828052,0.2722302803,-0.03232073645,0.007727435146,0.003682115875,0.005523173812
7.8,2.453653731,0.07115098806,0.1414213559,0.2716929942,-0.03229532296,0.007692884955,0.00359120411,0.005386806165
7.805,2.455020058,0.07118250001,0.1414597343,0.2711570594,-0.03226987026,0.007658488749,0.003502536964,0.005253805447
7.81,2.456383716,0.071213813,0.1414979411,0.2706224717,-0.03224437884,0.007624245852,0.003416059019,0.005124088528
7.815,2.457744711,0.07124492771,0.141535977,0.2700892264,-0.03221884917,0.007590155595,0.003331716221,0.004997574332
7.82,2.459103052,0.07127584486,0.1415738429,0.2695573194,-0.03219328174,0.007556217307,0.003249455854,0.004874183781
7.825,2.460458743,0.07130656513,0.1416115394,0.269026746,-0.03216767704,0.007522430323,0.003169226504,0.004753839756
7.83,2.461811792,0.07133708922,0.1416490674,0.2684975022,-0.03214203552,0.007488793979,0.003090978022,0.004636467033
7.835,2.463162206,0.07136741783,0.1416864276,0.2679695833,-0.03211635767,0.007455307614,0.003014661503,0.004521992255
7.84,2.46450999,0.07139755164,0.1417236207,0.2674429852,-0.03209064395,0.00742197057,0.002940229245,0.004410343868
7.845,2.465855152,0.07142749134,0.1417606476,0.2669177035,-0.03206489483,0.007388782192,0.002867634727,0.00430145209
7.85,2.467197698,0.07145723762,0.1417975088,0.2663937339,-0.03203911075,0.007355741826,0.002796832573,0.004195248859
7.855,2.468537634,0.07148679115,0.1418342052,0.2658710722,-0.03201329219,0.007322848822,0.002727778531,0.004091667796
7.86,2.469874966,0.07151615263,0.1418707375,0.265349714,-0.03198743959,0.007290102533,0.002660429439,0.003990644158
7.865,2.471209702,0.07154532273,0.1419071065,0.2648296551,-0.03196155341,0.007257502313,0.002594743202,0.003892114803
7.87,2.472541848,0.07157430212,0.1419433128,0.2643108913,-0.03193563408,0.007225047519,0.002530678764,0.003796018146
7.875,2.47387141,0.07160309148,0.1419793572,0.2637934183,-0.03190968206,0.007192737513,0.002468196083,0.003702294124
7.88,2.475198394,0.07163169147,0.1420152404,0.263277232,-0.03188369779,0.007160571655,0.002407256105,0.003610884157
7.885,2.476522807,0.07166010278,0.1420509632,0.2627623282,-0.0318576817,0.007128549312,0.002347820739,0.003521731109
7.89,2.477844656,0.07168832607,0.1420865262,0.2622487026,-0.03183163423,0.007096669852,0.002289852839,0.003434779258
7.895,2.479163945,0.071716362,0.1421219301,0.2617363512,-0.03180555581,0.007064932645,0.002233316171,0.003349974256
7.9,2.480480683,0.07174421123,0.1421571757,0.2612252698,-0.03177944686,0.007033337064,0.002178175398,0.003267263097
7.905,2.481794874,0.07177187442,0.1421922637,0.2607154542,-0.03175330781,0.007001882484,0.002124396056,0.003186594084
7.91,2.483106526,0.07179935224,0.1422271948,0.2602069004,-0.03172713908,0.006970568284,0.00207194453,0.003107916795
7.915,2.484415644,0.07182664534,0.1422619696,0.2596996042,-0.03170094109,0.006939393844,0.002020788038,0.003031182057
7.92,2.485722235,0.07185375437,0.142296589,0.2591935617,-0.03167471426,0.006908358548,0.001970894603,0.002956341904
7.925,2.487026305,0.07188067999,0.1423310534,0.2586887687,-0.031648459,0.006877461781,0.001922233042,0.002883349563
7.93,2.48832786,0.07190742283,0.1423653638,0.2581852211,-0.03162217571,0.006846702933,0.001874772939,0.002812159408
7.935,2.489626906,0.07193398356,0.1423995207,0.257682915,-0.0315958648,0.006816081393,0.00182848463,0.002742726946
7.94,2.49092345,0.07196036282,0.1424335248,0.2571818463,-0.03156952669,0.006785596555,0.001783339184,0.002675008776
7.945,2.492217497,0.07198656125,0.1424673769,0.2566820111,-0.03154316176,0.006755247815,0.001739308383,0.002608962574
7.95,2.493509054,0.07201257948,0.1425010775,0.2561834053,-0.03151677041,0.006725034571,0.001696364706,0.002544547059
7.955,2.494798126,0.07203841816,0.1425346275,0.2556860249,-0.03149035304,0.006694956225,0.001654481312,0.002481721967
7.96,2.49608472,0.07206407793,0.1425680273,0.2551898661,-0.03146391004,0.00666501218,0.001613632023,0.002420448034
7.965,2.497368842,0.07208955941,0.1426012778,0.2546949249,-0.03143744181,0.006635201841,0.001573791306,0.002360686959
7.97,2.498650497,0.07211486325,0.1426343796,0.2542011974,-0.03141094871,0.006605524618,0.00153493426,0.002302401391
7.975,2.499929692,0.07213999007,0.1426673333,0.2537086796,-0.03138443115,0.006575979921,0.001497036599,0.002245554898
7.98,2.501206433,0.07216494049,0.1427001396,0.2532173676,-0.03135788949,0.006546567164,0.001460074633,0.002190111949
7.985,2.502480726,0.07218971516,0.1427327992,0.2527272577,-0.03133132412,0.006517285763,0.001424025262,0.002136037893
7.99,2.503752576,0.07221431467,0.1427653127,0.2522383459,-0.03130473541,0.006488135135,0.001388865953,0.002083298929
7.995,2.50502199,0.07223873967,0.1427976807,0.2517506283,-0.03127812373,0.006459114701,0.001354574731,0.002031862096
8,2.506288973,0.07226299077,0.142829904,0.2512641012,-0.03125148945,0.006430223886,0.001321130161,0.001981695242
8.005,2.507553532,0.07228706858,0.1428619832,0.2507787608,-0.03122483294,0.006401462114,0.001288511341,0.001932767012
8.01,2.508815672,0.07231097373,0.1428939189,0.2502946031,-0.03119815456,0.006372828814,0.001256697883,0.001885046825
8.015,2.510075399,0.07233470681,0.1429257117,0.2498116245,-0.03117145468,0.006344323416,0.001225669901,0.001838504852
8.02,2.511332719,0.07235826846,0.1429573623,0.2493298212,-0.03114473364,0.006315945352,0.001195408004,0.001793112006
8.025,2.512587637,0.07238165927,0.1429888714,0.2488491893,-0.03111799181,0.00628769406,0.001165893275,0.001748839913
8.03,2.51384016,0.07240487985,0.1430202395,0.2483697252,-0.03109122954,0.006259568975,0.001137107268,0.001705660901
8.035,2.515090293,0.07242793081,0.1430514673,0.2478914252,-0.03106444718,0.006231569539,0.001109031989,0.001663547984
8.04,2.516338042,0.07245081274,0.1430825554,0.2474142855,-0.03103764508,0.006203695193,0.001081649892,0.001622474838
8.045,2.517583413,0.07247352626,0.1431135044,0.2469383024,-0.03101082358,0.006175945384,0.001054943861,0.001582415791
8.05,2.518826411,0.07249607195,0.143144315,0.2464634722,-0.03098398302,0.006148319557,0.001028897204,0.001543345806
8.055,2.520067043,0.07251845042,0.1431749878,0.2459897913,-0.03095712376,0.006120817163,0.001003493641,0.001505240462
8.06,2.521305313,0.07254066226,0.1432055234,0.245517256,-0.03093024611,0.006093437653,0.0009787172955,0.001468075943
8.065,2.522541228,0.07256270807,0.1432359224,0.2450458627,-0.03090335043,0.006066180483,0.0009545526792,0.001431829019
8.07,2.523774792,0.07258458842,0.1432661854,0.2445756078,-0.03087643704,0.006039045108,0.0009309846895,0.001396477034
8.075,2.525006013,0.07260630392,0.143296313,0.2441064875,-0.03084950626,0.006012030988,0.0009079985959,0.001361997894
8.08,2.526234895,0.07262785515,0.1433263059,0.2436384984,-0.03082255844,0.005985137584,0.0008855800304,0.001328370046
8.085,2.527461444,0.07264924269,0.1433561646,0.2431716369,-0.0307955939,0.005958364359,0.0008637149817,0.001295572473
8.09,2.528685665,0.07267046713,0.1433858898,0.2427058993,-0.03076861295,0.00593171078,0.0008423897829,0.001263584674
8.095,2.529907564,0.07269152905,0.1434154819,0.2422412821,-0.03074161592,0.005905176315,0.0008215911048,0.001232386657
8.1,2.531127147,0.07271242902,0.1434449417,0.2417777818,-0.03071460313,0.005878760434,0.0008013059485,0.001201958923
8.105,2.53234442,0.07273316762,0.1434742697,0.2413153949,-0.03068757489,0.005852462611,0.0007815216339,0.001172282451
8.11,2.533559387,0.07275374543,0.1435034665,0.2408541178,-0.03066053151,0.005826282319,0.000762225796,0.001143338694
8.115,2.534772053,0.07277416302,0.1435325328,0.2403939471,-0.03063347332,0.005800219038,0.0007434063743,0.001115109561
8.12,2.535982426,0.07279442097,0.1435614689,0.2399348791,-0.03060640061,0.005774272246,0.0007250516052,0.001087577408
8.125,2.53719051,0.07281451983,0.1435902757,0.2394769106,-0.03057931369,0.005748441425,0.0007071500174,0.001060725026
8.13,2.53839631,0.07283446018,0.1436189535,0.239020038,-0.03055221287,0.005722726059,0.0006896904215,0.001034535632
8.135,2.539599832,0.07285424258,0.1436475031,0.2385642578,-0.03052509845,0.005697125635,0.0006726619039,0.001008992856
8.14,2.540801081,0.0728738676,0.143675925,0.2381095667,-0.03049797072,0.005671639641,0.0006560538226,0.0009840807339
8.145,2.542000063,0.0728933358,0.1437042197,0.2376559612,-0.03047082999,0.005646267568,0.000639855796,0.0009597836941
8.15,2.543196783,0.07291264773,0.1437323878,0.237203438,-0.03044367656,0.005621008909,0.0006240576999,0.0009360865498
8.155,2.544391246,0.07293180396,0.14376043,0.2367519935,-0.0304165107,0.005595863159,0.0006086496607,0.000912974491
8.16,2.545583458,0.07295080503,0.1437883467,0.2363016245,-0.03038933272,0.005570829816,0.0005936220469,0.0008904330703
8.165,2.546773424,0.07296965152,0.1438161385,0.2358523276,-0.03036214291,0.00554590838,0.0005789654662,0.0008684481993
8.17,2.54796115,0.07298834395,0.1438438059,0.2354040994,-0.03033494154,0.005521098351,0.0005646707582,0.0008470061373
8.175,2.54914664,0.07300688289,0.1438713496,0.2349569366,-0.03030772891,0.005496399234,0.0005507289873,0.000826093481
8.18,2.5503299,0.07302526889,0.1438987701,0.2345108359,-0.0302805053,0.005471810535,0.0005371314401,0.0008056971602
8.185,2.551510935,0.07304350248,0.1439260679,0.2340657939,-0.03025327098,0.005447331763,0.0005238696179,0.0007858044268
8.19,2.55268975,0.07306158422,0.1439532436,0.2336218073,-0.03022602624,0.005422962427,0.0005109352307,0.000766402846
8.195,2.553866351,0.07307951465,0.1439802977,0.233178873,-0.03019877135,0.00539870204,0.0004983201949,0.0007474802923
8.2,2.555040743,0.0730972943,0.1440072308,0.2327369875,-0.03017150658,0.005374550117,0.0004860166257,0.0007290249386
8.205,2.556212931,0.07311492372,0.1440340434,0.2322961477,-0.03014423221,0.005350506174,0.0004740168322,0.0007110252483
8.21,2.55738292,0.07313240345,0.1440607361,0.2318563502,-0.03011694851,0.005326569731,0.0004623133149,0.0006934699724
8.215,2.558550716,0.07314973401,0.1440873093,0.2314175919,-0.03008965574,0.005302740308,0.0004508987588,0.0006763481382
8.22,2.559716323,0.07316691595,0.1441137636,0.2309798696,-0.03006235417,0.005279017429,0.0004397660285,0.0006596490427
8.225,2.560879746,0.07318394979,0.1441400996,0.2305431799,-0.03003504407,0.005255400619,0.0004289081666,0.0006433622499
8.23,2.562040991,0.07320083606,0.1441663178,0.2301075198,-0.03000772568,0.005231889404,0.0004183183865,0.0006274775797
8.235,2.563200063,0.0732175753,0.1441924187,0.229672886,-0.02998039929,0.005208483315,0.0004079900684,0.0006119851026
8.24,2.564356967,0.07323416802,0.1442184028,0.2292392754,-0.02995306513,0.005185181882,0.0003979167578,0.0005968751366
8.245,2.565511707,0.07325061476,0.1442442707,0.2288066848,-0.02992572348,0.005161984639,0.0003880921583,0.0005821382374
8.25,2.56666429,0.07326691603,0.1442700228,0.2283751111,-0.02989837458,0.005138891122,0.0003785101285,0.0005677651927
8.255,2.567814719,0.07328307236,0.1442956598,0.2279445511,-0.02987101868,0.005115900868,0.0003691646801,0.0005537470201
8.26,2.568963001,0.07329908427,0.144321182,0.2275150017,-0.02984365604,0.005093013416,0.000360049972,0.0005400749579
8.265,2.570109139,0.07331495227,0.1443465901,0.2270864598,-0.02981628689,0.005070228309,0.0003511603063,0.0005267404594
8.27,2.57125314,0.07333067687,0.1443718845,0.2266589222,-0.0297889115,0.005047545089,0.0003424901273,0.000513735191
8.275,2.572395007,0.0733462586,0.1443970657,0.226232386,-0.02976153011,0.005024963303,0.0003340340162,0.0005010510243
8.28,2.573534746,0.07336169796,0.1444221343,0.2258068481,-0.02973414295,0.005002482497,0.0003257866869,0.0004886800303
8.285,2.574672363,0.07337699547,0.1444470907,0.2253823053,-0.02970675026,0.004980102222,0.0003177429847,0.0004766144771
8.29,2.575807861,0.07339215163,0.1444719355,0.2249587546,-0.02967935229,0.004957822028,0.0003098978827,0.0004648468241
8.295,2.576941245,0.07340716696,0.1444966691,0.2245361931,-0.02965194928,0.004935641471,0.0003022464768,0.0004533697152
8.3,2.578072521,0.07342204194,0.144521292,0.2241146176,-0.02962454145,0.004913560104,0.0002947839844,0.0004421759766
8.305,2.579201694,0.0734367771,0.1445458049,0.2236940251,-0.02959712905,0.004891577486,0.0002875057421,0.0004312586131
8.31,2.580328768,0.07345137293,0.144570208,0.2232744127,-0.0295697123,0.004869693175,0.0002804072002,0.0004206108003
8.315,2.581453748,0.07346582993,0.1445945019,0.2228557774,-0.02954229143,0.004847906734,0.0002734839214,0.0004102258821
8.32,2.582576638,0.0734801486,0.1446186872,0.2224381161,-0.02951486668,0.004826217725,0.0002667315794,0.0004000973691
8.325,2.583697445,0.07349432944,0.1446427643,0.222021426,-0.02948743826,0.004804625714,0.0002601459535,0.0003902189303
8.33,2.584816173,0.07350837294,0.1446667336,0.221605704,-0.02946000641,0.004783130267,0.0002537229268,0.0003805843902
8.335,2.585932825,0.07352227959,0.1446905957,0.2211909472,-0.02943257134,0.004761730954,0.0002474584853,0.000371187728
8.34,2.587047408,0.07353604989,0.1447143511,0.2207771527,-0.02940513329,0.004740427346,0.0002413487138,0.0003620230708
8.345,2.588159926,0.07354968433,0.1447380002,0.2203643176,-0.02937769246,0.004719219016,0.0002353897928,0.0003530846892
8.35,2.589270383,0.07356318339,0.1447615435,0.2199524389,-0.02935024907,0.004698105537,0.0002295779979,0.0003443669968
8.355,2.590378785,0.07357654756,0.1447849814,0.2195415137,-0.02932280335,0.004677086488,0.0002239096971,0.0003358645457
8.36,2.591485136,0.07358977734,0.1448083145,0.2191315393,-0.02929535551,0.004656161445,0.0002183813472,0.0003275720207
8.365,2.592589441,0.07360287319,0.1448315432,0.2187225126,-0.02926790575,0.00463532999,0.0002129894922,0.0003194842383
8.37,2.593691704,0.0736158356,0.1448546679,0.2183144308,-0.0292404543,0.004614591705,0.0002077307629,0.0003115961444
8.375,2.594791931,0.07362866506,0.1448776892,0.2179072911,-0.02921300135,0.004593946174,0.0002026018724,0.0003039028085
8.38,2.595890125,0.07364136204,0.1449006075,0.2175010906,-0.02918554713,0.004573392982,0.0001975996142,0.0002963994213
8.385,2.596986292,0.07365392701,0.1449234233,0.2170958266,-0.02915809183,0.004552931718,0.0001927208621,0.0002890812932
8.39,2.598080436,0.07366636046,0.144946137,0.2166914961,-0.02913063566,0.00453256197,0.0001879625673,0.000281943851
8.395,2.599172561,0.07367866286,0.1449687491,0.2162880964,-0.02910317883,0.00451228333,0.0001833217551,0.0002749826327
8.4,2.600262673,0.07369083468,0.14499126,0.2158856246,-0.02907572153,0.004492095392,0.0001787955246,0.0002681932868
8.405,2.601350776,0.07370287638,0.1450136702,0.215484078,-0.02904826397,0.00447199775,0.0001743810474,0.000261571571
8.41,2.602436875,0.07371478845,0.1450359801,0.2150834538,-0.02902080634,0.004451990001,0.0001700755642,0.0002551133463
8.415,2.603520973,0.07372657134,0.1450581902,0.2146837493,-0.02899334885,0.004432071743,0.0001658763835,0.0002488145752
8.42,2.604603077,0.07373822552,0.145080301,0.2142849616,-0.02896589168,0.004412242577,0.0001617808807,0.0002426713211
8.425,2.605683189,0.07374975146,0.1451023128,0.2138870881,-0.02893843503,0.004392502105,0.0001577864968,0.0002366797451
8.43,2.606761315,0.07376114961,0.1451242262,0.2134901259,-0.0289109791,0.00437284993,0.0001538907345,0.0002308361017
8.435,2.607837459,0.07377242045,0.1451460415,0.2130940725,-0.02888352408,0.004353285659,0.0001500911584,0.0002251367377
8.44,2.608911626,0.07378356443,0.1451677592,0.212698925,-0.02885607015,0.004333808898,0.0001463853944,0.0002195780917
8.445,2.60998382,0.073794582,0.1451893797,0.2123046807,-0.02882861751,0.004314419257,0.0001427711264,0.0002141566896
8.45,2.611054046,0.07380547363,0.1452109035,0.211911337,-0.02880116633,0.004295116346,0.0001392460948,0.0002088691423
8.455,2.612122308,0.07381623977,0.145232331,0.2115188912,-0.02877371682,0.004275899778,0.0001358080962,0.0002037121443
8.46,2.61318861,0.07382688086,0.1452536626,0.2111273406,-0.02874626914,0.004256769168,0.0001324549824,0.0001986824736
8.465,2.614252958,0.07383739738,0.1452748988,0.2107366826,-0.02871882348,0.004237724131,0.0001291846575,0.0001937769862
8.47,2.615315355,0.07384778975,0.14529604,0.2103469144,-0.02869138003,0.004218764284,0.0001259950769,0.0001889926153
8.475,2.616375805,0.07385805844,0.1453170866,0.2099580335,-0.02866393896,0.004199889248,0.0001228842471,0.0001843263706
8.48,2.617434314,0.07386820389,0.1453380391,0.2095700373,-0.02863650045,0.004181098643,0.0001198502243,0.0001797753365
8.485,2.618490886,0.07387822655,0.1453588977,0.209182923,-0.02860906468,0.004162392092,0.000116891112,0.000175336668
8.49,2.619545524,0.07388812685,0.1453796631,0.2087966881,-0.02858163182,0.00414376922,0.00011400506,0.00017100759
8.495,2.620598233,0.07389790525,0.1454003356,0.20841133,-0.02855420205,0.004125229652,0.0001111902648,0.0001667853973
8.5,2.621649019,0.07390756218,0.1454209156,0.2080268461,-0.02852677554,0.004106773017,0.0001084449676,0.0001626674514
8.505,2.622697884,0.07391709809,0.1454414034,0.2076432338,-0.02849935247,0.004088398943,0.000105767452,0.000158651178
8.51,2.623744834,0.07392651341,0.1454617997,0.2072604906,-0.02847193299,0.004070107062,0.0001031560441,0.0001547340662
8.515,2.624789872,0.07393580857,0.1454821047,0.2068786138,-0.02844451728,0.004051897006,0.0001006091121,0.0001509136682
8.52,2.625833003,0.07394498403,0.1455023188,0.206497601,-0.02841710552,0.00403376841,9.812506448e-05,0.0001471875967
8.525,2.626874231,0.0739540402,0.1455224425,0.2061174495,-0.02838969785,0.00401572091,9.57023482e-05,0.0001435535223
8.53,2.62791356,0.07396297752,0.1455424761,0.2057381569,-0.02836229445,0.003997754143,9.333944866e-05,0.000140009173
8.535,2.628950995,0.07397179642,0.1455624202,0.2053597207,-0.02833489549,0.003979867748,9.103488928e-05,0.0001365523339
8.54,2.62998654,0.07398049733,0.1455822749,0.2049821382,-0.02830750112,0.003962061367,8.878723001e-05,0.000133180845
8.545,2.6310202,0.07398908069,0.1456020409,0.2046054071,-0.0282801115,0.003944334641,8.659506567e-05,0.0001298925985
8.55,2.632051977,0.07399754691,0.1456217184,0.2042295248,-0.0282527268,0.003926687215,8.445702575e-05,0.0001266855386
8.555,2.633081877,0.07400589642,0.1456413079,0.2038544888,-0.02822534717,0.003909118734,8.237177419e-05,0.0001235576613
8.56,2.634109904,0.07401412964,0.1456608097,0.2034802966,-0.02819797277,0.003891628845,8.033800798e-05,0.000120507012
8.565,2.635136062,0.074022247,0.1456802243,0.2031069459,-0.02817060376,0.003874217197,7.835445566e-05,0.0001175316835
8.57,2.636160354,0.07403024892,0.145699552,0.2027344341,-0.02814324029,0.00385688344,7.641987714e-05,0.0001146298157
8.575,2.637182787,0.07403813582,0.1457187933,0.2023627587,-0.02811588251,0.003839627226,7.453306351e-05,0.0001117995953
8.58,2.638203362,0.07404590811,0.1457379484,0.2019919174,-0.02808853058,0.003822448209,7.269283574e-05,0.0001090392536
8.585,2.639222085,0.07405356622,0.1457570179,0.2016219078,-0.02806118464,0.003805346043,7.089804338e-05,0.0001063470651
8.59,2.640238959,0.07406111055,0.145776002,0.2012527273,-0.02803384485,0.003788320384,6.914756434e-05,0.0001037213465
8.595,2.64125399,0.07406854153,0.1457949012,0.2008843736,-0.02800651135,0.003771370892,6.744030476e-05,0.0001011604571
8.6,2.64226718,0.07407585956,0.1458137159,0.2005168443,-0.0279791843,0.003754497224,6.577519782e-05,9.866279673e-05
8.605,2.643278534,0.07408306505,0.1458324463,0.2001501369,-0.02795186384,0.003737699043,6.415120253e-05,9.62268038e-05
8.61,2.644288056,0.07409015842,0.145851093,0.1997842492,-0.0279245501,0.00372097601,6.256730361e-05,9.385095541e-05
8.615,2.64529575,0.07409714007,0.1458696562,0.1994191787,-0.02789724325,0.003704327791,6.102251125e-05,9.153376688e-05
8.62,2.64630162,0.07410401041,0.1458881364,0.1990549231,-0.02786994342,0.003687754049,5.951586019e-05,8.927379028e-05
8.625,2.64730567,0.07411076985,0.1459065339,0.1986914799,-0.02784265075,0.003671254453,5.804640848e-05,8.706961272e-05
8.63,2.648307904,0.07411741879,0.145924849,0.1983288469,-0.02781536538,0.003654828671,5.661323747e-05,8.49198562e-05
8.635,2.649308326,0.07412395763,0.1459430823,0.1979670218,-0.02778808745,0.003638476373,5.521545154e-05,8.282317731e-05
8.64,2.650306941,0.07413038678,0.1459612339,0.1976060021,-0.0277608171,0.00362219723,5.385217728e-05,8.077826592e-05
8.645,2.651303752,0.07413670663,0.1459793044,0.1972457855,-0.02773355447,0.003605990915,5.25225624e-05,7.878384359e-05
8.65,2.652298763,0.07414291758,0.145997294,0.1968863699,-0.02770629969,0.003589857102,5.122577563e-05,7.683866345e-05
8.655,2.653291978,0.07414902004,0.1460152031,0.1965277527,-0.0276790529,0.003573795468,4.996100663e-05,7.494150994e-05
8.66,2.654283401,0.07415501439,0.146033032,0.1961699318,-0.02765181423,0.00355780569,4.872746506e-05,7.309119759e-05
8.665,2.655273036,0.07416090104,0.1460507812,0.1958129049,-0.02762458381,0.003541887446,4.752437976e-05,7.128656964e-05
8.67,2.656260886,0.07416668037,0.146068451,0.1954566696,-0.02759736178,0.003526040416,4.635099858e-05,6.952649786e-05
8.675,2.657246957,0.07417235278,0.1460860418,0.1951012238,-0.02757014827,0.003510264282,4.520658825e-05,6.780988238e-05
8.68,2.658231252,0.07417791866,0.1461035538,0.194746565,-0.0275429434,0.003494558728,4.409043369e-05,6.613565053e-05
8.685,2.659213774,0.07418337839,0.1461209875,0.1943926912,-0.0275157473,0.003478923437,4.300183709e-05,6.450275564e-05
8.69,2.660194527,0.07418873238,0.1461383431,0.1940396,-0.02748856011,0.003463358095,4.194011789e-05,6.291017683e-05
8.695,2.661173516,0.07419398099,0.1461556212,0.1936872893,-0.02746138194,0.003447862389,4.090461261e-05,6.135691891e-05
8.7,2.662150745,0.07419912463,0.1461728219,0.1933357566,-0.02743421293,0.003432436009,3.989467419e-05,5.984201129e-05
8.705,2.663126216,0.07420416367,0.1461899456,0.192985,-0.02740705319,0.003417078643,3.890967126e-05,5.836450689e-05
8.71,2.664099935,0.0742090985,0.1462069928,0.1926350171,-0.02737990285,0.003401789984,3.794898799e-05,5.692348199e-05
8.715,2.665071904,0.07421392949,0.1462239637,0.1922858057,-0.02735276204,0.003386569724,3.701202407e-05,5.55180361e-05
8.72,2.666042128,0.07421865704,0.1462408586,0.1919373636,-0.02732563087,0.003371417558,3.6098194e-05,5.4147291e-05
8.725,2.66701061,0.07422328152,0.1462576779,0.1915896888,-0.02729850947,0.00335633318,3.520692649e-05,5.281038973e-05
8.73,2.667977355,0.0742278033,0.146274422,0.1912427788,-0.02727139794,0.003341316288,3.433766433e-05,5.150649649e-05
8.735,2.668942365,0.07423222276,0.1462910912,0.1908966317,-0.02724429642,0.003326366579,3.348986431e-05,5.023479646e-05
8.74,2.669905645,0.07423654029,0.1463076858,0.1905512452,-0.02721720502,0.003311483754,3.266299667e-05,4.8994495e-05
8.745,2.670867199,0.07424075624,0.1463242062,0.1902066172,-0.02719012386,0.003296667513,3.185654447e-05,4.778481671e-05
8.75,2.671827031,0.07424487101,0.1463406526,0.1898627455,-0.02716305304,0.003281917559,3.107000354e-05,4.660500531e-05
8.755,2.672785143,0.07424888495,0.1463570255,0.189519628,-0.0271359927,0.003267233595,3.030288236e-05,4.545432354e-05
8.76,2.67374154,0.07425279844,0.146373325,0.1891772625,-0.02710894293,0.003252615325,2.955470158e-05,4.433205237e-05
8.765,2.674696226,0.07425661184,0.1463895517,0.188835647,-0.02708190385,0.003238062457,2.882499346e-05,4.323749019e-05
8.77,2.675649204,0.07426032554,0.1464057058,0.1884947793,-0.02705487557,0.003223574697,2.811330179e-05,4.216995269e-05
8.775,2.676600478,0.07426393988,0.1464217876,0.1881546573,-0.02702785821,0.003209151754,2.741918184e-05,4.112877276e-05
8.78,2.677550052,0.07426745525,0.1464377974,0.1878152788,-0.02700085187,0.003194793339,2.674219988e-05,4.011329981e-05
8.785,2.678497929,0.074270872,0.1464537356,0.1874766419,-0.02697385666,0.003180499163,2.608193266e-05,3.912289899e-05
8.79,2.679444113,0.07427419049,0.1464696025,0.1871387444,-0.02694687269,0.003166268938,2.543796741e-05,3.815695112e-05
8.795,2.680388608,0.07427741109,0.1464853984,0.1868015842,-0.02691990007,0.003152102379,2.480990171e-05,3.721485257e-05
8.8,2.681331417,0.07428053416,0.1465011236,0.1864651593,-0.02689293891,0.003137999201,2.41973431e-05,3.629601465e-05
8.805,2.682272544,0.07428356005,0.1465167785,0.1861294676,-0.0268659893,0.00312395912,2.359990862e-05,3.539986292e-05
8.81,2.683211992,0.07428648914,0.1465323633,0.1857945071,-0.02683905135,0.003109981854,2.301722476e-05,3.452583714e-05
8.815,2.684149766,0.07428932176,0.1465478784,0.1854602756,-0.02681212517,0.003096067122,2.244892741e-05,3.367339112e-05
8.82,2.685085869,0.07429205829,0.1465633241,0.1851267712,-0.02678521086,0.003082214645,2.189466146e-05,3.284199219e-05
8.825,2.686020304,0.07429469907,0.1465787007,0.1847939918,-0.02675830852,0.003068424143,2.135408038e-05,3.203112058e-05
8.83,2.686953076,0.07429724446,0.1465940084,0.1844619354,-0.02673141825,0.003054695341,2.082684623e-05,3.124026935e-05
8.835,2.687884187,0.0742996948,0.1466092477,0.1841306,-0.02670454015,0.003041027961,2.031262952e-05,3.046894429e-05
8.84,2.688813641,0.07430205046,0.1466244188,0.1837999835,-0.02667767432,0.003027421729,1.981110895e-05,2.971666342e-05
8.845,2.689741442,0.07430431178,0.146639522,0.183470084,-0.02665082086,0.003013876372,1.932197097e-05,2.898295645e-05
8.85,2.690667593,0.07430647911,0.1466545577,0.1831408995,-0.02662397987,0.003000391617,1.884490978e-05,2.826736466e-05
8.855,2.691592098,0.0743085528,0.1466695261,0.1828124279,-0.02659715144,0.002986967194,1.837962726e-05,2.756944089e-05
8.86,2.692514961,0.07431053319,0.1466844275,0.1824846673,-0.02657033567,0.002973602831,1.792583268e-05,2.688874901e-05
8.865,2.693436184,0.07431242063,0.1466992622,0.1821576157,-0.02654353265,0.002960298262,1.748324233e-05,2.622486349e-05
8.87,2.694355772,0.07431421547,0.1467140305,0.1818312712,-0.02651674248,0.002947053217,1.705157951e-05,2.557736926e-05
8.875,2.695273728,0.07431591804,0.1467287328,0.1815056317,-0.02648996525,0.002933867432,1.663057448e-05,2.494586172e-05
8.88,2.696190055,0.0743175287,0.1467433693,0.1811806953,-0.02646320105,0.002920740641,1.621996416e-05,2.432994624e-05
8.885,2.697104757,0.07431904777,0.1467579403,0.1808564601,-0.02643644998,0.002907672579,1.581949185e-05,2.372923778e-05
8.89,2.698017838,0.0743204756,0.1467724461,0.1805329242,-0.02640971213,0.002894662985,1.542890718e-05,2.314336077e-05
8.895,2.6989293,0.07432181254,0.1467868871,0.1802100855,-0.02638298759,0.002881711597,1.504796608e-05,2.257194911e-05
8.9,2.699839148,0.0743230589,0.1468012634,0.1798879422,-0.02635627643,0.002868818154,1.46764305e-05,2.201464574e-05
8.905,2.700747385,0.07432421504,0.1468155753,0.1795664924,-0.02632957877,0.002855982397,1.431406817e-05,2.147110225e-05
8.91,2.701654013,0.07432528129,0.1468298233,0.179245734,-0.02630289468,0.002843204069,1.396065254e-05,2.094097881e-05
8.915,2.702559038,0.07432625798,0.1468440075,0.1789256654,-0.02627622424,0.002830482911,1.361596278e-05,2.042394416e-05
8.92,2.703462461,0.07432714544,0.1468581282,0.1786062844,-0.02624956756,0.00281781867,1.327978348e-05,1.991967522e-05
8.925,2.704364287,0.07432794401,0.1468721858,0.1782875893,-0.0262229247,0.002805211089,1.295190448e-05,1.942785673e-05
8.93,2.705264519,0.07432865402,0.1468861804,0.1779695781,-0.02619629576,0.002792659916,1.26321208e-05,1.894818121e-05
8.935,2.70616316,0.07432927579,0.1469001124,0.177652249,-0.02616968082,0.002780164898,1.232023261e-05,1.848034891e-05
8.94,2.707060214,0.07432980966,0.1469139821,0.1773356001,-0.02614307997,0.002767725784,1.2016045e-05,1.80240675e-05
8.945,2.707955684,0.07433025596,0.1469277898,0.1770196295,-0.02611649328,0.002755342324,1.171936782e-05,1.757905172e-05
8.95,2.708849573,0.074330615,0.1469415357,0.1767043354,-0.02608992084,0.002743014268,1.143001558e-05,1.714502337e-05
8.955,2.709741885,0.07433088711,0.14695522,0.1763897159,-0.02606336273,0.00273074137,1.114780746e-05,1.67217112e-05
8.96,2.710632623,0.07433107263,0.1469688432,0.1760757692,-0.02603681903,0.002718523382,1.087256714e-05,1.630885071e-05
8.965,2.71152179,0.07433117187,0.1469824054,0.1757624934,-0.02601028982,0.002706360059,1.060412252e-05,1.590618378e-05
8.97,2.71240939,0.07433118515,0.1469959069,0.1754498867,-0.02598377518,0.002694251156,1.034230579e-05,1.551345868e-05
8.975,2.713295427,0.0743311128,0.147009348,0.1751379473,-0.02595727518,0.00268219643,1.008695333e-05,1.513042999e-05
8.98,2.714179902,0.07433095513,0.1470227289,0.1748266733,-0.02593078991,0.002670195638,9.837905579e-06,1.475685837e-05
8.985,2.71506282,0.07433071247,0.14703605,0.174516063,-0.02590431945,0.002658248539,9.595006844e-06,1.439251027e-05
8.99,2.715944185,0.07433038512,0.1470493115,0.1742061144,-0.02587786386,0.002646354893,9.358105267e-06,1.40371579e-05
8.995,2.716823998,0.07432997342,0.1470625136,0.1738968259,-0.02585142322,0.002634514461,9.127052807e-06,1.369057921e-05
9,2.717702264,0.07432947768,0.1470756567,0.1735881957,-0.02582499761,0.002622727004,8.901705086e-06,1.335255763e-05
9.005,2.718578986,0.0743288982,0.147088741,0.1732802218,-0.0257985871,0.002610992286,8.681921222e-06,1.302288183e-05
9.01,2.719454167,0.0743282353,0.1471017667,0.1729729027,-0.02577219177,0.002599310071,8.46756381e-06,1.270134572e-05
9.015,2.72032781,0.0743274893,0.1471147342,0.1726662364,-0.02574581169,0.002587680124,8.258498899e-06,1.238774835e-05
9.02,2.721199918,0.07432666051,0.1471276436,0.1723602212,-0.02571944693,0.002576102211,8.054595848e-06,1.208189377e-05
9.025,2.722070496,0.07432574924,0.1471404953,0.1720548553,-0.02569309757,0.002564576099,7.855727185e-06,1.178359078e-05
9.03,2.722939545,0.07432475579,0.1471532895,0.1717501371,-0.02566676366,0.002553101557,7.661768578e-06,1.149265287e-05
9.035,2.723807069,0.07432368048,0.1471660264,0.1714460647,-0.02564044529,0.002541678354,7.472598823e-06,1.120889823e-05
9.04,2.724673072,0.07432252361,0.1471787063,0.1711426364,-0.02561414253,0.00253030626,7.288099713e-06,1.093214957e-05
9.045,2.725537557,0.0743212855,0.1471913295,0.1708398504,-0.02558785543,0.002518985046,7.108155905e-06,1.066223386e-05
9.05,2.726400526,0.07431996643,0.1472038963,0.170537705,-0.02556158408,0.002507714486,6.9326549e-06,1.039898235e-05
9.055,2.727261983,0.07431856673,0.1472164068,0.1702361986,-0.02553532853,0.002496494351,6.761487027e-06,1.014223054e-05
9.06,2.728121932,0.07431708669,0.1472288613,0.1699353293,-0.02550908886,0.002485324418,6.594545329e-06,9.891817994e-06
9.065,2.728980374,0.07431552662,0.1472412601,0.1696350955,-0.02548286513,0.00247420446,6.431725438e-06,9.647588157e-06
9.07,2.729837314,0.07431388681,0.1472536034,0.1693354954,-0.02545665741,0.002463134255,6.272925562e-06,9.409388343e-06
9.075,2.730692755,0.07431216757,0.1472658915,0.1690365273,-0.02543046577,0.00245211358,6.118046466e-06,9.177069698e-06
9.08,2.731546699,0.0743103692,0.1472781246,0.1687381896,-0.02540429026,0.002441142214,5.966991371e-06,8.950487056e-06
9.085,2.73239915,0.074308492,0.147290303,0.1684404806,-0.02537813095,0.002430219935,5.819665841e-06,8.729498761e-06
9.09,2.733250111,0.07430653626,0.1473024269,0.1681433985,-0.02535198791,0.002419346525,5.675977771e-06,8.513966656e-06
9.095,2.734099586,0.07430450227,0.1473144966,0.1678469417,-0.02532586119,0.002408521764,5.535837369e-06,8.303756054e-06
9.1,2.734947576,0.07430239034,0.1473265122,0.1675511085,-0.02529975086,0.002397745435,5.399157067e-06,8.0987356e-06
9.105,2.735794086,0.07430020077,0.1473384741,0.1672558972,-0.02527365699,0.002387017321,5.265851415e-06,7.898777122e-06
9.11,2.736639118,0.07429793383,0.1473503825,0.1669613063,-0.02524757963,0.002376337207,5.135837073e-06,7.703755609e-06
9.115,2.737482675,0.07429558983,0.1473622376,0.1666673339,-0.02522151884,0.002365704877,5.009032793e-06,7.51354919e-06
9.12,2.738324761,0.07429316906,0.1473740396,0.1663739786,-0.02519547469,0.002355120119,4.885359342e-06,7.328039012e-06
9.125,2.739165378,0.07429067181,0.1473857888,0.1660812385,-0.02516944723,0.002344582719,4.7647394e-06,7.147109099e-06
9.13,2.74000453,0.07428809836,0.1473974855,0.1657891122,-0.02514343651,0.002334092465,4.647097558e-06,6.970646337e-06
9.135,2.74084222,0.07428544901,0.1474091298,0.1654975979,-0.02511744261,0.002323649146,4.532360301e-06,6.798540452e-06
9.14,2.74167845,0.07428272405,0.1474207221,0.165206694,-0.02509146558,0.002313252553,4.420455934e-06,6.630683902e-06
9.145,2.742513225,0.07427992376,0.1474322624,0.1649163989,-0.02506550547,0.002302902477,4.311314497e-06,6.466971746e-06
9.15,2.743346545,0.07427704842,0.1474437512,0.164626711,-0.02503956234,0.002292598708,4.204867757e-06,6.307301635e-06
9.155,2.744178416,0.07427409833,0.1474551885,0.1643376287,-0.02501363624,0.002282341041,4.101049194e-06,6.151573791e-06
9.16,2.74500884,0.07427107376,0.1474665747,0.1640491503,-0.02498772724,0.002272129268,3.999793935e-06,5.999690903e-06
9.165,2.745837819,0.074267975,0.1474779099,0.1637612743,-0.02496183539,0.002261963185,3.901038679e-06,5.851558019e-06
9.17,2.746665357,0.07426480234,0.1474891944,0.1634739991,-0.02493596073,0.002251842587,3.804721686e-06,5.707082528e-06
9.175,2.747491456,0.07426155604,0.1475004284,0.1631873231,-0.02491010334,0.002241767271,3.710782765e-06,5.566174148e-06
9.18,2.748316121,0.0742582364,0.1475116121,0.1629012446,-0.02488426325,0.002231737034,3.619163218e-06,5.428744828e-06
9.185,2.749139353,0.0742548437,0.1475227458,0.1626157622,-0.02485844052,0.002221751674,3.529805768e-06,5.294708651e-06
9.19,2.749961155,0.0742513782,0.1475338297,0.1623308742,-0.0248326352,0.002211810991,3.442654547e-06,5.163981821e-06
9.195,2.750781531,0.07424784019,0.147544864,0.162046579,-0.02480684735,0.002201914784,3.357655097e-06,5.036482646e-06
9.2,2.751600484,0.07424422995,0.1475558489,0.1617628752,-0.02478107702,0.002192062855,3.274754303e-06,4.912131455e-06
9.205,2.752418016,0.07424054775,0.1475667847,0.1614797612,-0.02475532426,0.002182255006,3.193900338e-06,4.790850507e-06
9.21,2.753234131,0.07423679387,0.1475776716,0.1611972353,-0.02472958911,0.002172491039,3.115042653e-06,4.672563979e-06
9.215,2.754048831,0.07423296857,0.1475885097,0.1609152961,-0.02470387162,0.002162770758,3.03813197e-06,4.557197955e-06
9.22,2.754862119,0.07422907214,0.1475992993,0.160633942,-0.02467817186,0.002153093967,2.963120229e-06,4.444680344e-06
9.225,2.755673998,0.07422510484,0.1476100407,0.1603531714,-0.02465248986,0.002143460473,2.889960536e-06,4.334940804e-06
9.23,2.756484471,0.07422106695,0.147620734,0.160072983,-0.02462682567,0.002133870081,2.818607152e-06,4.227910728e-06
9.235,2.757293542,0.07421695874,0.1476313795,0.159793375,-0.02460117934,0.002124322599,2.749015488e-06,4.123523232e-06
9.24,2.758101212,0.07421278047,0.1476419773,0.159514346,-0.02457555093,0.002114817834,2.681142058e-06,4.021713088e-06
9.245,2.758907484,0.07420853242,0.1476525277,0.1592358945,-0.02454994046,0.002105355595,2.614944431e-06,3.922416646e-06
9.25,2.759712362,0.07420421485,0.1476630309,0.1589580189,-0.024524348,0.002095935693,2.550381219e-06,3.825571828e-06
9.255,2.760515849,0.07419982802,0.1476734872,0.1586807179,-0.02449877358,0.002086557937,2.487412077e-06,3.731118116e-06
9.26,2.761317947,0.07419537222,0.1476838966,0.1584039897,-0.02447321726,0.002077222139,2.425997658e-06,3.638996488e-06
9.265,2.762118658,0.07419084769,0.1476942594,0.1581278331,-0.02444767907,0.002067928112,2.366099568e-06,3.549149352e-06
9.27,2.762917987,0.07418625471,0.1477045759,0.1578522464,-0.02442215907,0.002058675668,2.307680358e-06,3.461520537e-06
9.275,2.763715936,0.07418159353,0.1477148463,0.1575772282,-0.02439665729,0.002049464622,2.250703522e-06,3.376055283e-06
9.28,2.764512507,0.07417686443,0.1477250707,0.157302777,-0.02437117378,0.002040294788,2.195133458e-06,3.292700187e-06
9.285,2.765307703,0.07417206766,0.1477352493,0.1570288913,-0.02434570858,0.002031165983,2.140935424e-06,3.211403137e-06
9.29,2.766101528,0.07416720348,0.1477453824,0.1567555697,-0.02432026174,0.002022078021,2.088075537e-06,3.132113306e-06
9.295,2.766893984,0.07416227215,0.1477554701,0.1564828107,-0.02429483329,0.002013030721,2.036520764e-06,3.054781147e-06
9.3,2.767685073,0.07415727393,0.1477655128,0.1562106128,-0.02426942328,0.002004023901,1.986238891e-06,2.979358337e-06
9.305,2.768474799,0.07415220909,0.1477755104,0.1559389746,-0.02424403175,0.001995057379,1.937198482e-06,2.905797723e-06
9.31,2.769263165,0.07414707787,0.1477854634,0.1556678946,-0.02421865874,0.001986130975,1.889368878e-06,2.834053318e-06
9.315,2.770050172,0.07414188053,0.1477953718,0.1553973714,-0.02419330429,0.001977244511,1.842720191e-06,2.764080286e-06
9.32,2.770835824,0.07413661734,0.1478052359,0.1551274035,-0.02416796844,0.001968397806,1.79722327e-06,2.695834906e-06
9.325,2.771620125,0.07413128853,0.1478150559,0.1548579895,-0.02414265123,0.001959590684,1.752849673e-06,2.62927451e-06
9.33,2.772403075,0.07412589438,0.1478248319,0.154589128,-0.0241173527,0.001950822967,1.709571658e-06,2.564357487e-06
9.335,2.773184679,0.07412043513,0.1478345642,0.1543208175,-0.02409207289,0.001942094478,1.66736218e-06,2.50104327e-06
9.34,2.773964938,0.07411491103,0.1478442529,0.1540530566,-0.02406681183,0.001933405043,1.626194864e-06,2.439292296e-06
9.345,2.774743856,0.07410932233,0.1478538983,0.153785844,-0.02404156956,0.001924754486,1.586043973e-06,2.37906596e-06
9.35,2.775521436,0.07410366929,0.1478635005,0.1535191781,-0.02401634613,0.001916142634,1.546884406e-06,2.320326609e-06
9.355,2.776297679,0.07409795216,0.1478730598,0.1532530576,-0.02399114156,0.001907569314,1.508691691e-06,2.263037536e-06
9.36,2.77707259,0.07409217118,0.1478825763,0.1529874811,-0.0239659559,0.001899034352,1.471441963e-06,2.207162944e-06
9.365,2.777846169,0.07408632661,0.1478920502,0.1527224471,-0.02394078918,0.001890537578,1.435111934e-06,2.152667901e-06
9.37,2.778618421,0.07408041868,0.1479014817,0.1524579543,-0.02391564144,0.001882078821,1.399678892e-06,2.099518338e-06
9.375,2.779389348,0.07407444765,0.147910871,0.1521940013,-0.0238905127,0.00187365791,1.365120694e-06,2.047681042e-06
9.38,2.780158952,0.07406841377,0.1479202183,0.1519305867,-0.02386540301,0.001865274676,1.331415747e-06,1.99712362e-06
9.385,2.780927237,0.07406231727,0.1479295238,0.1516677091,-0.02384031241,0.001856928951,1.298542977e-06,1.947814466e-06
9.39,2.781694204,0.0740561584,0.1479387877,0.1514053672,-0.02381524092,0.001848620566,1.266481835e-06,1.899722753e-06
9.395,2.782459857,0.07404993741,0.1479480101,0.1511435596,-0.02379018857,0.001840349356,1.235212285e-06,1.852818427e-06
9.4,2.783224198,0.07404365454,0.1479571912,0.1508822848,-0.02376515541,0.001832115152,1.204714787e-06,1.80707218e-06
9.405,2.78398723,0.07403731002,0.1479663313,0.1506215416,-0.02374014146,0.001823917791,1.174970275e-06,1.762455413e-06
9.41,2.784748955,0.07403090411,0.1479754305,0.1503613286,-0.02371514676,0.001815757106,1.145960154e-06,1.718940231e-06
9.415,2.785509376,0.07402443704,0.1479844889,0.1501016444,-0.02369017134,0.001807632934,1.117666295e-06,1.676499442e-06
9.42,2.786268497,0.07401790905,0.1479935069,0.1498424877,-0.02366521524,0.001799545112,1.090071018e-06,1.635106526e-06
9.425,2.787026318,0.07401132037,0.1480024845,0.1495838571,-0.02364027847,0.001791493477,1.063157071e-06,1.594735606e-06
9.43,2.787782843,0.07400467126,0.1480114219,0.1493257513,-0.02361536108,0.001783477867,1.036907627e-06,1.555361441e-06
9.435,2.788538075,0.07399796193,0.1480203193,0.149068169,-0.02359046309,0.00177549812,1.011306285e-06,1.516959427e-06
9.44,2.789292017,0.07399119264,0.1480291769,0.1488111088,-0.02356558454,0.001767554077,9.863370454e-07,1.479505568e-06
9.445,2.79004467,0.07398436362,0.1480379949,0.1485545694,-0.02354072545,0.001759645577,9.61984299e-07,1.442976448e-06
9.45,2.790796037,0.07397747509,0.1480467734,0.1482985495,-0.02351588586,0.001751772462,9.382328206e-07,1.407349231e-06
9.455,2.791546121,0.0739705273,0.1480555127,0.1480430477,-0.02349106579,0.001743934574,9.150677679e-07,1.372601652e-06
9.46,2.792294925,0.07396352048,0.1480642128,0.1477880628,-0.02346626528,0.001736131753,8.924746658e-07,1.338711999e-06
9.465,2.793042451,0.07395645486,0.1480728741,0.1475335934,-0.02344148434,0.001728363845,8.704393896e-07,1.305659084e-06
9.47,2.793788701,0.07394933067,0.1480814965,0.1472796383,-0.02341672302,0.001720630692,8.489481632e-07,1.273422245e-06
9.475,2.794533679,0.07394214814,0.1480900804,0.147026196,-0.02339198133,0.001712932139,8.279875567e-07,1.241981335e-06
9.48,2.795277386,0.07393490751,0.1480986259,0.1467732654,-0.0233672593,0.001705268032,8.075444725e-07,1.211316709e-06
9.485,2.796019826,0.073927609,0.1481071332,0.1465208451,-0.02334255697,0.001697638215,7.876061301e-07,1.181409195e-06
9.49,2.796761001,0.07392025284,0.1481156023,0.1462689339,-0.02331787436,0.001690042536,7.681600643e-07,1.152240096e-06
9.495,2.797500912,0.07391283926,0.1481240336,0.1460175304,-0.02329321149,0.001682480843,7.491941232e-07,1.123791185e-06
9.5,2.798239564,0.07390536849,0.1481324272,0.1457666334,-0.02326856839,0.001674952982,7.306964557e-07,1.096044684e-06
9.505,2.798976958,0.07389784075,0.1481407832,0.1455162417,-0.02324394509,0.001667458802,7.126554974e-07,1.068983246e-06
9.51,2.799713097,0.07389025627,0.1481491019,0.1452663538,-0.02321934161,0.001659998154,6.950599694e-07,1.042589954e-06
9.515,2.800447984,0.07388261528,0.1481573833,0.1450169686,-0.02319475798,0.001652570886,6.778988763e-07,1.016848314e-06
9.52,2.80118162,0.07387491799,0.1481656276,0.1447680848,-0.02317019422,0.00164517685,6.611614946e-07,9.917422418e-07
9.525,2.801914009,0.07386716464,0.1481738351,0.1445197011,-0.02314565036,0.001637815896,6.448373604e-07,9.672560407e-07
9.53,2.802645152,0.07385935544,0.1481820058,0.1442718163,-0.02312112642,0.001630487877,6.289162683e-07,9.433744025e-07
9.535,2.803375053,0.07385149061,0.14819014,0.1440244291,-0.02309662242,0.001623192646,6.133882691e-07,9.200824037e-07
9.54,2.804103714,0.07384357039,0.1481982378,0.1437775384,-0.02307213839,0.001615930055,5.982436598e-07,8.973654898e-07
9.545,2.804831137,0.07383559498,0.1482062994,0.1435311427,-0.02304767435,0.001608699959,5.834729725e-07,8.752094587e-07
9.55,2.805557325,0.07382756462,0.1482143249,0.1432852409,-0.02302323033,0.001601502212,5.690669726e-07,8.536004589e-07
9.555,2.80628228,0.07381947951,0.1482223144,0.1430398318,-0.02299880634,0.00159433667,5.550166579e-07,8.325249868e-07
9.56,2.807006005,0.07381133988,0.1482302683,0.1427949142,-0.02297440241,0.001587203188,5.413132487e-07,8.119698731e-07
9.565,2.807728501,0.07380314594,0.1482381865,0.1425504867,-0.02295001857,0.001580101623,5.279481781e-07,7.919222671e-07
9.57,2.808449773,0.07379489792,0.1482460694,0.1423065482,-0.02292565482,0.001573031833,5.149130903e-07,7.723696355e-07
9.575,2.809169821,0.07378659602,0.1482539169,0.1420630974,-0.0229013112,0.001565993674,5.021998398e-07,7.532997598e-07
9.58,2.809888649,0.07377824047,0.1482617293,0.1418201332,-0.02287698773,0.001558987006,4.898004825e-07,7.347007237e-07
9.585,2.810606258,0.07376983147,0.1482695068,0.1415776543,-0.02285268442,0.001552011688,4.777072665e-07,7.165608997e-07
9.59,2.811322652,0.07376136925,0.1482772495,0.1413356595,-0.02282840129,0.001545067579,4.659126313e-07,6.98868947e-07
9.595,2.812037832,0.07375285402,0.1482849576,0.1410941476,-0.02280413837,0.001538154539,4.544092066e-07,6.816138098e-07
9.6,2.812751802,0.07374428598,0.1482926311,0.1408531175,-0.02277989568,0.001531272431,4.431898041e-07,6.647847061e-07
9.605,2.813464563,0.07373566536,0.1483002703,0.1406125678,-0.02275567323,0.001524421114,4.322474097e-07,6.483711145e-07
9.61,2.814176117,0.07372699236,0.1483078754,0.1403724975,-0.02273147105,0.001517600452,4.215751825e-07,6.323627737e-07
9.615,2.814886468,0.07371826719,0.1483154464,0.1401329052,-0.02270728915,0.001510810308,4.111664533e-07,6.1674968e-07
9.62,2.815595618,0.07370949007,0.1483229835,0.13989379,-0.02268312756,0.001504050544,4.010147181e-07,6.015220772e-07
9.625,2.816303568,0.0737006612,0.1483304869,0.1396551505,-0.02265898628,0.001497321025,3.911136303e-07,5.866704454e-07
9.63,2.817010322,0.0736917808,0.1483379568,0.1394169855,-0.02263486535,0.001490621616,3.814569998e-07,5.721854996e-07
9.635,2.817715881,0.07368284906,0.1483453932,0.139179294,-0.02261076477,0.001483952182,3.720387921e-07,5.580581882e-07
9.64,2.818420248,0.0736738662,0.1483527964,0.1389420747,-0.02258668456,0.001477312589,3.628531223e-07,5.442796834e-07
9.645,2.819123426,0.07366483243,0.1483601664,0.1387053265,-0.02256262475,0.001470702702,3.538942475e-07,5.308413712e-07
9.65,2.819825417,0.07365574795,0.1483675034,0.1384690481,-0.02253858535,0.00146412239,3.451565669e-07,5.177348503e-07
9.655,2.820526222,0.07364661296,0.1483748077,0.1382332386,-0.02251456637,0.00145757152,3.366346202e-07,5.049519303e-07
9.66,2.821225845,0.07363742768,0.1483820792,0.1379978966,-0.02249056783,0.001451049961,3.283230824e-07,4.924846236e-07
9.665,2.821924288,0.0736281923,0.1483893182,0.137763021,-0.02246658975,0.00144455758,3.202167573e-07,4.803251359e-07
9.67,2.822621553,0.07361890703,0.1483965248,0.1375286107,-0.02244263215,0.001438094248,3.123105769e-07,4.684658653e-07
9.675,2.823317642,0.07360957207,0.1484036992,0.1372946646,-0.02241869503,0.001431659835,3.045996007e-07,4.56899401e-07
9.68,2.824012557,0.07360018762,0.1484108415,0.1370611814,-0.02239477842,0.001425254211,2.970790102e-07,4.456185154e-07
9.685,2.824706302,0.07359075389,0.1484179518,0.1368281602,-0.02237088233,0.001418877247,2.897441039e-07,4.346161559e-07
9.69,2.825398878,0.07358127108,0.1484250303,0.1365955996,-0.02234700678,0.001412528816,2.825902961e-07,4.238854442e-07
9.695,2.826090287,0.07357173938,0.1484320771,0.1363634986,-0.02232315177,0.001406208789,2.756131163e-07,4.134196744e-07
9.7,2.826780532,0.07356215899,0.1484390924,0.1361318562,-0.02229931734,0.001399917039,2.688082047e-07,4.03212307e-07
9.705,2.827469616,0.07355253012,0.1484460763,0.135900671,-0.02227550347,0.00139365344,2.62171307e-07,3.932569605e-07
9.71,2.828157539,0.07354285296,0.148453029,0.1356699421,-0.02225171021,0.001387417867,2.55698274e-07,3.83547411e-07
9.715,2.828844306,0.07353312771,0.1484599506,0.1354396682,-0.02222793754,0.001381210192,2.493850606e-07,3.740775909e-07
9.72,2.829529917,0.07352335457,0.1484668412,0.1352098484,-0.0222041855,0.001375030293,2.432277219e-07,3.648415829e-07
9.725,2.830214375,0.07351353373,0.1484737009,0.1349804815,-0.02218045409,0.001368878044,2.372224086e-07,3.558336129e-07
9.73,2.830897683,0.07350366539,0.14848053,0.1347515663,-0.02215674332,0.001362753322,2.313653661e-07,3.470480491e-07
9.735,2.831579843,0.07349374974,0.1484873285,0.1345231018,-0.02213305322,0.001356656003,2.256529344e-07,3.384794016e-07
9.74,2.832260856,0.07348378698,0.1484940966,0.1342950868,-0.02210938378,0.001350585966,2.20081544e-07,3.30122316e-07
9.745,2.832940726,0.0734737773,0.1485008344,0.1340675204,-0.02208573503,0.001344543087,2.146477118e-07,3.219715676e-07
9.75,2.833619454,0.0734637209,0.1485075421,0.1338404013,-0.02206210697,0.001338527246,2.093480406e-07,3.140220608e-07
9.755,2.834297042,0.07345361796,0.1485142197,0.1336137285,-0.02203849962,0.001332538321,2.041792186e-07,3.062688279e-07
9.76,2.834973494,0.07344346869,0.1485208675,0.1333875009,-0.02201491298,0.001326576192,1.991380161e-07,2.987070241e-07
9.765,2.83564881,0.07343327326,0.1485274855,0.1331617175,-0.02199134708,0.00132064074,1.942212814e-07,2.91331922e-07
9.77,2.836322994,0.07342303188,0.1485340739,0.132936377,-0.02196780192,0.001314731844,1.894259405e-07,2.841389108e-07
9.775,2.836996047,0.07341274472,0.1485406329,0.1327114786,-0.0219442775,0.001308849386,1.84748997e-07,2.771234956e-07
9.78,2.837667972,0.07340241199,0.1485471625,0.132487021,-0.02192077385,0.001302993247,1.801875284e-07,2.702812926e-07
9.785,2.83833877,0.07339203386,0.1485536629,0.1322630033,-0.02189729097,0.001297163311,1.757386828e-07,2.636080242e-07
9.79,2.839008445,0.07338161054,0.1485601342,0.1320394244,-0.02187382887,0.001291359459,1.71399679e-07,2.570995185e-07
9.795,2.839676998,0.07337114219,0.1485665765,0.1318162831,-0.02185038757,0.001285581575,1.671678055e-07,2.507517083e-07
9.8,2.840344431,0.07336062902,0.14857299,0.1315935785,-0.02182696707,0.001279829543,1.63040418e-07,2.44560627e-07
9.805,2.841010747,0.07335007121,0.1485793748,0.1313713094,-0.02180356738,0.001274103247,1.590149361e-07,2.385224041e-07
9.81,2.841675948,0.07333946894,0.1485857311,0.1311494749,-0.0217801885,0.001268402572,1.550888431e-07,2.326332646e-07
9.815,2.842340035,0.0733288224,0.1485920589,0.1309280739,-0.02175683046,0.001262727403,1.512596856e-07,2.268895284e-07
9.82,2.843003012,0.07331813178,0.1485983584,0.1307071053,-0.02173349326,0.001257077627,1.475250709e-07,2.212876063e-07
9.825,2.843664879,0.07330739725,0.1486046297,0.130486568,-0.0217101769,0.001251453129,1.438826642e-07,2.158239963e-07
9.83,2.84432564,0.073296619,0.148610873,0.1302664612,-0.0216868814,0.001245853796,1.403301884e-07,2.104952825e-07
9.835,2.844985297,0.07328579722,0.1486170883,0.1300467836,-0.02166360677,0.001240279516,1.368654234e-07,2.052981351e-07
9.84,2.845643851,0.07327493208,0.1486232758,0.1298275343,-0.021640353,0.001234730177,1.334862043e-07,2.002293064e-07
9.845,2.846301305,0.07326402377,0.1486294356,0.1296087123,-0.02161712012,0.001229205668,1.301904184e-07,1.952856276e-07
9.85,2.846957661,0.07325307247,0.1486355679,0.1293903165,-0.02159390812,0.001223705876,1.269760054e-07,1.90464008e-07
9.855,2.84761292,0.07324207836,0.1486416727,0.1291723459,-0.02157071701,0.001218230692,1.238409564e-07,1.857614345e-07
9.86,2.848267086,0.07323104161,0.1486477503,0.1289547994,-0.02154754681,0.001212780005,1.207833125e-07,1.811749687e-07
9.865,2.84892016,0.07321996242,0.1486538006,0.1287376761,-0.02152439752,0.001207353707,1.178011621e-07,1.767017432e-07
9.87,2.849572145,0.07320884095,0.1486598238,0.128520975,-0.02150126914,0.001201951686,1.148926409e-07,1.723389613e-07
9.875,2.850223042,0.07319767738,0.1486658201,0.128304695,-0.02147816168,0.001196573836,1.120559312e-07,1.680838969e-07
9.88,2.850872853,0.0731864719,0.1486717896,0.1280888351,-0.02145507515,0.001191220048,1.092892606e-07,1.639338909e-07
9.885,2.851521581,0.07317522467,0.1486777324,0.1278733943,-0.02143200956,0.001185890214,1.065908994e-07,1.598863491e-07
9.89,2.852169228,0.07316393589,0.1486836486,0.1276583717,-0.0214089649,0.001180584227,1.039591606e-07,1.559387408e-07
9.895,2.852815795,0.07315260571,0.1486895383,0.1274437661,-0.0213859412,0.001175301981,1.013923995e-07,1.520885993e-07
9.9,2.853461286,0.07314123432,0.1486954016,0.1272295767,-0.02136293844,0.001170043368,9.888901244e-08,1.483335187e-07
9.905,2.854105701,0.07312982189,0.1487012387,0.1270158024,-0.02133995664,0.001164808284,9.644743423e-08,1.446711513e-07
9.91,2.854749043,0.07311836859,0.1487070497,0.1268024422,-0.02131699581,0.001159596623,9.406613845e-08,1.410992077e-07
9.915,2.855391315,0.0731068746,0.1487128347,0.1265894951,-0.02129405594,0.001154408281,9.174363703e-08,1.376154555e-07
9.92,2.856032517,0.0730953401,0.1487185939,0.1263769603,-0.02127113704,0.001149243152,8.947847872e-08,1.342177181e-07
9.925,2.856672653,0.07308376525,0.1487243272,0.1261648366,-0.02124823913,0.001144101134,8.726924739e-08,1.309038711e-07
9.93,2.857311724,0.07307215022,0.1487300349,0.1259531231,-0.02122536219,0.001138982122,8.511456187e-08,1.276718428e-07
9.935,2.857949732,0.07306049519,0.1487357171,0.1257418188,-0.02120250624,0.001133886015,8.301307568e-08,1.245196135e-07
9.94,2.858586679,0.07304880033,0.1487413738,0.1255309228,-0.02117967128,0.001128812708,8.096347568e-08,1.214452135e-07
9.945,2.859222568,0.07303706581,0.1487470052,0.1253204341,-0.02115685731,0.001123762101,7.896448051e-08,1.184467208e-07
9.95,2.8598574,0.0730252918,0.1487526115,0.1251103516,-0.02113406434,0.001118734092,7.701484042e-08,1.155222606e-07
9.955,2.860491178,0.07301347846,0.1487581926,0.1249006746,-0.02111129238,0.001113728579,7.511333709e-08,1.126700056e-07
9.96,2.861123902,0.07300162596,0.1487637488,0.1246914019,-0.02108854142,0.001108745462,7.325878231e-08,1.098881735e-07
9.965,2.861755577,0.07298973449,0.1487692801,0.1244825327,-0.02106581146,0.001103784641,7.145001668e-08,1.07175025e-07
9.97,2.862386202,0.07297780419,0.1487747867,0.1242740659,-0.02104310252,0.001098846016,6.968590938e-08,1.045288641e-07
9.975,2.863015781,0.07296583524,0.1487802686,0.1240660007,-0.0210204146,0.001093929488,6.796535801e-08,1.01948037e-07
9.98,2.863644316,0.0729538278,0.148785726,0.123858336,-0.02099774769,0.001089034957,6.628728746e-08,9.943093119e-08
9.985,2.864271808,0.07294178204,0.148791159,0.123651071,-0.0209751018,0.001084162326,6.465064864e-08,9.697597295e-08
9.99,2.864898259,0.07292969813,0.1487965677,0.1234442046,-0.02095247693,0.001079311497,6.305441834e-08,9.458162751e-08
9.995,2.865523672,0.07291757623,0.1488019521,0.123237736,-0.02092987308,0.001074482371,6.149759908e-08,9.224639862e-08
10,2.866148048,0.0729054165,0.1488073125,0.1230316642,-0.02090729027,0.001069674852,5.997921805e-08,8.996882708e-08
10.005,2.866771389,0.07289321911,0.1488126489,0.1228259883,-0.02088472848,0.001064888843,5.8498326e-08,8.774748901e-08
10.01,2.867393698,0.07288098422,0.1488179614,0.1226207073,-0.02086218772,0.001060124248,5.70539971e-08,8.558099566e-08
10.015,2.868014976,0.072868712,0.1488232502,0.1224158203,-0.02083966799,0.001055380971,5.564532878e-08,8.346799318e-08
10.02,2.868635225,0.0728564026,0.1488285153,0.1222113264,-0.0208171693,0.001050658917,5.427144082e-08,8.140716123e-08
10.025,2.869254448,0.07284405619,0.1488337568,0.1220072247,-0.02079469164,0.00104595799,5.293147428e-08,7.939721142e-08
10.03,2.869872645,0.07283167293,0.1488389749,0.1218035142,-0.02077223502,0.001041278097,5.162459144e-08,7.743688717e-08
10.035,2.87048982,0.07281925298,0.1488441696,0.121600194,-0.02074979943,0.001036619143,5.034997564e-08,7.552496346e-08
10.04,2.871105974,0.07280679649,0.1488493411,0.1213972632,-0.02072738489,0.001031981034,4.91068304e-08,7.36602456e-08
10.045,2.871721108,0.07279430364,0.1488544895,0.1211947209,-0.02070499138,0.001027363677,4.789437853e-08,7.18415678e-08
10.05,2.872335226,0.07278177457,0.1488596148,0.1209925662,-0.0206826189,0.00102276698,4.671186205e-08,7.006779307e-08
10.055,2.872948328,0.07276920945,0.1488647172,0.1207907982,-0.02066026747,0.001018190849,4.555854197e-08,6.833781296e-08
10.06,2.873560418,0.07275660843,0.1488697967,0.1205894159,-0.02063793708,0.001013635193,4.443369764e-08,6.665054646e-08
10.065,2.874171496,0.07274397168,0.1488748536,0.1203884185,-0.02061562773,0.001009099921,4.333662583e-08,6.500493874e-08
10.07,2.874781564,0.07273129934,0.1488798878,0.120187805,-0.02059333941,0.00100458494,4.226664066e-08,6.339996099e-08
10.075,2.875390625,0.07271859158,0.1488848995,0.1199875746,-0.02057107214,0.001000090161,4.12230735e-08,6.183461025e-08
10.08,2.875998681,0.07270584855,0.1488898887,0.1197877264,-0.0205488259,0.000995615492,4.020527226e-08,6.030790839e-08
10.085,2.876605732,0.0726930704,0.1488948556,0.1195882595,-0.02052660071,0.0009911608442,3.921260063e-08,5.881890095e-08
10.09,2.877211782,0.0726802573,0.1488998004,0.1193891729,-0.02050439655,0.0009867261278,3.824443802e-08,5.736665702e-08
10.095,2.877816832,0.0726674094,0.1489047229,0.1191904659,-0.02048221342,0.0009823112534,3.73001794e-08,5.59502691e-08
10.1,2.878420885,0.07265452684,0.1489096235,0.1189921374,-0.02046005134,0.0009779161324,3.637923475e-08,5.456885213e-08
10.105,2.879023941,0.07264160979,0.1489145021,0.1187941867,-0.02043791029,0.0009735406762,3.548102832e-08,5.322154248e-08
10.11,2.879626002,0.07262865839,0.1489193589,0.1185966129,-0.02041579027,0.0009691847971,3.460499856e-08,5.190749784e-08
10.115,2.880227072,0.07261567281,0.148924194,0.118399415,-0.02039369128,0.0009648484072,3.375059803e-08,5.062589705e-08
10.12,2.880827151,0.07260265318,0.1489290075,0.1182025923,-0.02037161333,0.0009605314196,3.291729286e-08,4.937593928e-08
10.125,2.881426241,0.07258959967,0.1489337994,0.1180061438,-0.0203495564,0.0009562337472,3.210456207e-08,4.81568431e-08
10.13,2.882024345,0.07257651242,0.1489385698,0.1178100687,-0.02032752051,0.0009519553038,3.131189756e-08,4.696784634e-08
10.135,2.882621464,0.07256339158,0.1489433189,0.117614366,-0.02030550563,0.0009476960033,3.053880399e-08,4.580820599e-08
10.14,2.883217599,0.07255023731,0.1489480468,0.117419035,-0.02028351179,0.00094345576,2.978479829e-08,4.467719743e-08
10.145,2.883812754,0.07253704975,0.1489527535,0.1172240748,-0.02026153896,0.0009392344887,2.904940906e-08,4.357411359e-08
10.15,2.884406929,0.07252382905,0.1489574392,0.1170294845,-0.02023958715,0.0009350321045,2.833217655e-08,4.249826482e-08
10.155,2.885000127,0.07251057537,0.1489621039,0.1168352633,-0.02021765636,0.0009308485228,2.763265256e-08,4.144897884e-08
10.16,2.885592349,0.07249728884,0.1489667477,0.1166414103,-0.02019574659,0.0009266836596,2.695039999e-08,4.042559998e-08
10.165,2.886183598,0.07248396963,0.1489713708,0.1164479247,-0.02017385782,0.0009225374311,2.62849923e-08,3.942748844e-08
10.17,2.886773874,0.07247061786,0.1489759731,0.1162548055,-0.02015199007,0.000918409754,2.563601348e-08,3.845402023e-08
10.175,2.88736318,0.0724572337,0.1489805549,0.1160620521,-0.02013014332,0.0009143005451,2.500305801e-08,3.750458701e-08
10.18,2.887951518,0.07244381728,0.1489851162,0.1158696634,-0.02010831757,0.0009102097219,2.438573035e-08,3.657859552e-08
10.185,2.888538889,0.07243036876,0.148989657,0.1156776387,-0.02008651282,0.0009061372022,2.378364457e-08,3.567546685e-08
10.19,2.889125296,0.07241688827,0.1489941776,0.1154859772,-0.02006472907,0.000902082904,2.319642426e-08,3.479463639e-08
10.195,2.88971074,0.07240337597,0.1489986779,0.115294678,-0.02004296631,0.0008980467457,2.262370246e-08,3.393555369e-08
10.2,2.890295222,0.07238983199,0.1490031581,0.1151037403,-0.02002122454,0.0008940286464,2.206512129e-08,3.309768194e-08
10.205,2.890878745,0.07237625649,0.1490076182,0.1149131632,-0.01999950376,0.000890028525,2.152033155e-08,3.228049733e-08
10.21,2.891461311,0.0723626496,0.1490120584,0.1147229459,-0.01997780396,0.0008860463013,2.098899264e-08,3.148348896e-08
10.215,2.892042922,0.07234901147,0.1490164787,0.1145330876,-0.01995612514,0.0008820818951,2.047077252e-08,3.070615879e-08
10.22,2.892623578,0.07233534223,0.1490208792,0.1143435875,-0.01993446729,0.0008781352267,1.996534739e-08,2.994802108e-08
10.225,2.893203282,0.07232164204,0.1490252601,0.1141544447,-0.01991283041,0.0008742062167,1.947240124e-08,2.920860186e-08
10.23,2.893782036,0.07230791104,0.1490296213,0.1139656584,-0.0198912145,0.0008702947861,1.899162591e-08,2.848743887e-08
10.235,2.894359841,0.07229414935,0.149033963,0.1137772279,-0.01986961955,0.0008664008564,1.852272096e-08,2.778408144e-08
10.24,2.894936699,0.07228035714,0.1490382853,0.1135891522,-0.01984804556,0.0008625243491,1.806539338e-08,2.709809008e-08
10.245,2.895512613,0.07226653453,0.1490425883,0.1134014306,-0.01982649251,0.0008586651863,1.761935727e-08,2.64290359e-08
10.25,2.896087583,0.07225268166,0.149046872,0.1132140623,-0.01980496042,0.0008548232905,1.718433376e-08,2.577650064e-08
10.255,2.896661611,0.07223879868,0.1490511366,0.1130270465,-0.01978344927,0.0008509985843,1.676005102e-08,2.514007652e-08
10.26,2.8972347,0.07222488572,0.149055382,0.1128403823,-0.01976195906,0.0008471909908,1.634624391e-08,2.451936587e-08
10.265,2.897806851,0.07221094292,0.1490596085,0.1126540689,-0.01974048978,0.0008434004335,1.594265374e-08,2.391398062e-08
10.27,2.898378066,0.07219697042,0.1490638161,0.1124681056,-0.01971904142,0.0008396268362,1.55490282e-08,2.33235423e-08
10.275,2.898948346,0.07218296836,0.1490680048,0.1122824916,-0.019697614,0.000835870123,1.516512129e-08,2.274768194e-08
10.28,2.899517693,0.07216893688,0.1490721748,0.112097226,-0.01967620748,0.0008321302183,1.479069314e-08,2.218603971e-08
10.285,2.90008611,0.07215487611,0.1490763261,0.1119123081,-0.01965482188,0.0008284070469,1.442550965e-08,2.163826448e-08
10.29,2.900653597,0.07214078618,0.1490804589,0.1117277371,-0.01963345719,0.0008247005339,1.406934253e-08,2.11040138e-08
10.295,2.901220156,0.07212666723,0.1490845732,0.1115435121,-0.0196121134,0.0008210106049,1.37219692e-08,2.05829538e-08
10.3,2.90178579,0.07211251941,0.149088669,0.1113596325,-0.0195907905,0.0008173371856,1.33831726e-08,2.007475889e-08
10.305,2.902350499,0.07209834284,0.1490927466,0.1111760973,-0.01956948849,0.0008136802022,1.305274091e-08,1.957911137e-08
10.31,2.902914286,0.07208413765,0.1490968059,0.1109929059,-0.01954820736,0.0008100395811,1.273046757e-08,1.909570136e-08
10.315,2.903477153,0.07206990399,0.149100847,0.1108100575,-0.01952694711,0.000806415249,1.241615118e-08,1.862422678e-08
10.32,2.9040391,0.07205564198,0.14910487,0.1106275512,-0.01950570773,0.0008028071332,1.210959534e-08,1.816439301e-08
10.325,2.904600131,0.07204135176,0.1491088751,0.1104453863,-0.01948448922,0.0007992151611,1.181060839e-08,1.771591259e-08
10.33,2.905160245,0.07202703346,0.1491128622,0.1102635621,-0.01946329156,0.0007956392604,1.151900341e-08,1.727850512e-08
10.335,2.905719446,0.07201268722,0.1491168315,0.1100820777,-0.01944211476,0.0007920793592,1.123459818e-08,1.685189728e-08
10.34,2.906277734,0.07199831316,0.149120783,0.1099009324,-0.0194209588,0.000788535386,1.095721499e-08,1.643582248e-08
10.345,2.906835113,0.07198391141,0.1491247169,0.1097201254,-0.01939982368,0.0007850072694,1.068668041e-08,1.603002061e-08
10.35,2.907391582,0.07196948212,0.1491286331,0.1095396559,-0.01937870939,0.0007814949386,1.042282531e-08,1.563423797e-08
10.355,2.907947144,0.0719550254,0.1491325319,0.1093595233,-0.01935761592,0.0007779983229,1.016548482e-08,1.524822722e-08
10.36,2.908501801,0.07194054139,0.1491364131,0.1091797266,-0.01933654327,0.0007745173519,9.914498119e-09,1.487174718e-08
10.365,2.909055554,0.07192603022,0.1491402771,0.1090002653,-0.01931549144,0.0007710519557,9.669708309e-09,1.450456246e-08
10.37,2.909608405,0.07191149202,0.1491441237,0.1088211384,-0.01929446041,0.0007676020647,9.430962346e-09,1.414644352e-08
10.375,2.910160355,0.07189692692,0.1491479531,0.1086423454,-0.01927345017,0.0007641676093,9.198111037e-09,1.379716656e-08
10.38,2.910711407,0.07188233504,0.1491517654,0.1084638853,-0.01925246072,0.0007607485207,8.971008882e-09,1.345651332e-08
10.385,2.911261561,0.07186771651,0.1491555606,0.1082857575,-0.01923149206,0.0007573447299,8.749513902e-09,1.312427085e-08
10.39,2.91181082,0.07185307146,0.1491593389,0.1081079612,-0.01921054417,0.0007539561686,8.533487621e-09,1.280023143e-08
10.395,2.912359186,0.07183840003,0.1491631002,0.1079304957,-0.01918961705,0.0007505827686,8.322795045e-09,1.248419257e-08
10.4,2.912906659,0.07182370232,0.1491668447,0.1077533602,-0.01916871068,0.0007472244621,8.117304517e-09,1.217595678e-08
10.405,2.913453241,0.07180897848,0.1491705725,0.107576554,-0.01914782507,0.0007438811816,7.916887571e-09,1.187533136e-08
10.41,2.913998935,0.07179422863,0.1491742836,0.1074000763,-0.0191269602,0.0007405528598,7.721418909e-09,1.158212836e-08
10.415,2.914543742,0.07177945289,0.149177978,0.1072239264,-0.01910611606,0.0007372394298,7.530776381e-09,1.129616457e-08
10.42,2.915087663,0.07176465139,0.149181656,0.1070481036,-0.01908529266,0.0007339408249,7.344840863e-09,1.101726129e-08
10.425,2.9156307,0.07174982425,0.1491853175,0.1068726072,-0.01906448997,0.0007306569789,7.163496111e-09,1.074524417e-08
10.43,2.916172855,0.0717349716,0.1491889626,0.1066974363,-0.01904370799,0.0007273878256,6.986628751e-09,1.047994313e-08
10.435,2.916714129,0.07172009356,0.1491925914,0.1065225903,-0.01902294672,0.0007241332995,6.814128259e-09,1.022119239e-08
10.44,2.917254524,0.07170519025,0.1491962039,0.1063480685,-0.01900220614,0.0007208933349,6.645886844e-09,9.968830267e-09
10.445,2.917794041,0.07169026181,0.1491998003,0.1061738702,-0.01898148625,0.0007176678668,6.481799327e-09,9.722698991e-09
10.45,2.918332683,0.07167530835,0.1492033806,0.1059999945,-0.01896078703,0.0007144568303,6.321763122e-09,9.482644683e-09
10.455,2.91887045,0.07166032999,0.1492069449,0.1058264408,-0.01894010849,0.0007112601609,6.165678222e-09,9.248517333e-09
10.46,2.919407345,0.07164532685,0.1492104933,0.1056532083,-0.0189194506,0.0007080777941,6.013447095e-09,9.020170642e-09
10.465,2.919943368,0.07163029907,0.1492140257,0.1054802965,-0.01889881337,0.0007049096662,5.864974569e-09,8.797461854e-09
10.47,2.920478523,0.07161524675,0.1492175424,0.1053077044,-0.01887819678,0.0007017557132,5.720167823e-09,8.580251734e-09
10.475,2.921012809,0.07160017002,0.1492210433,0.1051354315,-0.01885760082,0.0006986158719,5.578936365e-09,8.368404547e-09
10.48,2.921546229,0.07158506901,0.1492245286,0.104963477,-0.01883702549,0.0006954900791,5.441191945e-09,8.161787917e-09
10.485,2.922078785,0.07156994382,0.1492279982,0.1047918402,-0.01881647077,0.0006923782719,5.306848448e-09,7.960272672e-09
10.49,2.922610477,0.07155479459,0.1492314524,0.1046205204,-0.01879593666,0.0006892803878,5.175821885e-09,7.763732828e-09
10.495,2.923141308,0.07153962142,0.1492348911,0.1044495169,-0.01877542315,0.0006861963644,5.048030377e-09,7.572045566e-09
10.5,2.923671279,0.07152442444,0.1492383144,0.104278829,-0.01875493022,0.0006831261397,4.923394072e-09,7.385091108e-09
10.505,2.924200391,0.07150920377,0.1492417223,0.1041084559,-0.01873445788,0.0006800696521,4.801835049e-09,7.202752574e-09
10.51,2.924728647,0.07149395953,0.1492451151,0.1039383971,-0.0187140061,0.00067702684,4.683277312e-09,7.024915968e-09
10.515,2.925256048,0.07147869182,0.1492484926,0.1037686517,-0.01869357488,0.0006739976422,4.567646774e-09,6.851470161e-09
10.52,2.925782595,0.07146340078,0.1492518551,0.1035992192,-0.01867316422,0.0006709819979,4.454871181e-09,6.682306772e-09
10.525,2.92630829,0.07144808652,0.1492552025,0.1034300987,-0.01865277409,0.0006679798463,4.344880029e-09,6.517320044e-09
10.53,2.926833134,0.07143274914,0.1492585349,0.1032612897,-0.0186324045,0.0006649911272,4.237604553e-09,6.356406829e-09
10.535,2.92735713,0.07141738878,0.1492618524,0.1030927914,-0.01861205542,0.0006620157804,4.132977715e-09,6.199466573e-09
10.54,2.927880277,0.07140200555,0.1492651551,0.1029246031,-0.01859172686,0.0006590537461,4.030934139e-09,6.046401208e-09
10.545,2.92840258,0.07138659956,0.149268443,0.1027567242,-0.0185714188,0.0006561049647,3.931410028e-09,5.897115043e-09
10.55,2.928924037,0.07137117092,0.1492717161,0.102589154,-0.01855113123,0.000653169377,3.834343163e-09,5.751514745e-09
10.555,2.929444652,0.07135571976,0.1492749747,0.1024218917,-0.01853086414,0.0006502469238,3.739672886e-09,5.609509329e-09
10.56,2.929964426,0.07134024618,0.1492782186,0.1022549368,-0.01851061753,0.0006473375465,3.64734004e-09,5.471010059e-09
10.565,2.93048336,0.0713247503,0.1492814481,0.1020882884,-0.01849039137,0.0006444411865,3.557286901e-09,5.335930351e-09
10.57,2.931001455,0.07130923224,0.1492846631,0.1019219461,-0.01847018566,0.0006415577856,3.469457169e-09,5.204185753e-09
10.575,2.931518715,0.07129369211,0.1492878637,0.101755909,-0.0184500004,0.0006386872858,3.383795959e-09,5.075693939e-09
10.58,2.932035138,0.07127813001,0.14929105,0.1015901765,-0.01842983556,0.0006358296293,3.300249745e-09,4.950374618e-09
10.585,2.932550729,0.07126254607,0.149294222,0.101424748,-0.01840969114,0.0006329847588,3.218766295e-09,4.828149443e-09
10.59,2.933065487,0.07124694039,0.1492973798,0.1012596227,-0.01838956713,0.000630152617,3.139294668e-09,4.708942001e-09
10.595,2.933579414,0.07123131309,0.1493005235,0.1010948001,-0.01836946352,0.0006273331469,3.0617852e-09,4.5926778e-09
10.6,2.934092513,0.07121566428,0.1493036532,0.1009302793,-0.0183493803,0.0006245262919,2.986189459e-09,4.479284189e-09
10.605,2.934604784,0.07119999407,0.1493067688,0.1007660599,-0.01832931746,0.0006217319956,2.912460185e-09,4.368690277e-09
10.61,2.935116229,0.07118430257,0.1493098705,0.100602141,-0.01830927498,0.0006189502016,2.840551282e-09,4.260826924e-09
10.615,2.935626849,0.07116858989,0.1493129583,0.1004385222,-0.01828925285,0.0006161808541,2.770417816e-09,4.155626724e-09
10.62,2.936136646,0.07115285614,0.1493160324,0.1002752026,-0.01826925107,0.0006134238974,2.702015961e-09,4.053023942e-09
10.625,2.936645621,0.07113710143,0.1493190926,0.1001121816,-0.01824926963,0.0006106792761,2.635302955e-09,3.952954432e-09
10.63,2.937153777,0.07112132587,0.1493221392,0.09994945869,-0.0182293085,0.0006079469349,2.570237089e-09,3.855355634e-09
10.635,2.937661114,0.07110552957,0.1493251721,0.09978703307,-0.01820936769,0.000605226819,2.506777704e-09,3.760166556e-09
10.64,2.938167633,0.07108971264,0.1493281915,0.09962490414,-0.01818944717,0.0006025188735,2.444885146e-09,3.66732772e-09
10.645,2.938673337,0.07107387518,0.1493311973,0.09946307124,-0.01816954695,0.0005998230442,2.384520722e-09,3.576781083e-09
10.65,2.939178227,0.07105801731,0.1493341897,0.09930153373,-0.018149667,0.0005971392767,2.325646692e-09,3.488470038e-09
10.655,2.939682304,0.07104213913,0.1493371687,0.09914029097,-0.01812980732,0.000594467517,2.268226266e-09,3.402339399e-09
10.66,2.94018557,0.07102624075,0.1493401344,0.0989793423,-0.01810996789,0.0005918077116,2.212223564e-09,3.318335346e-09
10.665,2.940688026,0.07101032227,0.1493430868,0.0988186871,-0.01809014871,0.0005891598068,2.157603574e-09,3.236405361e-09
10.67,2.941189674,0.07099438381,0.149346026,0.09865832472,-0.01807034976,0.0005865237495,2.104332149e-09,3.156498223e-09
10.675,2.941690515,0.07097842546,0.1493489521,0.09849825452,-0.01805057103,0.0005838994865,2.052375999e-09,3.078563998e-09
10.68,2.942190551,0.07096244735,0.149351865,0.09833847586,-0.01803081251,0.0005812869652,2.001702658e-09,3.002553988e-09
10.685,2.942689782,0.07094644956,0.149354765,0.09817898812,-0.01801107418,0.0005786861331,1.952280448e-09,2.928420672e-09
10.69,2.943188212,0.0709304322,0.1493576519,0.09801979065,-0.01799135604,0.0005760969377,1.904078469e-09,2.856117703e-09
10.695,2.94368584,0.07091439539,0.1493605259,0.09786088283,-0.01797165807,0.0005735193271,1.8570666e-09,2.7855999e-09
10.7,2.944182668,0.07089833922,0.1493633871,0.09770226403,-0.01795198027,0.0005709532494,1.811215466e-09,2.716823199e-09
10.705,2.944678699,0.0708822638,0.1493662355,0.09754393362,-0.01793232262,0.000568398653,1.7664964e-09,2.6497446e-09
10.71,2.945173933,0.07086616923,0.1493690711,0.09738589097,-0.0179126851,0.0005658554866,1.722881446e-09,2.584322169e-09
10.715,2.945668371,0.07085005562,0.1493718941,0.09722813546,-0.01789306771,0.0005633236989,1.680343348e-09,2.520515022e-09
10.72,2.946162016,0.07083392307,0.1493747044,0.09707066646,-0.01787347043,0.0005608032392,1.638855526e-09,2.458283289e-09
10.725,2.946654868,0.07081777168,0.1493775021,0.09691348336,-0.01785389326,0.0005582940566,1.598392042e-09,2.397588063e-09
10.73,2.947146929,0.07080160156,0.1493802873,0.09675658554,-0.01783433617,0.0005557961008,1.5589276e-09,2.3383914e-09
10.735,2.947638201,0.07078541281,0.1493830601,0.09659997238,-0.01781479916,0.0005533093216,1.520437537e-09,2.280656306e-09
10.74,2.948128685,0.07076920552,0.1493858205,0.09644364326,-0.01779528222,0.0005508336688,1.482897803e-09,2.224346705e-09
10.745,2.948618382,0.0707529798,0.1493885685,0.09628759757,-0.01777578533,0.0005483690927,1.446284929e-09,2.169427394e-09
10.75,2.949107293,0.07073673576,0.1493913042,0.09613183469,-0.01775630848,0.0005459155439,1.410576025e-09,2.115864037e-09
10.755,2.949595421,0.07072047349,0.1493940276,0.09597635402,-0.01773685166,0.0005434729728,1.375748776e-09,2.063623164e-09
10.76,2.950082766,0.07070419309,0.1493967389,0.09582115494,-0.01771741486,0.0005410413305,1.34178142e-09,2.01267213e-09
10.765,2.95056933,0.07068789466,0.1493994381,0.09566623685,-0.01769799806,0.000538620568,1.308652721e-09,1.962979082e-09
10.77,2.951055115,0.07067157831,0.1494021251,0.09551159915,-0.01767860125,0.0005362106366,1.276341969e-09,1.914512953e-09
10.775,2.951540121,0.07065524413,0.1494048002,0.09535724122,-0.01765922442,0.0005338114879,1.244828971e-09,1.867243456e-09
10.78,2.95202435,0.07063889223,0.1494074633,0.09520316246,-0.01763986755,0.0005314230736,1.214094036e-09,1.821141054e-09
10.785,2.952507804,0.07062252269,0.1494101144,0.09504936228,-0.01762053064,0.0005290453457,1.18411795e-09,1.776176925e-09
10.79,2.952990484,0.07060613563,0.1494127537,0.09489584007,-0.01760121367,0.0005266782564,1.154881972e-09,1.732322958e-09
10.795,2.953472391,0.07058973113,0.1494153812,0.09474259524,-0.01758191662,0.0005243217581,1.126367832e-09,1.689551748e-09
10.8,2.953953527,0.0705733093,0.149417997,0.09458962718,-0.01756263949,0.0005219758033,1.098557713e-09,1.64783657e-09
10.805,2.954433893,0.07055687023,0.149420601,0.09443693531,-0.01754338226,0.000519640345,1.071434229e-09,1.607151343e-09
10.81,2.95491349,0.07054041403,0.1494231934,0.09428451903,-0.01752414493,0.0005173153362,1.044980422e-09,1.567470633e-09
10.815,2.95539232,0.07052394078,0.1494257742,0.09413237775,-0.01750492746,0.0005150007301,1.019179761e-09,1.528769642e-09
10.82,2.955870385,0.07050745059,0.1494283434,0.09398051088,-0.01748572986,0.0005126964801,9.94016125e-10,1.491024188e-09
10.825,2.956347685,0.07049094355,0.1494309012,0.09382891783,-0.01746655212,0.00051040254,9.694737815e-10,1.454210672e-09
10.83,2.956824221,0.07047441975,0.1494334475,0.09367759802,-0.01744739421,0.0005081188635,9.455373871e-10,1.418306081e-09
10.835,2.957299996,0.07045787931,0.1494359824,0.09352655085,-0.01742825612,0.0005058454049,9.22191984e-10,1.383287976e-09
10.84,2.957775011,0.07044132229,0.1494385059,0.09337577575,-0.01740913784,0.0005035821182,8.994229844e-10,1.349134477e-09
10.845,2.958249267,0.07042474882,0.1494410182,0.09322527213,-0.01739003937,0.0005013289582,8.772161536e-10,1.31582423e-09
10.85,2.958722765,0.07040815897,0.1494435192,0.09307503941,-0.01737096067,0.0004990858793,8.555576083e-10,1.283336412e-09
10.855,2.959195507,0.07039155285,0.1494460091,0.09292507701,-0.01735190175,0.0004968528366,8.34433814e-10,1.251650721e-09
10.86,2.959667494,0.07037493054,0.1494484878,0.09277538436,-0.01733286259,0.0004946297852,8.138315712e-10,1.220747357e-09
10.865,2.960138727,0.07035829214,0.1494509554,0.09262596088,-0.01731384317,0.0004924166802,7.937379997e-10,1.190607e-09
10.87,2.960609208,0.07034163775,0.149453412,0.092476806,-0.01729484348,0.0004902134773,7.741405375e-10,1.161210806e-09
10.875,2.961078939,0.07032496746,0.1494558576,0.09232791913,-0.01727586351,0.0004880201321,7.55026938e-10,1.132540407e-09
10.88,2.961547919,0.07030828136,0.1494582922,0.09217929972,-0.01725690325,0.0004858366005,7.363852578e-10,1.104577887e-09
10.885,2.962016152,0.07029157955,0.1494607159,0.09203094718,-0.01723796267,0.0004836628385,7.182038425e-10,1.077305764e-09
10.89,2.962483637,0.07027486211,0.1494631288,0.09188286096,-0.01721904178,0.0004814988026,7.004713254e-10,1.050706988e-09
10.895,2.962950377,0.07025812914,0.1494655309,0.09173504048,-0.01720014055,0.0004793444492,6.831766254e-10,1.024764938e-09
10.9,2.963416373,0.07024138074,0.1494679223,0.09158748518,-0.01718125897,0.0004771997349,6.663089356e-10,9.994634034e-10
10.905,2.963881626,0.07022461698,0.149470303,0.09144019449,-0.01716239702,0.0004750646166,6.498577107e-10,9.74786566e-10
10.91,2.964346137,0.07020783797,0.149472673,0.09129316786,-0.0171435547,0.0004729390514,6.338126657e-10,9.507189985e-10
10.915,2.964809908,0.07019104379,0.1494750324,0.09114640472,-0.01712473199,0.0004708229965,6.18163774e-10,9.27245661e-10
10.92,2.965272941,0.07017423454,0.1494773812,0.09099990451,-0.01710592888,0.0004687164095,6.029012571e-10,9.043518856e-10
10.925,2.965735235,0.07015741031,0.1494797195,0.09085366667,-0.01708714534,0.0004666192478,5.880155732e-10,8.820233598e-10
10.93,2.966196793,0.07014057118,0.1494820474,0.09070769066,-0.01706838138,0.0004645314695,5.734974161e-10,8.602461242e-10
10.935,2.966657616,0.07012371724,0.1494843649,0.0905619759,-0.01704963697,0.0004624530324,5.593377134e-10,8.3900657e-10
10.94,2.967117706,0.07010684859,0.149486672,0.09041652185,-0.0170309121,0.0004603838947,5.45527617e-10,8.182914254e-10
10.945,2.967577062,0.07008996532,0.1494889687,0.09027132796,-0.01701220675,0.000458324015,5.320584932e-10,7.980877398e-10
10.95,2.968035688,0.07007306751,0.1494912552,0.09012639368,-0.01699352092,0.0004562733517,5.189219214e-10,7.783828822e-10
10.955,2.968493584,0.07005615525,0.1494935315,0.08998171845,-0.01697485459,0.0004542318636,5.061096925e-10,7.591645388e-10
10.96,2.968950752,0.07003922863,0.1494957975,0.08983730173,-0.01695620775,0.0004521995097,4.936138006e-10,7.404207008e-10
10.965,2.969407192,0.07002228774,0.1494980535,0.08969314297,-0.01693758037,0.000450176249,4.814264334e-10,7.221396501e-10
10.97,2.969862906,0.07000533266,0.1495002993,0.08954924162,-0.01691897245,0.000448162041,4.695399717e-10,7.043099576e-10
10.975,2.970317896,0.06998836349,0.1495025351,0.08940559716,-0.01690038397,0.0004461568451,4.579469876e-10,6.869204814e-10
10.98,2.970772162,0.06997138031,0.1495047609,0.08926220902,-0.01688181493,0.0004441606209,4.46640237e-10,6.699603554e-10
10.985,2.971225707,0.06995438321,0.1495069767,0.08911907667,-0.01686326529,0.0004421733284,4.356126511e-10,6.534189767e-10
10.99,2.97167853,0.06993737227,0.1495091827,0.08897619957,-0.01684473506,0.0004401949276,4.248573358e-10,6.372860037e-10
10.995,2.972130634,0.06992034758,0.1495113787,0.08883357719,-0.01682622421,0.0004382253786,4.1436757e-10,6.21551355e-10
11,2.972582019,0.06990330923,0.1495135649,0.08869120898,-0.01680773274,0.0004362646419,4.041367989e-10,6.062051984e-10
11.005,2.973032688,0.0698862573,0.1495157414,0.08854909441,-0.01678926062,0.0004343126781,3.941586266e-10,5.912379399e-10
11.01,2.973482641,0.06986919188,0.1495179081,0.08840723295,-0.01677080784,0.0004323694479,3.844268149e-10,5.766402223e-10
11.015,2.973931879,0.06985211305,0.1495200651,0.08826562407,-0.0167523744,0.0004304349122,3.749352823e-10,5.624029234e-10
11.02,2.974380404,0.06983502091,0.1495222124,0.08812426723,-0.01673396027,0.0004285090322,3.656780978e-10,5.485171467e-10
11.025,2.974828217,0.06981791552,0.1495243502,0.0879831619,-0.01671556544,0.000426591769,3.566494741e-10,5.349742112e-10
11.03,2.97527532,0.06980079698,0.1495264784,0.08784230756,-0.01669718989,0.0004246830842,3.478437667e-10,5.217656501e-10
11.035,2.975721713,0.06978366537,0.149528597,0.08770170368,-0.01667883362,0.0004227829394,3.392554728e-10,5.088832093e-10
11.04,2.976167398,0.06976652078,0.1495307062,0.08756134974,-0.0166604966,0.0004208912963,3.30879226e-10,4.963188389e-10
11.045,2.976612376,0.06974936329,0.1495328059,0.0874212452,-0.01664217882,0.0004190081169,3.227097894e-10,4.840646841e-10
11.05,2.977056648,0.06973219298,0.1495348963,0.08728138955,-0.01662388028,0.0004171333633,3.147420559e-10,4.721130838e-10
11.055,2.977500216,0.06971500993,0.1495369773,0.08714178227,-0.01660560094,0.000415266998,3.069710462e-10,4.604565693e-10
11.06,2.977943081,0.06969781424,0.149539049,0.08700242283,-0.01658734081,0.0004134089832,2.993919046e-10,4.490878569e-10
11.065,2.978385243,0.06968060597,0.1495411114,0.08686331072,-0.01656909986,0.0004115592816,2.919998927e-10,4.379998391e-10
11.07,2.978826705,0.06966338522,0.1495431646,0.08672444542,-0.01655087807,0.0004097178562,2.847903893e-10,4.271855839e-10
11.075,2.979267468,0.06964615206,0.1495452086,0.08658582642,-0.01653267545,0.0004078846697,2.777588889e-10,4.166383334e-10
11.08,2.979707532,0.06962890658,0.1495472435,0.08644745319,-0.01651449196,0.0004060596854,2.70900998e-10,4.06351497e-10
11.085,2.980146899,0.06961164886,0.1495492692,0.08630932523,-0.0164963276,0.0004042428666,2.642124291e-10,3.963186436e-10
11.09,2.98058557,0.06959437897,0.1495512859,0.08617144202,-0.01647818235,0.0004024341767,2.576890006e-10,3.865335009e-10
11.095,2.981023547,0.06957709701,0.1495532936,0.08603380305,-0.01646005619,0.0004006335794,2.51326636e-10,3.76989954e-10
11.1,2.98146083,0.06955980304,0.1495552922,0.08589640782,-0.01644194912,0.0003988410384,2.451213597e-10,3.676820395e-10
11.105,2.981897421,0.06954249716,0.149557282,0.08575925581,-0.01642386112,0.0003970565177,2.390692922e-10,3.586039384e-10
11.11,2.982333322,0.06952517944,0.1495592628,0.08562234652,-0.01640579216,0.0003952799815,2.3316665e-10,3.49749975e-10
11.115,2.982768532,0.06950784996,0.1495612348,0.08548567945,-0.01638774224,0.0003935113939,2.274097445e-10,3.411146167e-10
11.12,2.983203054,0.0694905088,0.1495631979,0.08534925408,-0.01636971135,0.0003917507195,2.217949783e-10,3.326924674e-10
11.125,2.983636889,0.06947315605,0.1495651523,0.08521306992,-0.01635169946,0.0003899979228,2.163188412e-10,3.244782618e-10
11.13,2.984070037,0.06945579177,0.1495670979,0.08507712646,-0.01633370656,0.0003882529686,2.109779097e-10,3.164668645e-10
11.135,2.984502501,0.06943841605,0.1495690349,0.08494142321,-0.01631573264,0.0003865158217,2.057688461e-10,3.086532691e-10
11.14,2.984934281,0.06942102896,0.1495709631,0.08480595966,-0.01629777768,0.0003847864473,2.006883955e-10,3.010325933e-10
11.145,2.985365378,0.06940363059,0.1495728827,0.08467073532,-0.01627984167,0.0003830648106,1.957333818e-10,2.936000727e-10
11.15,2.985795795,0.06938622102,0.1495747938,0.08453574969,-0.0162619246,0.000381350877,1.909007071e-10,2.863510606e-10
11.155,2.986225531,0.06936880031,0.1495766963,0.08440100228,-0.01624402644,0.0003796446119,1.861873515e-10,2.792810272e-10
11.16,2.986654588,0.06935136856,0.1495785902,0.08426649258,-0.01622614718,0.0003779459812,1.815903697e-10,2.723855546e-10
11.165,2.987082967,0.06933392583,0.1495804757,0.08413222012,-0.01620828681,0.0003762549505,1.771068879e-10,2.656603318e-10
11.17,2.98751067,0.0693164722,0.1495823528,0.08399818439,-0.01619044531,0.000374571486,1.72734103e-10,2.591011545e-10
11.175,2.987937697,0.06929900775,0.1495842215,0.08386438491,-0.01617262267,0.0003728955537,1.684692824e-10,2.527039236e-10
11.18,2.988364051,0.06928153256,0.1495860818,0.08373082119,-0.01615481887,0.00037122712,1.643097613e-10,2.46464642e-10
11.185,2.988789731,0.0692640467,0.1495879337,0.08359749274,-0.0161370339,0.0003695661514,1.602529392e-10,2.403794088e-10
11.19,2.98921474,0.06924655025,0.1495897774,0.08346439907,-0.01611926774,0.0003679126143,1.562962798e-10,2.344444197e-10
11.195,2.989639077,0.06922904328,0.1495916129,0.08333153971,-0.01610152037,0.0003662664756,1.524373106e-10,2.286559659e-10
11.2,2.990062746,0.06921152588,0.1495934401,0.08319891415,-0.01608379179,0.0003646277022,1.486736202e-10,2.230104304e-10
11.205,2.990485746,0.0691939981,0.1495952592,0.08306652193,-0.01606608198,0.000362996261,1.450028558e-10,2.175042837e-10
11.21,2.990908079,0.06917646004,0.1495970701,0.08293436256,-0.01604839091,0.0003613721194,1.414227223e-10,2.121340834e-10
11.215,2.991329745,0.06915891177,0.1495988729,0.08280243556,-0.01603071858,0.0003597552446,1.379309826e-10,2.068964739e-10
11.22,2.991750747,0.06914135335,0.1496006677,0.08267074046,-0.01601306497,0.0003581456042,1.345254547e-10,2.017881821e-10
11.225,2.992171086,0.06912378487,0.1496024544,0.08253927676,-0.01599543007,0.0003565431657,1.312040097e-10,1.968060145e-10
11.23,2.992590762,0.0691062064,0.1496042331,0.08240804401,-0.01597781386,0.0003549478969,1.279645709e-10,1.919468564e-10
11.235,2.993009776,0.06908861801,0.1496060039,0.08227704171,-0.01596021632,0.0003533597658,1.248051142e-10,1.872076713e-10
11.24,2.993428131,0.06907101977,0.1496077667,0.0821462694,-0.01594263744,0.0003517787404,1.217236651e-10,1.825854977e-10
11.245,2.993845826,0.06905341177,0.1496095217,0.08201572661,-0.0159250772,0.0003502047889,1.187182974e-10,1.780774461e-10
11.25,2.994262863,0.06903579406,0.1496112688,0.08188541286,-0.0159075356,0.0003486378797,1.15787132e-10,1.73680698e-10
11.255,2.994679244,0.06901816673,0.1496130081,0.08175532768,-0.0158900126,0.0003470779813,1.129283373e-10,1.69392506e-10
11.26,2.995094969,0.06900052985,0.1496147396,0.0816254706,-0.01587250821,0.0003455250623,1.101401269e-10,1.652101904e-10
11.265,2.995510039,0.06898288349,0.1496164633,0.08149584116,-0.01585502239,0.0003439790915,1.074207577e-10,1.611311366e-10
11.27,2.995924456,0.06896522772,0.1496181794,0.08136643888,-0.01583755515,0.0003424400377,1.047685296e-10,1.571527944e-10
11.275,2.996338221,0.06894756262,0.1496198877,0.0812372633,-0.01582010645,0.0003409078701,1.021817852e-10,1.532726778e-10
11.28,2.996751335,0.06892988825,0.1496215884,0.08110831397,-0.01580267629,0.0003393825578,9.965890809e-11,1.494883621e-10
11.285,2.997163799,0.06891220469,0.1496232816,0.0809795904,-0.01578526466,0.0003378640701,9.719832109e-11,1.457974816e-10
11.29,2.997575614,0.068894512,0.1496249671,0.08085109214,-0.01576787152,0.0003363523766,9.479848585e-11,1.421977288e-10
11.295,2.997986782,0.06887681027,0.1496266451,0.08072281874,-0.01575049688,0.0003348474468,9.245790271e-11,1.386868541e-10
11.3,2.998397303,0.06885909956,0.1496283156,0.08059476972,-0.01573314071,0.0003333492504,9.017510911e-11,1.352626637e-10
11.305,2.998807178,0.06884137994,0.1496299786,0.08046694463,-0.015715803,0.0003318577574,8.794867792e-11,1.319230169e-10
11.31,2.999216409,0.06882365148,0.1496316342,0.08033934302,-0.01569848374,0.0003303729377,8.577721719e-11,1.286658258e-10
11.315,2.999624997,0.06880591425,0.1496332823,0.08021196442,-0.0156811829,0.0003288947614,8.365936999e-11,1.25489055e-10
11.32,3.000032943,0.06878816832,0.1496349231,0.08008480838,-0.01566390047,0.000327423199,8.159381293e-11,1.223907194e-10
11.325,3.000440248,0.06877041377,0.1496365566,0.07995787444,-0.01564663644,0.0003259582207,7.957925467e-11,1.19368882e-10
11.33,3.000846913,0.06875265065,0.1496381827,0.07983116216,-0.01562939079,0.0003244997971,7.761443576e-11,1.164216536e-10
11.335,3.001252939,0.06873487904,0.1496398016,0.07970467108,-0.01561216351,0.0003230478988,7.569812836e-11,1.135471925e-10
11.34,3.001658328,0.06871709901,0.1496414132,0.07957840075,-0.01559495457,0.0003216024968,7.382913504e-11,1.107437026e-10
11.345,3.00206308,0.06869931063,0.1496430176,0.07945235072,-0.01557776397,0.0003201635618,7.200628735e-11,1.08009431e-10
11.35,3.002467196,0.06868151397,0.1496446149,0.07932652054,-0.01556059169,0.0003187310651,7.022844568e-11,1.053426685e-10
11.355,3.002870679,0.06866370909,0.1496462049,0.07920090977,-0.01554343771,0.0003173049777,6.849449904e-11,1.027417486e-10
11.36,3.003273528,0.06864589606,0.1496477879,0.07907551795,-0.01552630202,0.000315885271,6.680336395e-11,1.002050459e-10
11.365,3.003675745,0.06862807495,0.1496493638,0.07895034465,-0.0155091846,0.0003144719164,6.515398315e-11,9.773097473e-11
11.37,3.004077331,0.06861024582,0.1496509327,0.07882538941,-0.01549208544,0.0003130648856,6.354532548e-11,9.531798822e-11
11.375,3.004478286,0.06859240876,0.1496524945,0.07870065179,-0.01547500452,0.0003116641502,6.197638568e-11,9.296457852e-11
11.38,3.004878613,0.06857456381,0.1496540493,0.07857613136,-0.01545794182,0.0003102696821,6.044618337e-11,9.066927506e-11
11.385,3.005278313,0.06855671105,0.1496555972,0.07845182767,-0.01544089733,0.0003088814532,5.895376191e-11,8.843064286e-11
11.39,3.005677385,0.06853885055,0.1496571381,0.07832774029,-0.01542387103,0.0003074994355,5.749818825e-11,8.624728238e-11
11.395,3.006075832,0.06852098237,0.1496586722,0.07820386876,-0.01540686291,0.0003061236014,5.607855282e-11,8.411782922e-11
11.4,3.006473654,0.06850310658,0.1496601994,0.07808021266,-0.01538987295,0.0003047539232,5.469396851e-11,8.204095276e-11
11.405,3.006870853,0.06848522324,0.1496617197,0.07795677155,-0.01537290114,0.0003033903732,5.334356973e-11,8.001535459e-11
11.41,3.007267429,0.06846733242,0.1496632333,0.07783354499,-0.01535594746,0.0003020329242,5.202651222e-11,7.803976833e-11
11.415,3.007663385,0.06844943419,0.1496647401,0.07771053256,-0.01533901189,0.0003006815487,5.074197295e-11,7.611295943e-11
11.42,3.008058719,0.06843152861,0.1496662401,0.0775877338,-0.01532209442,0.0002993362196,4.948914926e-11,7.42337239e-11
11.425,3.008453435,0.06841361574,0.1496677334,0.07746514831,-0.01530519503,0.0002979969099,4.826725792e-11,7.240088687e-11
11.43,3.008847533,0.06839569566,0.1496692201,0.07734277563,-0.01528831371,0.0002966635927,4.7075535e-11,7.06133025e-11
11.435,3.009241013,0.06837776842,0.1496707001,0.07722061535,-0.01527145045,0.000295336241,4.591323581e-11,6.886985371e-11
11.44,3.009633878,0.0683598341,0.1496721735,0.07709866703,-0.01525460521,0.0002940148282,4.477963406e-11,6.716945108e-11
11.445,3.010026127,0.06834189275,0.1496736402,0.07697693024,-0.015237778,0.0002926993279,4.367402104e-11,6.551103156e-11
11.45,3.010417763,0.06832394443,0.1496751005,0.07685540456,-0.01522096879,0.0002913897134,4.259570556e-11,6.389355834e-11
11.455,3.010808786,0.06830598922,0.1496765542,0.07673408957,-0.01520417757,0.0002900859584,4.154401376e-11,6.231602063e-11
11.46,3.011199197,0.06828802718,0.1496780013,0.07661298483,-0.01518740432,0.0002887880369,4.051828847e-11,6.077743271e-11
11.465,3.011588998,0.06827005837,0.149679442,0.07649208993,-0.01517064902,0.0002874959225,3.951788845e-11,5.927683267e-11
11.47,3.011978189,0.06825208285,0.1496808763,0.07637140444,-0.01515391167,0.0002862095895,3.854218825e-11,5.781328237e-11
11.475,3.012366771,0.06823410069,0.1496823042,0.07625092794,-0.01513719224,0.0002849290118,3.759057815e-11,5.638586723e-11
11.48,3.012754745,0.06821611194,0.1496837256,0.07613066,-0.01512049072,0.0002836541637,3.666246354e-11,5.499369531e-11
11.485,3.013142113,0.06819811668,0.1496851407,0.07601060022,-0.01510380709,0.0002823850197,3.575726416e-11,5.363589624e-11
11.49,3.013528876,0.06818011497,0.1496865495,0.07589074817,-0.01508714134,0.0002811215542,3.487441411e-11,5.231162117e-11
11.495,3.013915034,0.06816210686,0.1496879519,0.07577110343,-0.01507049345,0.0002798637417,3.401336169e-11,5.102004254e-11
11.5,3.014300589,0.06814409242,0.1496893481,0.07565166558,-0.01505386341,0.0002786115571,3.317356886e-11,4.976035329e-11
11.505,3.014685541,0.0681260717,0.1496907381,0.07553243422,-0.01503725119,0.000277364975,3.235451059e-11,4.853176589e-11
11.51,3.015069893,0.06810804479,0.1496921218,0.07541340892,-0.01502065679,0.0002761239705,3.155567483e-11,4.733351225e-11
11.515,3.015453643,0.06809001172,0.1496934993,0.07529458928,-0.01500408018,0.0002748885185,3.077656238e-11,4.616484357e-11
11.52,3.015836795,0.06807197257,0.1496948707,0.07517597488,-0.01498752136,0.0002736585943,3.00166864e-11,4.50250296e-11
11.525,3.016219348,0.0680539274,0.1496962359,0.0750575653,-0.0149709803,0.0002724341731,2.927557183e-11,4.391335775e-11
11.53,3.016601304,0.06803587626,0.149697595,0.07493936015,-0.01495445699,0.0002712152303,2.855275535e-11,4.282913302e-11
11.535,3.016982664,0.06801781922,0.1496989481,0.074821359,-0.01493795142,0.0002700017414,2.784778525e-11,4.177167788e-11
11.54,3.017363429,0.06799975634,0.149700295,0.07470356146,-0.01492146356,0.0002687936819,2.716022103e-11,4.074033155e-11
11.545,3.017743599,0.06798168767,0.149701636,0.07458596711,-0.0149049934,0.0002675910276,2.648963284e-11,3.973444926e-11
11.55,3.018123176,0.06796361329,0.149702971,0.07446857554,-0.01488854093,0.0002663937544,2.583560143e-11,3.875340215e-11
11.555,3.018502162,0.06794553324,0.1497043,0.07435138636,-0.01487210613,0.000265201838,2.519771811e-11,3.779657717e-11
11.56,3.018880556,0.06792744759,0.149705623,0.07423439915,-0.01485568898,0.0002640152546,2.457558428e-11,3.686337642e-11
11.565,3.01925836,0.06790935639,0.1497069401,0.07411761352,-0.01483928947,0.0002628339802,2.396881099e-11,3.595321649e-11
11.57,3.019635574,0.06789125972,0.1497082513,0.07400102906,-0.01482290758,0.0002616579912,2.33770189e-11,3.506552835e-11
11.575,3.020012201,0.06787315761,0.1497095567,0.07388464537,-0.0148065433,0.0002604872639,2.27998382e-11,3.419975731e-11
11.58,3.020388241,0.06785505014,0.1497108562,0.07376846205,-0.01479019661,0.0002593217748,2.223690823e-11,3.335536235e-11
11.585,3.020763695,0.06783693737,0.1497121499,0.07365247869,-0.01477386749,0.0002581615003,2.168787706e-11,3.253181559e-11
11.59,3.021138563,0.06781881934,0.1497134378,0.07353669491,-0.01475755593,0.0002570064172,2.115240143e-11,3.172860215e-11
11.595,3.021512848,0.06780069612,0.14971472,0.0734211103,-0.01474126191,0.0002558565023,2.063014674e-11,3.094522011e-11
11.6,3.021886549,0.06778256778,0.1497159964,0.07330572447,-0.01472498542,0.0002547117324,2.012078664e-11,3.018117996e-11
11.605,3.022259668,0.06776443435,0.1497172671,0.07319053701,-0.01470872643,0.0002535720845,1.962400269e-11,2.943600403e-11
11.61,3.022632206,0.06774629591,0.1497185321,0.07307554755,-0.01469248494,0.0002524375357,1.91394843e-11,2.870922646e-11
11.615,3.023004164,0.06772815251,0.1497197915,0.07296075567,-0.01467626093,0.0002513080631,1.866692872e-11,2.800039307e-11
11.62,3.023375543,0.06771000421,0.1497210452,0.072846161,-0.01466005438,0.0002501836441,1.820604064e-11,2.730906095e-11
11.625,3.023746344,0.06769185106,0.1497222934,0.07273176313,-0.01464386528,0.0002490642561,1.775653193e-11,2.663479789e-11
11.63,3.024116568,0.06767369312,0.1497235359,0.07261756168,-0.0146276936,0.0002479498765,1.731812157e-11,2.597718235e-11
11.635,3.024486215,0.06765553045,0.1497247729,0.07250355625,-0.01461153934,0.0002468404829,1.689053559e-11,2.533580338e-11
11.64,3.024855287,0.06763736311,0.1497260043,0.07238974647,-0.01459540248,0.0002457360531,1.647350681e-11,2.471026021e-11
11.645,3.025223786,0.06761919114,0.1497272302,0.07227613193,-0.014579283,0.0002446365648,1.606677451e-11,2.410016176e-11
11.65,3.02559171,0.06760101462,0.1497284507,0.07216271225,-0.01456318088,0.0002435419958,1.567008441e-11,2.350512661e-11
11.655,3.025959063,0.06758283359,0.1497296657,0.07204948705,-0.01454709611,0.0002424523243,1.528318861e-11,2.292478292e-11
11.66,3.026325844,0.0675646481,0.1497308752,0.07193645594,-0.01453102868,0.0002413675282,1.490584537e-11,2.235876805e-11
11.665,3.026692055,0.06754645822,0.1497320793,0.07182361854,-0.01451497856,0.0002402875858,1.453781877e-11,2.180672815e-11
11.67,3.027057697,0.06752826401,0.1497332781,0.07171097446,-0.01449894575,0.0002392124754,1.417887872e-11,2.126831808e-11
11.675,3.02742277,0.0675100655,0.1497344715,0.07159852332,-0.01448293022,0.0002381421753,1.382880093e-11,2.07432014e-11
11.68,3.027787276,0.06749186277,0.1497356595,0.07148626474,-0.01446693196,0.000237076664,1.348736664e-11,2.023104996e-11
11.685,3.028151216,0.06747365586,0.1497368422,0.07137419834,-0.01445095096,0.0002360159201,1.31543624e-11,1.97315436e-11
11.69,3.02851459,0.06745544483,0.1497380197,0.07126232373,-0.01443498719,0.0002349599222,1.282958002e-11,1.924437002e-11
11.695,3.028877399,0.06743722974,0.1497391919,0.07115064054,-0.01441904064,0.0002339086491,1.251281653e-11,1.87692248e-11
11.7,3.029239645,0.06741901064,0.1497403588,0.0710391484,-0.0144031113,0.0002328620797,1.220387401e-11,1.830581102e-11
11.705,3.029601328,0.06740078757,0.1497415205,0.07092784692,-0.01438719914,0.000231820193,1.190255931e-11,1.785383897e-11
11.71,3.02996245,0.06738256061,0.149742677,0.07081673573,-0.01437130416,0.0002307829679,1.160868406e-11,1.741302609e-11
11.715,3.030323011,0.06736432979,0.1497438283,0.07070581444,-0.01435542634,0.0002297503836,1.132206461e-11,1.698309691e-11
11.72,3.030683012,0.06734609518,0.1497449745,0.0705950827,-0.01433956566,0.0002287224194,1.104252186e-11,1.656378278e-11
11.725,3.031042454,0.06732785683,0.1497461156,0.07048454013,-0.0143237221,0.0002276990546,1.076988104e-11,1.615482156e-11
11.73,3.031401339,0.06730961479,0.1497472515,0.07037418634,-0.01430789565,0.0002266802686,1.050397172e-11,1.575595757e-11
11.735,3.031759667,0.06729136911,0.1497483824,0.07026402098,-0.01429208629,0.0002256660409,1.024462771e-11,1.536694156e-11
11.74,3.032117438,0.06727311984,0.1497495082,0.07015404366,-0.01427629401,0.0002246563511,9.991686968e-12,1.498753045e-11
11.745,3.032474655,0.06725486705,0.1497506289,0.07004425403,-0.0142605188,0.000223651179,9.744991358e-12,1.461748704e-11
11.75,3.032831317,0.06723661078,0.1497517447,0.06993465171,-0.01424476062,0.0002226505042,9.504386649e-12,1.425657997e-11
11.755,3.033187427,0.06721835108,0.1497528554,0.06982523633,-0.01422901948,0.0002216543068,9.269722488e-12,1.390458373e-11
11.76,3.033542984,0.06720008801,0.1497539612,0.06971600752,-0.01421329534,0.0002206625666,9.04085224e-12,1.356127836e-11
11.765,3.03389799,0.06718182162,0.1497550621,0.06960696492,-0.01419758821,0.0002196752637,8.817632822e-12,1.322644923e-11
11.77,3.034252446,0.06716355196,0.149756158,0.06949810817,-0.01418189805,0.0002186923782,8.599924679e-12,1.289988702e-11
11.775,3.034606352,0.06714527908,0.149757249,0.0693894369,-0.01416622486,0.0002177138905,8.387591765e-12,1.258138765e-11
11.78,3.034959709,0.06712700303,0.1497583351,0.06928095074,-0.01415056862,0.0002167397807,8.180501401e-12,1.22707521e-11
11.785,3.03531252,0.06710872386,0.1497594164,0.06917264933,-0.01413492931,0.0002157700294,7.978524118e-12,1.196778618e-11
11.79,3.035664783,0.06709044164,0.1497604929,0.06906453232,-0.01411930691,0.000214804617,7.781533644e-12,1.167230047e-11
11.795,3.036016501,0.0670721564,0.1497615645,0.06895659933,-0.01410370142,0.0002138435242,7.589406879e-12,1.138411032e-11
11.8,3.036367674,0.06705386819,0.1497626313,0.06884885001,-0.01408811281,0.0002128867315,7.402023768e-12,1.110303565e-11
11.805,3.036718303,0.06703557708,0.1497636933,0.068741284,-0.01407254106,0.0002119342197,7.219267165e-12,1.082890075e-11
11.81,3.037068389,0.0670172831,0.1497647506,0.06863390095,-0.01405698617,0.0002109859698,7.041022813e-12,1.056153422e-11
11.815,3.037417933,0.06699898631,0.1497658032,0.06852670048,-0.01404144812,0.0002100419625,6.867179327e-12,1.030076899e-11
11.82,3.037766937,0.06698068676,0.1497668511,0.06841968225,-0.01402592689,0.000209102179,6.697628077e-12,1.004644212e-11
11.825,3.038115399,0.0669623845,0.1497678942,0.0683128459,-0.01401042246,0.0002081666004,6.532263064e-12,9.798394596e-12
11.83,3.038463323,0.06694407958,0.1497689327,0.06820619107,-0.01399493481,0.0002072352078,6.370980905e-12,9.556471357e-12
11.835,3.038810708,0.06692577204,0.1497699666,0.06809971742,-0.01397946394,0.0002063079824,6.213680813e-12,9.32052122e-12
11.84,3.039157556,0.06690746195,0.1497709958,0.06799342458,-0.01396400983,0.0002053849058,6.060264498e-12,9.090396747e-12
11.845,3.039503867,0.06688914934,0.1497720205,0.0678873122,-0.01394857245,0.0002044659592,5.910636047e-12,8.86595407e-12
11.85,3.039849642,0.06687083426,0.1497730405,0.06778137994,-0.0139331518,0.0002035511242,5.764701914e-12,8.647052871e-12
11.855,3.040194883,0.06685251677,0.149774056,0.06767562743,-0.01391774786,0.0002026403824,5.622370905e-12,8.433556358e-12
11.86,3.04053959,0.06683419692,0.1497750669,0.06757005434,-0.01390236061,0.0002017337156,5.483554083e-12,8.225331124e-12
11.865,3.040883764,0.06681587474,0.1497760733,0.06746466031,-0.01388699003,0.0002008311054,5.348164661e-12,8.022246992e-12
11.87,3.041227405,0.0667975503,0.1497770752,0.06735944498,-0.01387163611,0.0001999325337,5.216117997e-12,7.824176996e-12
11.875,3.041570516,0.06677922363,0.1497780726,0.06725440803,-0.01385629884,0.0001990379825,5.087331575e-12,7.630997363e-12
11.88,3.041913096,0.0667608948,0.1497790656,0.06714954909,-0.01384097819,0.0001981474337,4.96172492e-12,7.442587379e-12
11.885,3.042255147,0.06674256383,0.1497800541,0.06704486782,-0.01382567416,0.0001972608695,4.839219505e-12,7.258829257e-12
11.89,3.04259667,0.06672423079,0.1497810382,0.06694036388,-0.01381038672,0.000196378272,4.719738742e-12,7.079608114e-12
11.895,3.042937664,0.06670589572,0.1497820179,0.06683603692,-0.01379511586,0.0001954996235,4.603207969e-12,6.904811953e-12
11.9,3.043278133,0.06668755867,0.1497829932,0.0667318866,-0.01377986157,0.0001946249063,4.489554367e-12,6.73433155e-12
11.905,3.043618075,0.06666921968,0.1497839642,0.06662791258,-0.01376462382,0.0001937541028,4.378706884e-12,6.568060325e-12
11.91,3.043957492,0.06665087881,0.1497849308,0.0665241145,-0.0137494026,0.0001928871955,4.270596219e-12,6.405894328e-12
11.915,3.044296385,0.06663253609,0.1497858931,0.06642049204,-0.0137341979,0.000192024167,4.165154814e-12,6.247732221e-12
11.92,3.044634755,0.06661419158,0.149786851,0.06631704485,-0.0137190097,0.0001911649999,4.062316783e-12,6.093475174e-12
11.925,3.044972603,0.06659584533,0.1497878047,0.06621377259,-0.01370383798,0.0001903096769,3.962017832e-12,5.943026748e-12
11.93,3.045309929,0.06657749737,0.1497887541,0.06611067492,-0.01368868273,0.0001894581809,3.864195258e-12,5.796292886e-12
11.935,3.045646735,0.06655914775,0.1497896993,0.06600775151,-0.01367354394,0.0001886104947,3.768787929e-12,5.653181894e-12
11.94,3.045983021,0.06654079653,0.1497906402,0.06590500201,-0.01365842157,0.0001877666013,3.67573623e-12,5.513604345e-12
11.945,3.046318788,0.06652244375,0.149791577,0.0658024261,-0.01364331563,0.0001869264837,3.584981987e-12,5.37747298e-12
11.95,3.046654037,0.06650408945,0.1497925095,0.06570002343,-0.01362822609,0.000186090125,3.496468461e-12,5.244702691e-12
11.955,3.046988769,0.06648573368,0.1497934379,0.06559779366,-0.01361315294,0.0001852575084,3.41014034e-12,5.11521051e-12
11.96,3.047322985,0.06646737648,0.1497943621,0.06549573648,-0.01359809616,0.0001844286171,3.325943681e-12,4.988915521e-12
11.965,3.047656686,0.06644901791,0.1497952822,0.06539385153,-0.01358305573,0.0001836034345,3.243825846e-12,4.865738768e-12
11.97,3.047989872,0.066430658,0.1497961981,0.0652921385,-0.01356803165,0.000182781944,3.163735495e-12,4.745603243e-12
11.975,3.048322544,0.0664122968,0.14979711,0.06519059704,-0.01355302389,0.0001819641291,3.085622581e-12,4.628433872e-12
11.98,3.048654704,0.06639393436,0.1497980178,0.06508922683,-0.01353803244,0.0001811499732,3.009438294e-12,4.514157441e-12
11.985,3.048986351,0.06637557071,0.1497989215,0.06498802753,-0.01352305728,0.0001803394602,2.935135004e-12,4.402702505e-12
11.99,3.049317488,0.06635720591,0.1497998212,0.06488699882,-0.01350809839,0.0001795325736,2.862666262e-12,4.293999392e-12
11.995,3.049648114,0.06633884,0.1498007168,0.06478614037,-0.01349315577,0.0001787292972,2.79198678e-12,4.18798017e-12
12,3.049978232,0.06632047303,0.1498016085,0.06468545185,-0.01347822939,0.0001779296148,2.723052382e-12,4.084578572e-12
