time,x,y,psi,u,v,r,left,right
0,0,0,0,0,0,0,0,0
0.005,0,0,0,0,0,0,0,0
0.01,0,0,0,0,0,0,0,0
0.015,0,0,0,0,0,0,0,0
0.02,0,0,0,0,0,0,0,0
0.025,0,0,0,0,0,0,0,0
0.03,0,0,0,0,0,0,0,0
0.035,0,0,0,0,0,0,0,0
0.04,0,0,0,0,0,0,0,0
0.045,0,0,0,0,0,0,0,0
0.05,0,0,0,0,0,0,0,0
0.055,0,0,0,0,0,0,0,0
0.06,0,0,0,0,0,0,0,0
0.065,0,0,0,0,0,0,0,0
0.07,0,0,0,0,0,0,0,0
0.075,0,0,0,0,0,0,0,0
0.08,0,0,0,0,0,0,0,0
0.085,0,0,0,0,0,0,0,0
0.09,0,0,0,0,0,0,0,0
0.095,0,0,0,0,0,0,0,0
0.1,0,0,0,0,0,0,0,0
0.105,0,0,0,0,0,0,0,0
0.11,0,0,0,0,0,0,0,0
0.115,0,0,0,0,0,0,0,0
0.12,0,0,0,0,0,0,0,0
0.125,0,0,0,0,0,0,0,0
0.13,0,0,0,0,0,0,0,0
0.135,0,0,0,0,0,0,0,0
0.14,0,0,0,0,0,0,0,0
0.145,0,0,0,0,0,0,0,0
0.15,0,0,0,0,0,0,0,0
0.155,0,0,0,0,0,0,0,0
0.16,0,0,0,0,0,0,0,0
0.165,0,0,0,0,0,0,0,0
0.17,0,0,0,0,0,0,0,0
0.175,0,0,0,0,0,0,0,0
0.18,0,0,0,0,0,0,0,0
0.185,0,0,0,0,0,0,0,0
0.19,0,0,0,0,0,0,0,0
0.195,0,0,0,0,0,0,0,0
0.2,0,0,0,0,0,0,0,0
0.205,0,0,0,0,0,0,0,0
0.21,0,0,0,0,0,0,0,0
0.215,0,0,0,0,0,0,0,0
0.22,0,0,0,0,0,0,0,0
0.225,0,0,0,0,0,0,0,0
0.23,0,0,0,0,0,0,0,0
0.235,0,0,0,0,0,0,0,0
0.24,0,0,0,0,0,0,0,0
0.245,0,0,0,0,0,0,0,0
0.25,0,0,0,0,0,0,0,0
0.255,0,0,0,0,0,0,0,0
0.26,0,0,0,0,0,0,0,0
0.265,0,0,0,0,0,0,0,0
0.27,0,0,0,0,0,0,0,0
0.275,0,0,0,0,0,0,0,0
0.28,0,0,0,0,0,0,0,0
0.285,0,0,0,0,0,0,0,0
0.29,0,0,0,0,0,0,0,0
0.295,0,0,0,0,0,0,0,0
0.3,0,0,0,0,0,0,0,0
0.305,0,0,0,0,0,0,0,0
0.31,0,0,0,0,0,0,0,0
0.315,0,0,0,0,0,0,0,0
0.32,0,0,0,0,0,0,0,0
0.325,0,0,0,0,0,0,0,0
0.33,0,0,0,0,0,0,0,0
0.335,0,0,0,0,0,0,0,0
0.34,0,0,0,0,0,0,0,0
0.345,0,0,0,0,0,0,0,0
0.35,0,0,0,0,0,0,0,0
0.355,0,0,0,0,0,0,0,0
0.36,0,0,0,0,0,0,0,0
0.365,0,0,0,0,0,0,0,0
0.37,0,0,0,0,0,0,0,0
0.375,0,0,0,0,0,0,0,0
0.38,0,0,0,0,0,0,0,0
0.385,0,0,0,0,0,0,0,0
0.39,0,0,0,0,0,0,0,0
0.395,0,0,0,0,0,0,0,0
0.4,0,0,0,0,0,0,0,0
0.405,0,0,0,0,0,0,0,0
0.41,0,0,0,0,0,0,0,0
0.415,0,0,0,0,0,0,0,0
0.42,0,0,0,0,0,0,0,0
0.425,0,0,0,0,0,0,0,0
0.43,0,0,0,0,0,0,0,0
0.435,0,0,0,0,0,0,0,0
0.44,0,0,0,0,0,0,0,0
0.445,0,0,0,0,0,0,0,0
0.45,0,0,0,0,0,0,0,0
0.455,0,0,0,0,0,0,0,0
0.46,0,0,0,0,0,0,0,0
0.465,0,0,0,0,0,0,0,0
0.47,0,0,0,0,0,0,0,0
0.475,0,0,0,0,0,0,0,0
0.48,0,0,0,0,0,0,0,0
0.485,0,0,0,0,0,0,0,0
0.49,0,0,0,0,0,0,0,0
0.495,0,0,0,0,0,0,0,0
0.5,0,0,0,0,0,0,0,0
0.505,0,0,0,0,0,0,0,0
0.51,0,0,0,0,0,0,0,0
0.515,0,0,0,0,0,0,0,0
0.52,0,0,0,0,0,0,0,0
0.525,0,0,0,0,0,0,0,0
0.53,0,0,0,0,0,0,0,0
0.535,0,0,0,0,0,0,0,0
0.54,0,0,0,0,0,0,0,0
0.545,0,0,0,0,0,0,0,0
0.55,0,0,0,0,0,0,0,0
0.555,0,0,0,0,0,0,0,0
0.56,0,0,0,0,0,0,0,0
0.565,0,0,0,0,0,0,0,0
0.57,0,0,0,0,0,0,0,0
0.575,0,0,0,0,0,0,0,0
0.58,0,0,0,0,0,0,0,0
0.585,0,0,0,0,0,0,0,0
0.59,0,0,0,0,0,0,0,0
0.595,0,0,0,0,0,0,0,0
0.6,0,0,0,0,0,0,0,0
0.605,0,0,0,0,0,0,0,0
0.61,0,0,0,0,0,0,0,0
0.615,0,0,0,0,0,0,0,0
0.62,0,0,0,0,0,0,0,0
0.625,0,0,0,0,0,0,0,0
0.63,0,0,0,0,0,0,0,0
0.635,0,0,0,0,0,0,0,0
0.64,0,0,0,0,0,0,0,0
0.645,0,0,0,0,0,0,0,0
0.65,0,0,0,0,0,0,0,0
0.655,0,0,0,0,0,0,0,0
0.66,0,0,0,0,0,0,0,0
0.665,0,0,0,0,0,0,0,0
0.67,0,0,0,0,0,0,0,0
0.675,0,0,0,0,0,0,0,0
0.68,0,0,0,0,0,0,0,0
0.685,0,0,0,0,0,0,0,0
0.69,0,0,0,0,0,0,0,0
0.695,0,0,0,0,0,0,0,0
0.7,0,0,0,0,0,0,0,0
0.705,0,0,0,0,0,0,0,0
0.71,0,0,0,0,0,0,0,0
0.715,0,0,0,0,0,0,0,0
0.72,0,0,0,0,0,0,0,0
0.725,0,0,0,0,0,0,0,0
0.73,0,0,0,0,0,0,0,0
0.735,0,0,0,0,0,0,0,0
0.74,0,0,0,0,0,0,0,0
0.745,0,0,0,0,0,0,0,0
0.75,0,0,0,0,0,0,0,0
0.755,0,0,0,0,0,0,0,0
0.76,0,0,0,0,0,0,0,0
0.765,0,0,0,0,0,0,0,0
0.77,0,0,0,0,0,0,0,0
0.775,0,0,0,0,0,0,0,0
0.78,0,0,0,0,0,0,0,0
0.785,0,0,0,0,0,0,0,0
0.79,0,0,0,0,0,0,0,0
0.795,0,0,0,0,0,0,0,0
0.8,0,0,0,0,0,0,0,0
0.805,0,0,0,0,0,0,0,0
0.81,0,0,0,0,0,0,0,0
0.815,0,0,0,0,0,0,0,0
0.82,0,0,0,0,0,0,0,0
0.825,0,0,0,0,0,0,0,0
0.83,0,0,0,0,0,0,0,0
0.835,0,0,0,0,0,0,0,0
0.84,0,0,0,0,0,0,0,0
0.845,0,0,0,0,0,0,0,0
0.85,0,0,0,0,0,0,0,0
0.855,0,0,0,0,0,0,0,0
0.86,0,0,0,0,0,0,0,0
0.865,0,0,0,0,0,0,0,0
0.87,0,0,0,0,0,0,0,0
0.875,0,0,0,0,0,0,0,0
0.88,0,0,0,0,0,0,0,0
0.885,0,0,0,0,0,0,0,0
0.89,0,0,0,0,0,0,0,0
0.895,0,0,0,0,0,0,0,0
0.9,0,0,0,0,0,0,0,0
0.905,0,0,0,0,0,0,0,0
0.91,0,0,0,0,0,0,0,0
0.915,0,0,0,0,0,0,0,0
0.92,0,0,0,0,0,0,0,0
0.925,0,0,0,0,0,0,0,0
0.93,0,0,0,0,0,0,0,0
0.935,0,0,0,0,0,0,0,0
0.94,0,0,0,0,0,0,0,0
0.945,0,0,0,0,0,0,0,0
0.95,0,0,0,0,0,0,0,0
0.955,0,0,0,0,0,0,0,0
0.96,0,0,0,0,0,0,0,0
0.965,0,0,0,0,0,0,0,0
0.97,0,0,0,0,0,0,0,0
0.975,0,0,0,0,0,0,0,0
0.98,0,0,0,0,0,0,0,0
0.985,0,0,0,0,0,0,0,0
0.99,0,0,0,0,0,0,0,0
0.995,0,0,0,0,0,0,0,0
1,0,0,0,0,0,0,0,0
1.005,0,0,0,0,0,0,0,0
1.01,0,0,0,0,0,0,0,0
1.015,0,0,0,0,0,0,0,0
1.02,0,0,0,0,0,0,0,0
1.025,0,0,0,0,0,0,0,0
1.03,0,0,0,0,0,0,0,0
1.035,0,0,0,0,0,0,0,0
1.04,0,0,0,0,0,0,0,0
1.045,0,0,0,0,0,0,0,0
1.05,0,0,0,0,0,0,0,0
1.055,0,0,0,0,0,0,0,0
1.06,0,0,0,0,0,0,0,0
1.065,0,0,0,0,0,0,0,0
1.07,0,0,0,0,0,0,0,0
1.075,0,0,0,0,0,0,0,0
1.08,7.11083965e-08,0,0,4.261741892e-05,0,0,0.1863329926,0.1863329926
1.085,5.669675265e-07,0,0,0.0001697112276,0,0,0.3703513196,0.3703513196
1.09,1.907135446e-06,0,0,0.0003801543264,0,0,0.5520837342,0.5520837342
1.095,4.505570049e-06,0,0,0.0006728334937,0,0,0.7315586325,0.7315586325
1.1,8.770697229e-06,0,0,0.001046649122,0,0,0.9088040578,0.9088040578
1.105,1.510547753e-05,0,0,0.001500514965,0,0,1.083847705,1.083847705
1.11,2.390747452e-05,0,0,0.002033357876,0,0,1.256716925,1.256716925
1.115,3.556891709e-05,0,0,0.00264411757,0,0,1.427438729,1.427438729
1.12,5.047676461e-05,0,0,0.003331746384,0,0,1.596039793,1.596039793
1.125,6.901277007e-05,0,0,0.004095209037,0,0,1.762546461,1.762546461
1.13,9.155353883e-05,0,0,0.004933482406,0,0,1.92698475,1.92698475
1.135,0.0001184705926,0,0,0.0058455553,0,0,2.089380354,2.089380354
1.14,0.0001501304248,0,0,0.006830428248,0,0,2.249758647,2.249758647
1.145,0.0001868945611,0,0,0.007887113276,0,0,2.408144688,2.408144688
1.15,0.0002291196161,0,0,0.00901463371,0,0,2.564563227,2.564563227
1.155,0.0002771573473,0,0,0.01021202397,0,0,2.719038704,2.719038704
1.16,0.0003313547138,0,0,0.01147832936,0,0,2.871595255,2.871595255
1.165,0.0003920539255,0,0,0.0128126059,0,0,3.022256719,3.022256719
1.17,0.0004595925016,0,0,0.01421392011,0,0,3.171046635,3.171046635
1.175,0.0005343033169,0,0,0.01568134885,0,0,3.317988254,3.317988254
1.18,0.0006165146588,0,0,0.01721397912,0,0,3.463104534,3.463104534
1.185,0.0007065502718,0,0,0.01881090791,0,0,3.606418152,3.606418152
1.19,0.0008047294128,0,0,0.02047124198,0,0,3.747951498,3.747951498
1.195,0.000911366894,0,0,0.02219409776,0,0,3.88772669,3.88772669
1.2,0.001026773136,0,0,0.02397860113,0,0,4.025765566,4.025765566
1.205,0.001151254209,0,0,0.02582388728,0,0,4.162089695,4.162089695
1.21,0.001285111887,0,0,0.02772910058,0,0,4.296720379,4.296720379
1.215,0.001428643682,0,0,0.02969339437,0,0,4.429678654,4.429678654
1.22,0.001582142901,0,0,0.03171593088,0,0,4.560985295,4.560985295
1.225,0.00174589868,0,0,0.03379588104,0,0,4.690660818,4.690660818
1.23,0.001920196033,0,0,0.03593242432,0,0,4.818725486,4.818725486
1.235,0.002105315891,0,0,0.03812474867,0,0,4.945199309,4.945199309
1.24,0.002301535148,0,0,0.0403720503,0,0,5.07010205,5.07010205
1.245,0.002509126696,0,0,0.04267353362,0,0,5.193453223,5.193453223
1.25,0.002728359474,0,0,0.04502841103,0,0,5.315272104,5.315272104
1.255,0.002959498497,0,0,0.04743590288,0,0,5.435577726,5.435577726
1.26,0.003202804907,0,0,0.0498952373,0,0,5.554388887,5.554388887
1.265,0.003458536,0,0,0.05240565009,0,0,5.671724153,5.671724153
1.27,0.003726945277,0,0,0.05496638459,0,0,5.787601857,5.787601857
1.275,0.004008282467,0,0,0.0575766916,0,0,5.902040104,5.902040104
1.28,0.004302793577,0,0,0.06023582923,0,0,6.015056777,6.015056777
1.285,0.004610720919,0,0,0.06294306283,0,0,6.126669535,6.126669535
1.29,0.004932303152,0,0,0.06569766484,0,0,6.236895816,6.236895816
1.295,0.005267775314,0,0,0.06849891474,0,0,6.345752844,6.345752844
1.3,0.005617368855,0,0,0.0713460989,0,0,6.453257629,6.453257629
1.305,0.005981311681,0,0,0.07423851049,0,0,6.559426968,6.559426968
1.31,0.006359828172,0,0,0.07717544944,0,0,6.66427745,6.66427745
1.315,0.006753139232,0,0,0.08015622226,0,0,6.767825459,6.767825459
1.32,0.007161462306,0,0,0.08318014201,0,0,6.870087173,6.870087173
1.325,0.007585011428,0,0,0.08624652819,0,0,6.971078572,6.971078572
1.33,0.008023997242,0,0,0.08935470665,0,0,7.070815436,7.070815436
1.335,0.008478627035,0,0,0.09250400953,0,0,7.169313349,7.169313349
1.34,0.008949104775,0,0,0.09569377512,0,0,7.2665877,7.2665877
1.345,0.009435631131,0,0,0.09892334786,0,0,7.362653691,7.362653691
1.35,0.009938403516,0,0,0.1021920782,0,0,7.45752633,7.45752633
1.355,0.0104576161,0,0,0.1054993225,0,0,7.551220443,7.551220443
1.36,0.01099345987,0,0,0.1088444431,0,0,7.643750669,7.643750669
1.365,0.01154612261,0,0,0.112226808,0,0,7.735131466,7.735131466
1.37,0.01211578898,0,0,0.1156457911,0,0,7.825377112,7.825377112
1.375,0.01270264051,0,0,0.1191007718,0,0,7.914501709,7.914501709
1.38,0.01330685567,0,0,0.1225911351,0,0,8.002519182,8.002519182
1.385,0.01392860982,0,0,0.1261162718,0,0,8.089443285,8.089443285
1.39,0.01456807533,0,0,0.1296755778,0,0,8.175287599,8.175287599
1.395,0.01522542155,0,0,0.1332684546,0,0,8.260065538,8.260065538
1.4,0.01590081484,0,0,0.136894309,0,0,8.343790349,8.343790349
1.405,0.01659441862,0,0,0.1405525531,0,0,8.426475113,8.426475113
1.41,0.01730639338,0,0,0.1442426041,0,0,8.508132751,8.508132751
1.415,0.01803689671,0,0,0.1479638846,0,0,8.588776021,8.588776021
1.42,0.01878608332,0,0,0.1517158221,0,0,8.668417524,8.668417524
1.425,0.01955410508,0,0,0.1554978492,0,0,8.747069705,8.747069705
1.43,0.02034111103,0,0,0.1593094036,0,0,8.824744853,8.824744853
1.435,0.0211472474,0,0,0.1631499278,0,0,8.901455104,8.901455104
1.44,0.02197265767,0,0,0.1670188693,0,0,8.977212445,8.977212445
1.445,0.02281748255,0,0,0.1709156805,0,0,9.052028714,9.052028714
1.45,0.02368186002,0,0,0.1748398184,0,0,9.1259156,9.1259156
1.455,0.02456592538,0,0,0.178790745,0,0,9.198884648,9.198884648
1.46,0.02546981123,0,0,0.1827679268,0,0,9.270947261,9.270947261
1.465,0.02639364752,0,0,0.1867708351,0,0,9.342114697,9.342114697
1.47,0.02733756158,0,0,0.1907989458,0,0,9.412398077,9.412398077
1.475,0.02830167812,0,0,0.1948517394,0,0,9.481808382,9.481808382
1.48,0.02928611925,0,0,0.1989287008,0,0,9.55035646,9.55035646
1.485,0.03029100455,0,0,0.2030293197,0,0,9.618053019,9.618053019
1.49,0.03131645104,0,0,0.2071530899,0,0,9.684908638,9.684908638
1.495,0.0323625732,0,0,0.2112995098,0,0,9.750933763,9.750933763
1.5,0.03342948306,0,0,0.2154680822,0,0,9.816138711,9.816138711
1.505,0.03451729012,0,0,0.2196583143,0,0,9.880533671,9.880533671
1.51,0.03562610148,0,0,0.2238697175,0,0,9.944128703,9.944128703
1.515,0.03675602178,0,0,0.2281018075,0,0,10.00693374,10.00693374
1.52,0.03790715324,0,0,0.2323541043,0,0,10.06895861,10.06895861
1.525,0.0390795957,0,0,0.236626132,0,0,10.13021299,10.13021299
1.53,0.04027344665,0,0,0.2409174191,0,0,10.19070646,10.19070646
1.535,0.04148880122,0,0,0.245227498,0,0,10.25044846,10.25044846
1.54,0.04272575218,0,0,0.2495559053,0,0,10.30944834,10.30944834
1.545,0.04398439005,0,0,0.2539021819,0,0,10.3677153,10.3677153
1.55,0.04526480302,0,0,0.2582658724,0,0,10.42525847,10.42525847
1.555,0.04656707704,0,0,0.2626465257,0,0,10.48208682,10.48208682
1.56,0.0478912958,0,0,0.2670436946,0,0,10.53820924,10.53820924
1.565,0.04923754078,0,0,0.2714569358,0,0,10.5936345,10.5936345
1.57,0.05060589122,0,0,0.2758858103,0,0,10.64837125,10.64837125
1.575,0.05199642421,0,0,0.2803298825,0,0,10.70242805,10.70242805
1.58,0.05340921466,0,0,0.284788721,0,0,10.75581334,10.75581334
1.585,0.05484433532,0,0,0.2892618984,0,0,10.80853548,10.80853548
1.59,0.05630185683,0,0,0.2937489909,0,0,10.86060269,10.86060269
1.595,0.05778184772,0,0,0.2982495786,0,0,10.9120231,10.9120231
1.6,0.05928437442,0,0,0.3027632454,0,0,10.96280477,10.96280477
1.605,0.06080950128,0,0,0.3072895791,0,0,11.01295561,11.01295561
1.61,0.06235729063,0,0,0.3118281711,0,0,11.06248347,11.06248347
1.615,0.06392780275,0,0,0.3163786166,0,0,11.11139609,11.11139609
1.62,0.06552109589,0,0,0.3209405145,0,0,11.1597011,11.1597011
1.625,0.06713722632,0,0,0.3255134674,0,0,11.20740606,11.20740606
1.63,0.06877624833,0,0,0.3300970816,0,0,11.25451842,11.25451842
1.635,0.07043821426,0,0,0.334690967,0,0,11.30104554,11.30104554
1.64,0.07212317448,0,0,0.3392947373,0,0,11.34699469,11.34699469
1.645,0.07383117746,0,0,0.3439080096,0,0,11.39237305,11.39237305
1.65,0.07556226978,0,0,0.3485304046,0,0,11.43718771,11.43718771
1.655,0.07731649609,0,0,0.3531615467,0,0,11.48144568,11.48144568
1.66,0.0790938992,0,0,0.357801064,0,0,11.52515386,11.52515386
1.665,0.08089452007,0,0,0.3624485877,0,0,11.56831909,11.56831909
1.67,0.08271839782,0,0,0.3671037529,0,0,11.61094812,11.61094812
1.675,0.08456556973,0,0,0.3717661982,0,0,11.6530476,11.6530476
1.68,0.08643607133,0,0,0.3764355654,0,0,11.69462411,11.69462411
1.685,0.08832993633,0,0,0.3811115,0,0,11.73568415,11.73568415
1.69,0.0902471967,0,0,0.385793651,0,0,11.77623413,11.77623413
1.695,0.09218788262,0,0,0.3904816707,0,0,11.81628039,11.81628039
1.7,0.09415202261,0,0,0.3951752148,0,0,11.85582919,11.85582919
1.705,0.09613964341,0,0,0.3998739426,0,0,11.89488671,11.89488671
1.71,0.09815077011,0,0,0.4045775166,0,0,11.93345905,11.93345905
1.715,0.1001854261,0,0,0.4092856027,0,0,11.97155223,11.97155223
1.72,0.1022436331,0,0,0.4139978704,0,0,12.00917221,12.00917221
1.725,0.1043254112,0,0,0.4187139922,0,0,12.04632487,12.04632487
1.73,0.1064307789,0,0,0.4234336441,0,0,12.08301601,12.08301601
1.735,0.108559753,0,0,0.4281565054,0,0,12.11925137,12.11925137
1.74,0.1107123488,0,0,0.4328822588,0,0,12.1550366,12.1550366
1.745,0.1128885799,0,0,0.4376105902,0,0,12.19037731,12.19037731
1.75,0.1150884585,0,0,0.4423411886,0,0,12.225279,12.225279
1.755,0.117311995,0,0,0.4470737466,0,0,12.25974714,12.25974714
1.76,0.1195591987,0,0,0.4518079598,0,0,12.29378711,12.29378711
1.765,0.1218300769,0,0,0.4565435272,0,0,12.32740422,12.32740422
1.77,0.1241246357,0,0,0.4612801508,0,0,12.36060374,12.36060374
1.775,0.1264428797,0,0,0.4660175359,0,0,12.39339085,12.39339085
1.78,0.1287848119,0,0,0.4707553912,0,0,12.42577067,12.42577067
1.785,0.1311504339,0,0,0.4754934282,0,0,12.45774826,12.45774826
1.79,0.133539746,0,0,0.4802313618,0,0,12.48932862,12.48932862
1.795,0.1359527469,0,0,0.4849689101,0,0,12.52051668,12.52051668
1.8,0.138389434,0,0,0.4897057942,0,0,12.55131731,12.55131731
1.805,0.1408498032,0,0,0.4944417383,0,0,12.58173534,12.58173534
1.81,0.1433338493,0,0,0.4991764698,0,0,12.6117755,12.6117755
1.815,0.1458415655,0,0,0.5039097191,0,0,12.64144251,12.64144251
1.82,0.1483729436,0,0,0.5086412199,0,0,12.67074098,12.67074098
1.825,0.1509279743,0,0,0.5133707086,0,0,12.6996755,12.6996755
1.83,0.1535066469,0,0,0.5180979251,0,0,12.72825059,12.72825059
1.835,0.1561089494,0,0,0.5228226119,0,0,12.75647071,12.75647071
1.84,0.1587348684,0,0,0.5275445149,0,0,12.78434028,12.78434028
1.845,0.1613843894,0,0,0.5322633827,0,0,12.81186365,12.81186365
1.85,0.1640574967,0,0,0.5369789672,0,0,12.83904511,12.83904511
1.855,0.1667541732,0,0,0.541691023,0,0,12.86588893,12.86588893
1.86,0.1694744007,0,0,0.546399308,0,0,12.89239928,12.89239928
1.865,0.1722181596,0,0,0.5511035827,0,0,12.91858032,12.91858032
1.87,0.1749854294,0,0,0.5558036108,0,0,12.94443613,12.94443613
1.875,0.1777761883,0,0,0.5604991589,0,0,12.96997075,12.96997075
1.88,0.1805904132,0,0,0.5651899965,0,0,12.99518818,12.99518818
1.885,0.18342808,0,0,0.5698758959,0,0,13.02009235,13.02009235
1.89,0.1862891635,0,0,0.5745566324,0,0,13.04468716,13.04468716
1.895,0.1891736374,0,0,0.5792319843,0,0,13.06897645,13.06897645
1.9,0.192081474,0,0,0.5839017325,0,0,13.09296401,13.09296401
1.905,0.195012645,0,0,0.588565661,0,0,13.11665359,13.11665359
1.91,0.1979671206,0,0,0.5932235565,0,0,13.14004889,13.14004889
1.915,0.2009448701,0,0,0.5978752086,0,0,13.16315358,13.16315358
1.92,0.2039458619,0,0,0.6025204095,0,0,13.18597125,13.18597125
1.925,0.2069700631,0,0,0.6071589546,0,0,13.20850548,13.20850548
1.93,0.21001744,0,0,0.6117906418,0,0,13.23075978,13.23075978
1.935,0.2130879578,0,0,0.6164152718,0,0,13.25273763,13.25273763
1.94,0.2161815807,0,0,0.6210326482,0,0,13.27444247,13.27444247
1.945,0.2192982719,0,0,0.625642577,0,0,13.29587769,13.29587769
1.95,0.2224379937,0,0,0.6302448675,0,0,13.31704664,13.31704664
1.955,0.2256007075,0,0,0.6348393311,0,0,13.33795262,13.33795262
1.96,0.2287863737,0,0,0.6394257824,0,0,13.35859891,13.35859891
1.965,0.2319949517,0,0,0.6440040383,0,0,13.37898872,13.37898872
1.97,0.2352264001,0,0,0.6485739187,0,0,13.39912525,13.39912525
1.975,0.2384806766,0,0,0.653135246,0,0,13.41901163,13.41901163
1.98,0.241757738,0,0,0.6576878453,0,0,13.43865098,13.43865098
1.985,0.2450575402,0,0,0.6622315441,0,0,13.45804637,13.45804637
1.99,0.2483800383,0,0,0.6667661729,0,0,13.47720083,13.47720083
1.995,0.2517251865,0,0,0.6712915645,0,0,13.49611734,13.49611734
2,0.2550929383,0,0,0.6758075544,0,0,13.51479887,13.51479887
2.005,0.2584832461,0,0,0.6803139808,0,0,13.53324834,13.53324834
2.01,0.2618960619,0,0,0.6848106842,0,0,13.55146862,13.55146862
2.015,0.2653313365,0,0,0.6892975078,0,0,13.56946257,13.56946257
2.02,0.2687890202,0,0,0.6937742974,0,0,13.58723299,13.58723299
2.025,0.2722690625,0,0,0.6982409011,0,0,13.60478266,13.60478266
2.03,0.275771412,0,0,0.7026971696,0,0,13.62211433,13.62211433
2.035,0.2792960167,0,0,0.7071429561,0,0,13.6392307,13.6392307
2.04,0.2828428239,0,0,0.7115781164,0,0,13.65613445,13.65613445
2.045,0.28641178,0,0,0.7160025084,0,0,13.67282821,13.67282821
2.05,0.2900028308,0,0,0.7204159929,0,0,13.68931461,13.68931461
2.055,0.2936159215,0,0,0.7248184327,0,0,13.7055962,13.7055962
2.06,0.2972509965,0,0,0.7292096932,0,0,13.72167554,13.72167554
2.065,0.3009079996,0,0,0.7335896422,0,0,13.73755515,13.73755515
2.07,0.3045868738,0,0,0.7379581499,0,0,13.75323749,13.75323749
2.075,0.3082875618,0,0,0.7423150887,0,0,13.76872502,13.76872502
2.08,0.3120100052,0,0,0.7466603336,0,0,13.78402016,13.78402016
2.085,0.3157541454,0,0,0.7509937616,0,0,13.79912531,13.79912531
2.09,0.319519923,0,0,0.7553152524,0,0,13.81404281,13.81404281
2.095,0.3233072779,0,0,0.7596246876,0,0,13.82877501,13.82877501
2.1,0.3271161495,0,0,0.7639219514,0,0,13.8433242,13.8433242
2.105,0.3309464769,0,0,0.76820693,0,0,13.85769266,13.85769266
2.11,0.3347981982,0,0,0.7724795122,0,0,13.87188263,13.87188263
2.115,0.3386712512,0,0,0.7767395886,0,0,13.88589633,13.88589633
2.12,0.342565573,0,0,0.7809870524,0,0,13.89973594,13.89973594
2.125,0.3464811005,0,0,0.7852217988,0,0,13.91340364,13.91340364
2.13,0.3504177697,0,0,0.7894437252,0,0,13.92690156,13.92690156
2.135,0.3543755162,0,0,0.7936527311,0,0,13.9402318,13.9402318
2.14,0.3583542753,0,0,0.7978487184,0,0,13.95339646,13.95339646
2.145,0.3623539815,0,0,0.8020315909,0,0,13.96639757,13.96639757
2.15,0.3663745692,0,0,0.8062012546,0,0,13.97923719,13.97923719
2.155,0.3704159719,0,0,0.8103576175,0,0,13.99191731,13.99191731
2.16,0.374478123,0,0,0.81450059,0,0,14.00443991,14.00443991
2.165,0.3785609554,0,0,0.8186300842,0,0,14.01680696,14.01680696
2.17,0.3826644013,0,0,0.8227460145,0,0,14.02902038,14.02902038
2.175,0.3867883928,0,0,0.8268482972,0,0,14.04108208,14.04108208
2.18,0.3909328614,0,0,0.8309368506,0,0,14.05299395,14.05299395
2.185,0.3950977382,0,0,0.8350115952,0,0,14.06475785,14.06475785
2.19,0.3992829542,0,0,0.8390724532,0,0,14.07637561,14.07637561
2.195,0.4034884395,0,0,0.8431193491,0,0,14.08784906,14.08784906
2.2,0.4077141243,0,0,0.847152209,0,0,14.09917998,14.09917998
2.205,0.4119599381,0,0,0.8511709613,0,0,14.11037015,14.11037015
2.21,0.4162258102,0,0,0.855175536,0,0,14.12142131,14.12142131
2.215,0.4205116697,0,0,0.8591658652,0,0,14.13233519,14.13233519
2.22,0.424817445,0,0,0.8631418828,0,0,14.14311349,14.14311349
2.225,0.4291430646,0,0,0.8671035246,0,0,14.15375791,14.15375791
2.23,0.4334884562,0,0,0.8710507283,0,0,14.1642701,14.1642701
2.235,0.4378535477,0,0,0.8749834334,0,0,14.1746517,14.1746517
2.24,0.4422382663,0,0,0.878901581,0,0,14.18490434,14.18490434
2.245,0.4466425391,0,0,0.8828051144,0,0,14.19502962,14.19502962
2.25,0.451066293,0,0,0.8866939785,0,0,14.20502912,14.20502912
2.255,0.4555094544,0,0,0.8905681199,0,0,14.21490441,14.21490441
2.26,0.4599719496,0,0,0.894427487,0,0,14.22465702,14.22465702
2.265,0.4644537046,0,0,0.89827203,0,0,14.23428849,14.23428849
2.27,0.4689546451,0,0,0.9021017007,0,0,14.24380031,14.24380031
2.275,0.4734746967,0,0,0.9059164527,0,0,14.25319397,14.25319397
2.28,0.4780137847,0,0,0.9097162413,0,0,14.26247095,14.26247095
2.285,0.4825718341,0,0,0.9135010233,0,0,14.27163268,14.27163268
2.29,0.4871487698,0,0,0.9172707574,0,0,14.28068061,14.28068061
2.295,0.4917445165,0,0,0.9210254038,0,0,14.28961613,14.28961613
2.3,0.4963589987,0,0,0.9247649243,0,0,14.29844066,14.29844066
2.305,0.5009921405,0,0,0.9284892823,0,0,14.30715557,14.30715557
2.31,0.5056438661,0,0,0.9321984428,0,0,14.31576223,14.31576223
2.315,0.5103140995,0,0,0.9358923725,0,0,14.32426196,14.32426196
2.32,0.5150027644,0,0,0.9395710394,0,0,14.33265612,14.33265612
2.325,0.5197097844,0,0,0.9432344132,0,0,14.340946,14.340946
2.33,0.524435083,0,0,0.946882465,0,0,14.3491329,14.3491329
2.335,0.5291785835,0,0,0.9505151677,0,0,14.3572181,14.3572181
2.34,0.5339402091,0,0,0.9541324954,0,0,14.36520286,14.36520286
2.345,0.5387198828,0,0,0.9577344236,0,0,14.37308844,14.37308844
2.35,0.5435175276,0,0,0.9613209295,0,0,14.38087606,14.38087606
2.355,0.5483330664,0,0,0.9648919916,0,0,14.38856694,14.38856694
2.36,0.5531664218,0,0,0.9684475899,0,0,14.39616228,14.39616228
2.365,0.5580175164,0,0,0.9719877056,0,0,14.40366328,14.40366328
2.37,0.562886273,0,0,0.9755123216,0,0,14.41107109,14.41107109
2.375,0.5677726138,0,0,0.979021422,0,0,14.41838688,14.41838688
2.38,0.5726764613,0,0,0.9825149922,0,0,14.4256118,14.4256118
2.385,0.5775977378,0,0,0.985993019,0,0,14.43274696,14.43274696
2.39,0.5825363656,0,0,0.9894554905,0,0,14.43979349,14.43979349
2.395,0.5874922668,0,0,0.9929023962,0,0,14.44675249,14.44675249
2.4,0.5924653636,0,0,0.9963337268,0,0,14.45362504,14.45362504
2.405,0.5974555781,0,0,0.9997494742,0,0,14.46041222,14.46041222
2.41,0.6024628323,0,0,1.003149632,0,0,14.46711509,14.46711509
2.415,0.6074870484,0,0,1.006534194,0,0,14.47373469,14.47373469
2.42,0.6125281483,0,0,1.009903156,0,0,14.48027206,14.48027206
2.425,0.617586054,0,0,1.013256516,0,0,14.48672823,14.48672823
2.43,0.6226606874,0,0,1.016594271,0,0,14.49310419,14.49310419
2.435,0.6277519707,0,0,1.019916421,0,0,14.49940095,14.49940095
2.44,0.6328598256,0,0,1.023222966,0,0,14.50561949,14.50561949
2.445,0.6379841743,0,0,1.026513908,0,0,14.51176079,14.51176079
2.45,0.6431249387,0,0,1.02978925,0,0,14.51782579,14.51782579
2.455,0.6482820408,0,0,1.033048994,0,0,14.52381545,14.52381545
2.46,0.6534554027,0,0,1.036293148,0,0,14.52973071,14.52973071
2.465,0.6586449463,0,0,1.039521715,0,0,14.53557249,14.53557249
2.47,0.6638505939,0,0,1.042734705,0,0,14.5413417,14.5413417
2.475,0.6690722674,0,0,1.045932124,0,0,14.54703925,14.54703925
2.48,0.6743098892,0,0,1.049113982,0,0,14.55266602,14.55266602
2.485,0.6795633813,0,0,1.052280289,0,0,14.55822289,14.55822289
2.49,0.6848326662,0,0,1.055431057,0,0,14.56371073,14.56371073
2.495,0.690117666,0,0,1.058566298,0,0,14.56913041,14.56913041
2.5,0.6954183033,0,0,1.061686025,0,0,14.57448275,14.57448275
2.505,0.7007345004,0,0,1.064790252,0,0,14.57976861,14.57976861
2.51,0.70606618,0,0,1.067878995,0,0,14.58498881,14.58498881
2.515,0.7114132646,0,0,1.07095227,0,0,14.59014416,14.59014416
2.52,0.716775677,0,0,1.074010093,0,0,14.59523547,14.59523547
2.525,0.7221533398,0,0,1.077052483,0,0,14.60026354,14.60026354
2.53,0.7275461761,0,0,1.080079459,0,0,14.60522915,14.60522915
2.535,0.7329541088,0,0,1.08309104,0,0,14.61013307,14.61013307
2.54,0.7383770609,0,0,1.086087247,0,0,14.61497607,14.61497607
2.545,0.7438149556,0,0,1.089068101,0,0,14.61975892,14.61975892
2.55,0.7492677163,0,0,1.092033625,0,0,14.62448235,14.62448235
2.555,0.7547352664,0,0,1.094983842,0,0,14.6291471,14.6291471
2.56,0.7602175293,0,0,1.097918776,0,0,14.63375391,14.63375391
2.565,0.7657144287,0,0,1.100838452,0,0,14.63830349,14.63830349
2.57,0.7712258884,0,0,1.103742894,0,0,14.64279656,14.64279656
2.575,0.7767518323,0,0,1.106632131,0,0,14.64723381,14.64723381
2.58,0.7822921844,0,0,1.109506188,0,0,14.65161594,14.65161594
2.585,0.7878468689,0,0,1.112365093,0,0,14.65594364,14.65594364
2.59,0.7934158101,0,0,1.115208876,0,0,14.66021758,14.66021758
2.595,0.7989989325,0,0,1.118037565,0,0,14.66443842,14.66443842
2.6,0.8045961607,0,0,1.12085119,0,0,14.66860683,14.66860683
2.605,0.8102074194,0,0,1.123649783,0,0,14.67272347,14.67272347
2.61,0.8158326335,0,0,1.126433374,0,0,14.67678896,14.67678896
2.615,0.8214717282,0,0,1.129201996,0,0,14.68080395,14.68080395
2.62,0.8271246286,0,0,1.131955681,0,0,14.68476907,14.68476907
2.625,0.8327912601,0,0,1.134694463,0,0,14.68868493,14.68868493
2.63,0.8384715484,0,0,1.137418376,0,0,14.69255215,14.69255215
2.635,0.8441654192,0,0,1.140127455,0,0,14.69637133,14.69637133
2.64,0.8498727983,0,0,1.142821734,0,0,14.70014306,14.70014306
2.645,0.8555936119,0,0,1.145501249,0,0,14.70386795,14.70386795
2.65,0.8613277863,0,0,1.148166038,0,0,14.70754656,14.70754656
2.655,0.8670752478,0,0,1.150816137,0,0,14.71117947,14.71117947
2.66,0.8728359232,0,0,1.153451583,0,0,14.71476726,14.71476726
2.665,0.8786097393,0,0,1.156072416,0,0,14.71831048,14.71831048
2.67,0.8843966231,0,0,1.158678673,0,0,14.72180968,14.72180968
2.675,0.8901965018,0,0,1.161270393,0,0,14.72526542,14.72526542
2.68,0.8960093028,0,0,1.163847617,0,0,14.72867822,14.72867822
2.685,0.9018349539,0,0,1.166410385,0,0,14.73204864,14.73204864
2.69,0.9076733827,0,0,1.168958738,0,0,14.73537718,14.73537718
2.695,0.9135245173,0,0,1.171492716,0,0,14.73866438,14.73866438
2.7,0.9193882859,0,0,1.174012362,0,0,14.74191074,14.74191074
2.705,0.9252646171,0,0,1.176517717,0,0,14.74511678,14.74511678
2.71,0.9311534394,0,0,1.179008825,0,0,14.74828299,14.74828299
2.715,0.9370546817,0,0,1.181485728,0,0,14.75140987,14.75140987
2.72,0.9429682731,0,0,1.183948471,0,0,14.75449791,14.75449791
2.725,0.9488941428,0,0,1.186397096,0,0,14.75754758,14.75754758
2.73,0.9548322206,0,0,1.188831648,0,0,14.76055937,14.76055937
2.735,0.9607824359,0,0,1.191252172,0,0,14.76353375,14.76353375
2.74,0.966744719,0,0,1.193658714,0,0,14.76647118,14.76647118
2.745,0.9727189999,0,0,1.196051318,0,0,14.76937213,14.76937213
2.75,0.978705209,0,0,1.198430031,0,0,14.77223703,14.77223703
2.755,0.9847032771,0,0,1.200794899,0,0,14.77506635,14.77506635
2.76,0.990713135,0,0,1.203145969,0,0,14.77786052,14.77786052
2.765,0.9967347139,0,0,1.205483287,0,0,14.78061998,14.78061998
2.77,1.002767945,0,0,1.207806901,0,0,14.78334516,14.78334516
2.775,1.00881276,0,0,1.210116859,0,0,14.78603649,14.78603649
2.78,1.014869091,0,0,1.212413209,0,0,14.78869439,14.78869439
2.785,1.02093687,0,0,1.214695998,0,0,14.79131927,14.79131927
2.79,1.027016028,0,0,1.216965275,0,0,14.79391154,14.79391154
2.795,1.0331065,0,0,1.21922109,0,0,14.79647161,14.79647161
2.8,1.039208217,0,0,1.221463492,0,0,14.79899988,14.79899988
2.805,1.045321113,0,0,1.223692529,0,0,14.80149675,14.80149675
2.81,1.05144512,0,0,1.225908253,0,0,14.8039626,14.8039626
2.815,1.057580173,0,0,1.228110711,0,0,14.80639781,14.80639781
2.82,1.063726205,0,0,1.230299956,0,0,14.80880278,14.80880278
2.825,1.069883151,0,0,1.232476037,0,0,14.81117787,14.81117787
2.83,1.076050944,0,0,1.234639005,0,0,14.81352345,14.81352345
2.835,1.082229519,0,0,1.236788911,0,0,14.8158399,14.8158399
2.84,1.088418811,0,0,1.238925805,0,0,14.81812757,14.81812757
2.845,1.094618755,0,0,1.241049741,0,0,14.82038683,14.82038683
2.85,1.100829287,0,0,1.243160768,0,0,14.82261802,14.82261802
2.855,1.107050342,0,0,1.245258939,0,0,14.8248215,14.8248215
2.86,1.113281855,0,0,1.247344305,0,0,14.8269976,14.8269976
2.865,1.119523763,0,0,1.24941692,0,0,14.82914667,14.82914667
2.87,1.125776003,0,0,1.251476834,0,0,14.83126904,14.83126904
2.875,1.132038511,0,0,1.253524101,0,0,14.83336505,14.83336505
2.88,1.138311223,0,0,1.255558772,0,0,14.83543502,14.83543502
2.885,1.144594077,0,0,1.257580902,0,0,14.83747928,14.83747928
2.89,1.150887011,0,0,1.259590542,0,0,14.83949815,14.83949815
2.895,1.157189962,0,0,1.261587747,0,0,14.84149193,14.84149193
2.9,1.163502868,0,0,1.263572568,0,0,14.84346095,14.84346095
2.905,1.169825667,0,0,1.265545059,0,0,14.84540551,14.84540551
2.91,1.176158298,0,0,1.267505274,0,0,14.84732592,14.84732592
2.915,1.1825007,0,0,1.269453266,0,0,14.84922246,14.84922246
2.92,1.188852811,0,0,1.271389089,0,0,14.85109545,14.85109545
2.925,1.19521457,0,0,1.273312797,0,0,14.85294517,14.85294517
2.93,1.201585918,0,0,1.275224442,0,0,14.85477192,14.85477192
2.935,1.207966795,0,0,1.27712408,0,0,14.85657597,14.85657597
2.94,1.214357139,0,0,1.279011765,0,0,14.85835761,14.85835761
2.945,1.220756893,0,0,1.280887549,0,0,14.86011712,14.86011712
2.95,1.227165995,0,0,1.282751488,0,0,14.86185478,14.86185478
2.955,1.233584388,0,0,1.284603636,0,0,14.86357084,14.86357084
2.96,1.240012012,0,0,1.286444046,0,0,14.86526559,14.86526559
2.965,1.246448809,0,0,1.288272774,0,0,14.86693929,14.86693929
2.97,1.25289472,0,0,1.290089872,0,0,14.8685922,14.8685922
2.975,1.259349688,0,0,1.291895397,0,0,14.87022457,14.87022457
2.98,1.265813655,0,0,1.293689402,0,0,14.87183667,14.87183667
2.985,1.272286563,0,0,1.295471942,0,0,14.87342874,14.87342874
2.99,1.278768355,0,0,1.297243071,0,0,14.87500103,14.87500103
2.995,1.285258975,0,0,1.299002843,0,0,14.87655379,14.87655379
3,1.291758365,0,0,1.300751314,0,0,14.87808727,14.87808727
3.005,1.298266469,0,0,1.302488537,0,0,14.87960169,14.87960169
3.01,1.304783232,0,0,1.304214567,0,0,14.8810973,14.8810973
3.015,1.311308596,0,0,1.305929459,0,0,14.88257434,14.88257434
3.02,1.317842508,0,0,1.307633267,0,0,14.88403302,14.88403302
3.025,1.324384911,0,0,1.309326046,0,0,14.88547359,14.88547359
3.03,1.33093575,0,0,1.31100785,0,0,14.88689626,14.88689626
3.035,1.337494971,0,0,1.312678733,0,0,14.88830125,14.88830125
3.04,1.344062519,0,0,1.314338751,0,0,14.8896888,14.8896888
3.045,1.350638341,0,0,1.315987956,0,0,14.89105911,14.89105911
3.05,1.357222381,0,0,1.317626405,0,0,14.89241239,14.89241239
3.055,1.363814587,0,0,1.319254151,0,0,14.89374887,14.89374887
3.06,1.370414905,0,0,1.320871248,0,0,14.89506874,14.89506874
3.065,1.377023282,0,0,1.32247775,0,0,14.89637222,14.89637222
3.07,1.383639665,0,0,1.324073713,0,0,14.8976595,14.8976595
3.075,1.390264001,0,0,1.325659189,0,0,14.89893079,14.89893079
3.08,1.396896239,0,0,1.327234234,0,0,14.9001863,14.9001863
3.085,1.403536326,0,0,1.328798901,0,0,14.9014262,14.9014262
3.09,1.410184211,0,0,1.330353244,0,0,14.90265071,14.90265071
3.095,1.416839842,0,0,1.331897317,0,0,14.90386,14.90386
3.1,1.423503167,0,0,1.333431173,0,0,14.90505427,14.90505427
3.105,1.430174136,0,0,1.334954867,0,0,14.9062337,14.9062337
3.11,1.436852699,0,0,1.336468453,0,0,14.90739849,14.90739849
3.115,1.443538804,0,0,1.337971983,0,0,14.9085488,14.9085488
3.12,1.450232402,0,0,1.339465511,0,0,14.90968483,14.90968483
3.125,1.456933443,0,0,1.340949091,0,0,14.91080674,14.91080674
3.13,1.463641876,0,0,1.342422777,0,0,14.91191472,14.91191472
3.135,1.470357654,0,0,1.34388662,0,0,14.91300893,14.91300893
3.14,1.477080726,0,0,1.345340675,0,0,14.91408955,14.91408955
3.145,1.483811045,0,0,1.346784995,0,0,14.91515675,14.91515675
3.15,1.49054856,0,0,1.348219631,0,0,14.91621069,14.91621069
3.155,1.497293225,0,0,1.349644638,0,0,14.91725153,14.91725153
3.16,1.504044991,0,0,1.351060068,0,0,14.91827945,14.91827945
3.165,1.51080381,0,0,1.352465973,0,0,14.9192946,14.9192946
3.17,1.517569634,0,0,1.353862407,0,0,14.92029714,14.92029714
3.175,1.524342418,0,0,1.35524942,0,0,14.92128722,14.92128722
3.18,1.531122113,0,0,1.356627066,0,0,14.92226501,14.92226501
3.185,1.537908673,0,0,1.357995397,0,0,14.92323065,14.92323065
3.19,1.544702052,0,0,1.359354465,0,0,14.92418429,14.92418429
3.195,1.551502202,0,0,1.360704321,0,0,14.92512609,14.92512609
3.2,1.55830908,0,0,1.362045017,0,0,14.92605619,14.92605619
3.205,1.565122637,0,0,1.363376606,0,0,14.92697473,14.92697473
3.21,1.571942831,0,0,1.364699137,0,0,14.92788187,14.92788187
3.215,1.578769614,0,0,1.366012664,0,0,14.92877773,14.92877773
3.22,1.585602942,0,0,1.367317236,0,0,14.92966247,14.92966247
3.225,1.592442771,0,0,1.368612905,0,0,14.93053622,14.93053622
3.23,1.599289057,0,0,1.369899723,0,0,14.93139911,14.93139911
3.235,1.606141754,0,0,1.371177738,0,0,14.93225129,14.93225129
3.24,1.613000819,0,0,1.372447003,0,0,14.93309287,14.93309287
3.245,1.619866209,0,0,1.373707568,0,0,14.93392401,14.93392401
3.25,1.626737881,0,0,1.374959482,0,0,14.93474482,14.93474482
3.255,1.63361579,0,0,1.376202797,0,0,14.93555543,14.93555543
3.26,1.640499894,0,0,1.377437562,0,0,14.93635597,14.93635597
3.265,1.647390151,0,0,1.378663827,0,0,14.93714657,14.93714657
3.27,1.654286519,0,0,1.379881642,0,0,14.93792735,14.93792735
3.275,1.661188954,0,0,1.381091056,0,0,14.93869843,14.93869843
3.28,1.668097415,0,0,1.382292118,0,0,14.93945993,14.93945993
3.285,1.675011861,0,0,1.383484879,0,0,14.94021197,14.94021197
3.29,1.68193225,0,0,1.384669386,0,0,14.94095467,14.94095467
3.295,1.688858541,0,0,1.385845689,0,0,14.94168814,14.94168814
3.3,1.695790693,0,0,1.387013836,0,0,14.9424125,14.9424125
3.305,1.702728666,0,0,1.388173877,0,0,14.94312787,14.94312787
3.31,1.709672419,0,0,1.389325858,0,0,14.94383434,14.94383434
3.315,1.716621911,0,0,1.39046983,0,0,14.94453204,14.94453204
3.32,1.723577104,0,0,1.391605839,0,0,14.94522108,14.94522108
3.325,1.730537957,0,0,1.392733933,0,0,14.94590155,14.94590155
3.33,1.73750443,0,0,1.39385416,0,0,14.94657357,14.94657357
3.335,1.744476485,0,0,1.394966568,0,0,14.94723725,14.94723725
3.34,1.751454083,0,0,1.396071204,0,0,14.94789268,14.94789268
3.345,1.758437184,0,0,1.397168114,0,0,14.94853997,14.94853997
3.35,1.765425751,0,0,1.398257347,0,0,14.94917921,14.94917921
3.355,1.772419745,0,0,1.399338949,0,0,14.94981052,14.94981052
3.36,1.779419128,0,0,1.400412965,0,0,14.95043398,14.95043398
3.365,1.786423862,0,0,1.401479444,0,0,14.9510497,14.9510497
3.37,1.79343391,0,0,1.402538431,0,0,14.95165777,14.95165777
3.375,1.800449234,0,0,1.403589971,0,0,14.95225829,14.95225829
3.38,1.807469797,0,0,1.404634112,0,0,14.95285135,14.95285135
3.385,1.814495563,0,0,1.405670898,0,0,14.95343704,14.95343704
3.39,1.821526494,0,0,1.406700375,0,0,14.95401545,14.95401545
3.395,1.828562555,0,0,1.407722589,0,0,14.95458668,14.95458668
3.4,1.835603708,0,0,1.408737584,0,0,14.95515081,14.95515081
3.405,1.842649918,0,0,1.409745406,0,0,14.95570794,14.95570794
3.41,1.84970115,0,0,1.410746098,0,0,14.95625814,14.95625814
3.415,1.856757368,0,0,1.411739706,0,0,14.95680151,14.95680151
3.42,1.863818535,0,0,1.412726275,0,0,14.95733813,14.95733813
3.425,1.870884619,0,0,1.413705847,0,0,14.95786809,14.95786809
3.43,1.877955582,0,0,1.414678468,0,0,14.95839146,14.95839146
3.435,1.885031392,0,0,1.41564418,0,0,14.95890833,14.95890833
3.44,1.892112013,0,0,1.416603028,0,0,14.95941878,14.95941878
3.445,1.899197411,0,0,1.417555055,0,0,14.95992288,14.95992288
3.45,1.906287552,0,0,1.418500304,0,0,14.96042073,14.96042073
3.455,1.913382403,0,0,1.419438818,0,0,14.96091239,14.96091239
3.46,1.920481929,0,0,1.420370639,0,0,14.96139795,14.96139795
3.465,1.927586098,0,0,1.421295812,0,0,14.96187747,14.96187747
3.47,1.934694876,0,0,1.422214377,0,0,14.96235103,14.96235103
3.475,1.941808231,0,0,1.423126377,0,0,14.96281872,14.96281872
3.48,1.948926129,0,0,1.424031854,0,0,14.96328059,14.96328059
3.485,1.956048538,0,0,1.42493085,0,0,14.96373673,14.96373673
3.49,1.963175427,0,0,1.425823407,0,0,14.9641872,14.9641872
3.495,1.970306762,0,0,1.426709566,0,0,14.96463207,14.96463207
3.5,1.977442512,0,0,1.427589368,0,0,14.96507142,14.96507142
3.505,1.984582645,0,0,1.428462854,0,0,14.96550531,14.96550531
3.51,1.99172713,0,0,1.429330065,0,0,14.96593381,14.96593381
3.515,1.998875935,0,0,1.430191043,0,0,14.96635698,14.96635698
3.52,2.00602903,0,0,1.431045826,0,0,14.9667749,14.9667749
3.525,2.013186383,0,0,1.431894455,0,0,14.96718763,14.96718763
3.53,2.020347964,0,0,1.432736972,0,0,14.96759523,14.96759523
3.535,2.027513743,0,0,1.433573414,0,0,14.96799777,14.96799777
3.54,2.034683688,0,0,1.434403822,0,0,14.96839531,14.96839531
3.545,2.041857771,0,0,1.435228236,0,0,14.96878791,14.96878791
3.55,2.049035961,0,0,1.436046695,0,0,14.96917563,14.96917563
3.555,2.056218228,0,0,1.436859237,0,0,14.96955854,14.96955854
3.56,2.063404543,0,0,1.437665902,0,0,14.96993669,14.96993669
3.565,2.070594877,0,0,1.438466728,0,0,14.97031014,14.97031014
3.57,2.077789201,0,0,1.439261754,0,0,14.97067896,14.97067896
3.575,2.084987485,0,0,1.440051018,0,0,14.97104319,14.97104319
3.58,2.092189702,0,0,1.440834558,0,0,14.9714029,14.9714029
3.585,2.099395822,0,0,1.441612412,0,0,14.97175813,14.97175813
3.59,2.106605816,0,0,1.442384618,0,0,14.97210896,14.97210896
3.595,2.113819658,0,0,1.443151213,0,0,14.97245543,14.97245543
3.6,2.121037319,0,0,1.443912234,0,0,14.97279759,14.97279759
3.605,2.128258771,0,0,1.444667718,0,0,14.97313551,14.97313551
3.61,2.135483987,0,0,1.445417703,0,0,14.97346922,14.97346922
3.615,2.142712939,0,0,1.446162226,0,0,14.97379879,14.97379879
3.62,2.149945601,0,0,1.446901321,0,0,14.97412427,14.97412427
3.625,2.157181944,0,0,1.447635027,0,0,14.9744457,14.9744457
3.63,2.164421942,0,0,1.448363379,0,0,14.97476314,14.97476314
3.635,2.171665569,0,0,1.449086413,0,0,14.97507664,14.97507664
3.64,2.178912797,0,0,1.449804164,0,0,14.97538624,14.97538624
3.645,2.186163601,0,0,1.450516669,0,0,14.975692,14.975692
3.65,2.193417955,0,0,1.451223962,0,0,14.97599396,14.97599396
3.655,2.200675832,0,0,1.451926079,0,0,14.97629217,14.97629217
3.66,2.207937207,0,0,1.452623054,0,0,14.97658667,14.97658667
3.665,2.215202054,0,0,1.453314923,0,0,14.97687752,14.97687752
3.67,2.222470348,0,0,1.45400172,0,0,14.97716475,14.97716475
3.675,2.229742063,0,0,1.454683479,0,0,14.97744841,14.97744841
3.68,2.237017175,0,0,1.455360235,0,0,14.97772855,14.97772855
3.685,2.244295657,0,0,1.456032021,0,0,14.97800521,14.97800521
3.69,2.251577487,0,0,1.456698871,0,0,14.97827844,14.97827844
3.695,2.258862638,0,0,1.45736082,0,0,14.97854827,14.97854827
3.7,2.266151087,0,0,1.4580179,0,0,14.97881474,14.97881474
3.705,2.273442809,0,0,1.458670144,0,0,14.97907791,14.97907791
3.71,2.28073778,0,0,1.459317586,0,0,14.97933781,14.97933781
3.715,2.288035977,0,0,1.459960259,0,0,14.97959448,14.97959448
3.72,2.295337375,0,0,1.460598194,0,0,14.97984796,14.97984796
3.725,2.302641951,0,0,1.461231426,0,0,14.98009829,14.98009829
3.73,2.309949681,0,0,1.461859985,0,0,14.98034552,14.98034552
3.735,2.317260543,0,0,1.462483904,0,0,14.98058967,14.98058967
3.74,2.324574513,0,0,1.463103216,0,0,14.98083079,14.98083079
3.745,2.331891567,0,0,1.463717951,0,0,14.98106891,14.98106891
3.75,2.339211685,0,0,1.464328141,0,0,14.98130408,14.98130408
3.755,2.346534841,0,0,1.464933818,0,0,14.98153632,14.98153632
3.76,2.353861015,0,0,1.465535013,0,0,14.98176568,14.98176568
3.765,2.361190184,0,0,1.466131757,0,0,14.98199219,14.98199219
3.77,2.368522325,0,0,1.46672408,0,0,14.98221589,14.98221589
3.775,2.375857418,0,0,1.467312013,0,0,14.98243681,14.98243681
3.78,2.383195438,0,0,1.467895588,0,0,14.98265498,14.98265498
3.785,2.390536366,0,0,1.468474833,0,0,14.98287044,14.98287044
3.79,2.39788018,0,0,1.46904978,0,0,14.98308323,14.98308323
3.795,2.405226857,0,0,1.469620457,0,0,14.98329337,14.98329337
3.8,2.412576377,0,0,1.470186895,0,0,14.98350091,14.98350091
3.805,2.419928719,0,0,1.470749124,0,0,14.98370586,14.98370586
3.81,2.427283861,0,0,1.471307172,0,0,14.98390827,14.98390827
3.815,2.434641784,0,0,1.47186107,0,0,14.98410816,14.98410816
3.82,2.442002465,0,0,1.472410845,0,0,14.98430558,14.98430558
3.825,2.449365885,0,0,1.472956527,0,0,14.98450054,14.98450054
3.83,2.456732024,0,0,1.473498145,0,0,14.98469307,14.98469307
3.835,2.46410086,0,0,1.474035727,0,0,14.98488322,14.98488322
3.84,2.471472374,0,0,1.474569301,0,0,14.985071,14.985071
3.845,2.478846546,0,0,1.475098895,0,0,14.98525645,14.98525645
3.85,2.486223357,0,0,1.475624538,0,0,14.9854396,14.9854396
3.855,2.493602785,0,0,1.476146257,0,0,14.98562047,14.98562047
3.86,2.500984813,0,0,1.476664081,0,0,14.9857991,14.9857991
3.865,2.50836942,0,0,1.477178035,0,0,14.9859755,14.9859755
3.87,2.515756587,0,0,1.477688149,0,0,14.98614972,14.98614972
3.875,2.523146295,0,0,1.478194448,0,0,14.98632177,14.98632177
3.88,2.530538525,0,0,1.47869696,0,0,14.98649168,14.98649168
3.885,2.537933258,0,0,1.479195712,0,0,14.98665949,14.98665949
3.89,2.545330476,0,0,1.47969073,0,0,14.98682521,14.98682521
3.895,2.552730159,0,0,1.480182041,0,0,14.98698887,14.98698887
3.9,2.56013229,0,0,1.480669671,0,0,14.98715049,14.98715049
3.905,2.56753685,0,0,1.481153646,0,0,14.98731011,14.98731011
3.91,2.57494382,0,0,1.481633992,0,0,14.98746775,14.98746775
3.915,2.582353184,0,0,1.482110735,0,0,14.98762343,14.98762343
3.92,2.589764922,0,0,1.482583901,0,0,14.98777717,14.98777717
3.925,2.597179017,0,0,1.483053515,0,0,14.987929,14.987929
3.93,2.604595451,0,0,1.483519602,0,0,14.98807895,14.98807895
3.935,2.612014207,0,0,1.483982187,0,0,14.98822704,14.98822704
3.94,2.619435267,0,0,1.484441297,0,0,14.98837328,14.98837328
3.945,2.626858614,0,0,1.484896954,0,0,14.98851771,14.98851771
3.95,2.634284231,0,0,1.485349185,0,0,14.98866035,14.98866035
3.955,2.6417121,0,0,1.485798014,0,0,14.98880121,14.98880121
3.96,2.649142205,0,0,1.486243464,0,0,14.98894033,14.98894033
3.965,2.656574529,0,0,1.486685561,0,0,14.98907771,14.98907771
3.97,2.664009056,0,0,1.487124328,0,0,14.98921339,14.98921339
3.975,2.671445767,0,0,1.487559789,0,0,14.98934738,14.98934738
3.98,2.678884648,0,0,1.487991968,0,0,14.98947971,14.98947971
3.985,2.686325681,0,0,1.488420888,0,0,14.9896104,14.9896104
3.99,2.693768851,0,0,1.488846574,0,0,14.98973946,14.98973946
3.995,2.701214142,0,0,1.489269047,0,0,14.98986692,14.98986692
4,2.708661537,0,0,1.489688332,0,0,14.98999279,14.98999279
4.005,2.71611102,0,0,1.490104452,0,0,14.99011711,14.99011711
4.01,2.723562576,0,0,1.490517428,0,0,14.99023987,14.99023987
4.015,2.731016189,0,0,1.490927285,0,0,14.99036111,14.99036111
4.02,2.738471844,0,0,1.491334044,0,0,14.99048085,14.99048085
4.025,2.745929524,0,0,1.491737728,0,0,14.9905991,14.9905991
4.03,2.753389216,0,0,1.492138358,0,0,14.99071588,14.99071588
4.035,2.760850903,0,0,1.492535958,0,0,14.99083121,14.99083121
4.04,2.76831457,0,0,1.49293055,0,0,14.99094511,14.99094511
4.045,2.775780203,0,0,1.493322154,0,0,14.99105759,14.99105759
4.05,2.783247787,0,0,1.493710792,0,0,14.99116867,14.99116867
4.055,2.790717306,0,0,1.494096487,0,0,14.99127838,14.99127838
4.06,2.798188747,0,0,1.49447926,0,0,14.99138672,14.99138672
4.065,2.805662094,0,0,1.494859131,0,0,14.99149371,14.99149371
4.07,2.813137333,0,0,1.495236122,0,0,14.99159938,14.99159938
4.075,2.820614451,0,0,1.495610254,0,0,14.99170373,14.99170373
4.08,2.828093431,0,0,1.495981547,0,0,14.99180679,14.99180679
4.085,2.835574261,0,0,1.496350023,0,0,14.99190857,14.99190857
4.09,2.843056927,0,0,1.496715701,0,0,14.99200908,14.99200908
4.095,2.850541414,0,0,1.497078603,0,0,14.99210835,14.99210835
4.1,2.858027708,0,0,1.497438749,0,0,14.99220638,14.99220638
4.105,2.865515797,0,0,1.497796158,0,0,14.99230319,14.99230319
4.11,2.873005665,0,0,1.49815085,0,0,14.9923988,14.9923988
4.115,2.880497301,0,0,1.498502847,0,0,14.99249323,14.99249323
4.12,2.887990689,0,0,1.498852166,0,0,14.99258648,14.99258648
4.125,2.895485818,0,0,1.499198829,0,0,14.99267857,14.99267857
4.13,2.902982673,0,0,1.499542853,0,0,14.99276952,14.99276952
4.135,2.910481242,0,0,1.49988426,0,0,14.99285934,14.99285934
4.14,2.917981511,0,0,1.500223067,0,0,14.99294804,14.99294804
4.145,2.925483468,0,0,1.500559294,0,0,14.99303564,14.99303564
4.15,2.9329871,0,0,1.50089296,0,0,14.99312215,14.99312215
4.155,2.940492394,0,0,1.501224084,0,0,14.99320759,14.99320759
4.16,2.947999337,0,0,1.501552684,0,0,14.99329197,14.99329197
4.165,2.955507916,0,0,1.501878779,0,0,14.9933753,14.9933753
4.17,2.96301812,0,0,1.502202387,0,0,14.99345759,14.99345759
4.175,2.970529936,0,0,1.502523527,0,0,14.99353886,14.99353886
4.18,2.978043352,0,0,1.502842217,0,0,14.99361912,14.99361912
4.185,2.985558354,0,0,1.503158475,0,0,14.99369839,14.99369839
4.19,2.993074932,0,0,1.503472318,0,0,14.99377667,14.99377667
4.195,3.000593073,0,0,1.503783765,0,0,14.99385398,14.99385398
4.2,3.008112766,0,0,1.504092834,0,0,14.99393032,14.99393032
4.205,3.015633998,0,0,1.504399542,0,0,14.99400572,14.99400572
4.21,3.023156757,0,0,1.504703905,0,0,14.99408018,14.99408018
4.215,3.030681033,0,0,1.505005943,0,0,14.99415372,14.99415372
4.22,3.038206813,0,0,1.505305671,0,0,14.99422634,14.99422634
4.225,3.045734086,0,0,1.505603108,0,0,14.99429807,14.99429807
4.23,3.05326284,0,0,1.505898269,0,0,14.9943689,14.9943689
4.235,3.060793065,0,0,1.506191172,0,0,14.99443885,14.99443885
4.24,3.068324748,0,0,1.506481834,0,0,14.99450793,14.99450793
4.245,3.075857879,0,0,1.50677027,0,0,14.99457615,14.99457615
4.25,3.083392447,0,0,1.507056499,0,0,14.99464353,14.99464353
4.255,3.090928441,0,0,1.507340535,0,0,14.99471007,14.99471007
4.26,3.098465849,0,0,1.507622396,0,0,14.99477578,14.99477578
4.265,3.106004661,0,0,1.507902097,0,0,14.99484068,14.99484068
4.27,3.113544866,0,0,1.508179655,0,0,14.99490477,14.99490477
4.275,3.121086454,0,0,1.508455085,0,0,14.99496806,14.99496806
4.28,3.128629414,0,0,1.508728404,0,0,14.99503057,14.99503057
4.285,3.136173735,0,0,1.508999626,0,0,14.9950923,14.9950923
4.29,3.143719407,0,0,1.509268769,0,0,14.99515326,14.99515326
4.295,3.151266419,0,0,1.509535846,0,0,14.99521347,14.99521347
4.3,3.158814762,0,0,1.509800874,0,0,14.99527293,14.99527293
4.305,3.166364424,0,0,1.510063867,0,0,14.99533165,14.99533165
4.31,3.173915397,0,0,1.510324842,0,0,14.99538964,14.99538964
4.315,3.181467669,0,0,1.510583812,0,0,14.99544691,14.99544691
4.32,3.189021232,0,0,1.510840794,0,0,14.99550347,14.99550347
4.325,3.196576074,0,0,1.511095801,0,0,14.99555933,14.99555933
4.33,3.204132186,0,0,1.511348849,0,0,14.99561449,14.99561449
4.335,3.211689559,0,0,1.511599952,0,0,14.99566897,14.99566897
4.34,3.219248183,0,0,1.511849125,0,0,14.99572277,14.99572277
4.345,3.226808047,0,0,1.512096382,0,0,14.9957759,14.9957759
4.35,3.234369143,0,0,1.512341738,0,0,14.99582838,14.99582838
4.355,3.241931462,0,0,1.512585206,0,0,14.9958802,14.9958802
4.36,3.249494992,0,0,1.512826802,0,0,14.99593137,14.99593137
4.365,3.257059727,0,0,1.513066538,0,0,14.99598191,14.99598191
4.37,3.264625655,0,0,1.513304429,0,0,14.99603183,14.99603183
4.375,3.272192768,0,0,1.513540489,0,0,14.99608112,14.99608112
4.38,3.279761057,0,0,1.513774732,0,0,14.9961298,14.9961298
4.385,3.287330512,0,0,1.51400717,0,0,14.99617788,14.99617788
4.39,3.294901125,0,0,1.514237818,0,0,14.99622536,14.99622536
4.395,3.302472887,0,0,1.514466689,0,0,14.99627225,14.99627225
4.4,3.310045789,0,0,1.514693797,0,0,14.99631855,14.99631855
4.405,3.317619822,0,0,1.514919155,0,0,14.99636429,14.99636429
4.41,3.325194978,0,0,1.515142775,0,0,14.99640945,14.99640945
4.415,3.332771247,0,0,1.515364671,0,0,14.99645405,14.99645405
4.42,3.340348622,0,0,1.515584856,0,0,14.9964981,14.9964981
4.425,3.347927093,0,0,1.515803343,0,0,14.9965416,14.9965416
4.43,3.355506652,0,0,1.516020144,0,0,14.99658456,14.99658456
4.435,3.363087292,0,0,1.516235273,0,0,14.99662699,14.99662699
4.44,3.370669002,0,0,1.516448742,0,0,14.99666889,14.99666889
4.445,3.378251776,0,0,1.516660563,0,0,14.99671027,14.99671027
4.45,3.385835605,0,0,1.516870748,0,0,14.99675114,14.99675114
4.455,3.393420481,0,0,1.517079311,0,0,14.99679149,14.99679149
4.46,3.401006396,0,0,1.517286264,0,0,14.99683135,14.99683135
4.465,3.408593341,0,0,1.517491617,0,0,14.99687071,14.99687071
4.47,3.416181309,0,0,1.517695385,0,0,14.99690958,14.99690958
4.475,3.423770292,0,0,1.517897578,0,0,14.99694797,14.99694797
4.48,3.431360282,0,0,1.518098208,0,0,14.99698589,14.99698589
4.485,3.438951272,0,0,1.518297288,0,0,14.99702333,14.99702333
4.49,3.446543253,0,0,1.518494829,0,0,14.99706031,14.99706031
4.495,3.454136217,0,0,1.518690843,0,0,14.99709682,14.99709682
4.5,3.461730159,0,0,1.518885341,0,0,14.99713289,14.99713289
4.505,3.469325068,0,0,1.519078334,0,0,14.9971685,14.9971685
4.51,3.476920939,0,0,1.519269835,0,0,14.99720368,14.99720368
4.515,3.484517764,0,0,1.519459854,0,0,14.99723841,14.99723841
4.52,3.492115536,0,0,1.519648402,0,0,14.99727272,14.99727272
4.525,3.499714246,0,0,1.519835492,0,0,14.9973066,14.9973066
4.53,3.507313888,0,0,1.520021133,0,0,14.99734005,14.99734005
4.535,3.514914455,0,0,1.520205337,0,0,14.9973731,14.9973731
4.54,3.522515939,0,0,1.520388115,0,0,14.99740573,14.99740573
4.545,3.530118334,0,0,1.520569477,0,0,14.99743796,14.99743796
4.55,3.537721631,0,0,1.520749435,0,0,14.99746978,14.99746978
4.555,3.545325826,0,0,1.520927998,0,0,14.99750121,14.99750121
4.56,3.552930909,0,0,1.521105178,0,0,14.99753225,14.99753225
4.565,3.560536875,0,0,1.521280985,0,0,14.99756291,14.99756291
4.57,3.568143717,0,0,1.52145543,0,0,14.99759318,14.99759318
4.575,3.575751427,0,0,1.521628522,0,0,14.99762308,14.99762308
4.58,3.58336,0,0,1.521800273,0,0,14.99765261,14.99765261
4.585,3.590969428,0,0,1.521970692,0,0,14.99768177,14.99768177
4.59,3.598579704,0,0,1.522139789,0,0,14.99771056,14.99771056
4.595,3.606190823,0,0,1.522307575,0,0,14.997739,14.997739
4.6,3.613802778,0,0,1.522474059,0,0,14.99776709,14.99776709
4.605,3.621415562,0,0,1.522639252,0,0,14.99779483,14.99779483
4.61,3.629029168,0,0,1.522803162,0,0,14.99782222,14.99782222
4.615,3.636643591,0,0,1.522965801,0,0,14.99784927,14.99784927
4.62,3.644258824,0,0,1.523127178,0,0,14.99787599,14.99787599
4.625,3.651874861,0,0,1.523287302,0,0,14.99790238,14.99790238
4.63,3.659491695,0,0,1.523446183,0,0,14.99792843,14.99792843
4.635,3.667109321,0,0,1.52360383,0,0,14.99795417,14.99795417
4.64,3.674727731,0,0,1.523760253,0,0,14.99797958,14.99797958
4.645,3.682346921,0,0,1.523915461,0,0,14.99800468,14.99800468
4.65,3.689966884,0,0,1.524069463,0,0,14.99802946,14.99802946
4.655,3.697587614,0,0,1.524222269,0,0,14.99805394,14.99805394
4.66,3.705209105,0,0,1.524373888,0,0,14.99807812,14.99807812
4.665,3.712831351,0,0,1.524524329,0,0,14.99810199,14.99810199
4.67,3.720454346,0,0,1.5246736,0,0,14.99812557,14.99812557
4.675,3.728078085,0,0,1.524821711,0,0,14.99814885,14.99814885
4.68,3.735702561,0,0,1.524968671,0,0,14.99817185,14.99817185
4.685,3.74332777,0,0,1.525114488,0,0,14.99819456,14.99819456
4.69,3.750953704,0,0,1.525259171,0,0,14.99821699,14.99821699
4.695,3.75858036,0,0,1.525402729,0,0,14.99823913,14.99823913
4.7,3.76620773,0,0,1.52554517,0,0,14.99826101,14.99826101
4.705,3.773835809,0,0,1.525686504,0,0,14.99828261,14.99828261
4.71,3.781464593,0,0,1.525826738,0,0,14.99830394,14.99830394
4.715,3.789094075,0,0,1.52596588,0,0,14.99832501,14.99832501
4.72,3.79672425,0,0,1.52610394,0,0,14.99834582,14.99834582
4.725,3.804355113,0,0,1.526240926,0,0,14.99836637,14.99836637
4.73,3.811986657,0,0,1.526376845,0,0,14.99838666,14.99838666
4.735,3.819618879,0,0,1.526511706,0,0,14.9984067,14.9984067
4.74,3.827251773,0,0,1.526645517,0,0,14.9984265,14.9984265
4.745,3.834885333,0,0,1.526778287,0,0,14.99844604,14.99844604
4.75,3.842519554,0,0,1.526910022,0,0,14.99846535,14.99846535
4.755,3.850154431,0,0,1.527040732,0,0,14.99848441,14.99848441
4.76,3.857789959,0,0,1.527170423,0,0,14.99850324,14.99850324
4.765,3.865426134,0,0,1.527299104,0,0,14.99852183,14.99852183
4.77,3.873062949,0,0,1.527426782,0,0,14.99854019,14.99854019
4.775,3.8807004,0,0,1.527553466,0,0,14.99855833,14.99855833
4.78,3.888338482,0,0,1.527679163,0,0,14.99857623,14.99857623
4.785,3.89597719,0,0,1.527803879,0,0,14.99859392,14.99859392
4.79,3.903616519,0,0,1.527927624,0,0,14.99861139,14.99861139
4.795,3.911256465,0,0,1.528050404,0,0,14.99862864,14.99862864
4.8,3.918897022,0,0,1.528172227,0,0,14.99864567,14.99864567
4.805,3.926538185,0,0,1.5282931,0,0,14.9986625,14.9986625
4.81,3.934179951,0,0,1.528413031,0,0,14.99867911,14.99867911
4.815,3.941822314,0,0,1.528532026,0,0,14.99869552,14.99869552
4.82,3.94946527,0,0,1.528650093,0,0,14.99871172,14.99871172
4.825,3.957108813,0,0,1.528767239,0,0,14.99872773,14.99872773
4.83,3.964752941,0,0,1.528883472,0,0,14.99874353,14.99874353
4.835,3.972397647,0,0,1.528998797,0,0,14.99875914,14.99875914
4.84,3.980042927,0,0,1.529113223,0,0,14.99877455,14.99877455
4.845,3.987688777,0,0,1.529226756,0,0,14.99878978,14.99878978
4.85,3.995335193,0,0,1.529339402,0,0,14.99880481,14.99880481
4.855,4.00298217,0,0,1.52945117,0,0,14.99881966,14.99881966
4.86,4.010629703,0,0,1.529562065,0,0,14.99883432,14.99883432
4.865,4.018277789,0,0,1.529672094,0,0,14.9988488,14.9988488
4.87,4.025926423,0,0,1.529781264,0,0,14.9988631,14.9988631
4.875,4.0335756,0,0,1.529889582,0,0,14.99887722,14.99887722
4.88,4.041225317,0,0,1.529997054,0,0,14.99889117,14.99889117
4.885,4.048875569,0,0,1.530103687,0,0,14.99890494,14.99890494
4.89,4.056526353,0,0,1.530209486,0,0,14.99891855,14.99891855
4.895,4.064177663,0,0,1.53031446,0,0,14.99893198,14.99893198
4.9,4.071829496,0,0,1.530418613,0,0,14.99894525,14.99894525
4.905,4.079481848,0,0,1.530521952,0,0,14.99895835,14.99895835
4.91,4.087134714,0,0,1.530624485,0,0,14.99897129,14.99897129
4.915,4.094788091,0,0,1.530726216,0,0,14.99898407,14.99898407
4.92,4.102441975,0,0,1.530827151,0,0,14.99899669,14.99899669
4.925,4.110096361,0,0,1.530927298,0,0,14.99900915,14.99900915
4.93,4.117751247,0,0,1.531026663,0,0,14.99902146,14.99902146
4.935,4.125406627,0,0,1.53112525,0,0,14.99903362,14.99903362
4.94,4.133062498,0,0,1.531223067,0,0,14.99904562,14.99904562
4.945,4.140718856,0,0,1.531320119,0,0,14.99905748,14.99905748
4.95,4.148375698,0,0,1.531416412,0,0,14.99906918,14.99906918
4.955,4.156033019,0,0,1.531511952,0,0,14.99908075,14.99908075
4.96,4.163690816,0,0,1.531606745,0,0,14.99909217,14.99909217
4.965,4.171349085,0,0,1.531700797,0,0,14.99910344,14.99910344
4.97,4.179007823,0,0,1.531794112,0,0,14.99911458,14.99911458
4.975,4.186667025,0,0,1.531886698,0,0,14.99912558,14.99912558
4.98,4.194326689,0,0,1.53197856,0,0,14.99913644,14.99913644
4.985,4.20198681,0,0,1.532069703,0,0,14.99914717,14.99914717
4.99,4.209647384,0,0,1.532160132,0,0,14.99915776,14.99915776
4.995,4.21730841,0,0,1.532249854,0,0,14.99916823,14.99916823
5,4.224969882,0,0,1.532338874,0,0,14.99917856,14.99917856
5.005,4.232631797,0,0,1.532427197,0,0,14.99918876,14.99918876
5.01,4.240294153,0,0,1.532514829,0,0,14.99919884,14.99919884
5.015,4.247956944,0,0,1.532601775,0,0,14.99920879,14.99920879
5.02,4.255620169,0,0,1.53268804,0,0,14.99921862,14.99921862
5.025,4.263283824,0,0,1.53277363,0,0,14.99922833,14.99922833
5.03,4.270947904,0,0,1.53285855,0,0,14.99923791,14.99923791
5.035,4.278612408,0,0,1.532942805,0,0,14.99924738,14.99924738
5.04,4.286277331,0,0,1.5330264,0,0,14.99925673,14.99925673
5.045,4.293942671,0,0,1.53310934,0,0,14.99926596,14.99926596
5.05,4.301608424,0,0,1.533191631,0,0,14.99927508,14.99927508
5.055,4.309274586,0,0,1.533273277,0,0,14.99928409,14.99928409
5.06,4.316941155,0,0,1.533354283,0,0,14.99929298,14.99929298
5.065,4.324608128,0,0,1.533434655,0,0,14.99930176,14.99930176
5.07,4.332275501,0,0,1.533514397,0,0,14.99931044,14.99931044
5.075,4.339943271,0,0,1.533593515,0,0,14.999319,14.999319
5.08,4.347611435,0,0,1.533672012,0,0,14.99932746,14.99932746
5.085,4.35527999,0,0,1.533749895,0,0,14.99933581,14.99933581
5.09,4.362948933,0,0,1.533827167,0,0,14.99934407,14.99934407
5.095,4.370618261,0,0,1.533903833,0,0,14.99935221,14.99935221
5.1,4.37828797,0,0,1.533979899,0,0,14.99936026,14.99936026
5.105,4.385958059,0,0,1.534055368,0,0,14.99936821,14.99936821
5.11,4.393628523,0,0,1.534130246,0,0,14.99937606,14.99937606
5.115,4.40129936,0,0,1.534204536,0,0,14.99938381,14.99938381
5.12,4.408970567,0,0,1.534278244,0,0,14.99939146,14.99939146
5.125,4.416642142,0,0,1.534351374,0,0,14.99939902,14.99939902
5.13,4.42431408,0,0,1.534423931,0,0,14.99940649,14.99940649
5.135,4.43198638,0,0,1.534495919,0,0,14.99941386,14.99941386
5.14,4.439659038,0,0,1.534567342,0,0,14.99942114,14.99942114
5.145,4.447332052,0,0,1.534638205,0,0,14.99942833,14.99942833
5.15,4.455005419,0,0,1.534708512,0,0,14.99943543,14.99943543
5.155,4.462679137,0,0,1.534778268,0,0,14.99944245,14.99944245
5.16,4.470353201,0,0,1.534847477,0,0,14.99944937,14.99944937
5.165,4.478027611,0,0,1.534916142,0,0,14.99945621,14.99945621
5.17,4.485702362,0,0,1.534984269,0,0,14.99946297,14.99946297
5.175,4.493377452,0,0,1.535051861,0,0,14.99946964,14.99946964
5.18,4.50105288,0,0,1.535118923,0,0,14.99947623,14.99947623
5.185,4.508728641,0,0,1.535185459,0,0,14.99948273,14.99948273
5.19,4.516404733,0,0,1.535251472,0,0,14.99948916,14.99948916
5.195,4.524081155,0,0,1.535316968,0,0,14.9994955,14.9994955
5.2,4.531757902,0,0,1.535381949,0,0,14.99950177,14.99950177
5.205,4.539434973,0,0,1.53544642,0,0,14.99950796,14.99950796
5.21,4.547112365,0,0,1.535510386,0,0,14.99951407,14.99951407
5.215,4.554790076,0,0,1.535573849,0,0,14.99952011,14.99952011
5.22,4.562468103,0,0,1.535636814,0,0,14.99952607,14.99952607
5.225,4.570146444,0,0,1.535699284,0,0,14.99953196,14.99953196
5.23,4.577825095,0,0,1.535761264,0,0,14.99953777,14.99953777
5.235,4.585504055,0,0,1.535822757,0,0,14.99954351,14.99954351
5.24,4.593183322,0,0,1.535883768,0,0,14.99954918,14.99954918
5.245,4.600862892,0,0,1.535944299,0,0,14.99955478,14.99955478
5.25,4.608542764,0,0,1.536004355,0,0,14.99956031,14.99956031
5.255,4.616222935,0,0,1.53606394,0,0,14.99956578,14.99956578
5.26,4.623903403,0,0,1.536123056,0,0,14.99957117,14.99957117
5.265,4.631584165,0,0,1.536181708,0,0,14.9995765,14.9995765
5.27,4.639265219,0,0,1.536239899,0,0,14.99958176,14.99958176
5.275,4.646946563,0,0,1.536297633,0,0,14.99958695,14.99958695
5.28,4.654628195,0,0,1.536354913,0,0,14.99959208,14.99959208
5.285,4.662310111,0,0,1.536411744,0,0,14.99959715,14.99959715
5.29,4.669992311,0,0,1.536468128,0,0,14.99960216,14.99960216
5.295,4.677674792,0,0,1.536524069,0,0,14.9996071,14.9996071
5.3,4.685357551,0,0,1.53657957,0,0,14.99961198,14.99961198
5.305,4.693040587,0,0,1.536634635,0,0,14.9996168,14.9996168
5.31,4.700723897,0,0,1.536689267,0,0,14.99962156,14.99962156
5.315,4.708407479,0,0,1.53674347,0,0,14.99962626,14.99962626
5.32,4.716091331,0,0,1.536797247,0,0,14.9996309,14.9996309
5.325,4.723775451,0,0,1.536850602,0,0,14.99963549,14.99963549
5.33,4.731459836,0,0,1.536903537,0,0,14.99964002,14.99964002
5.335,4.739144485,0,0,1.536956055,0,0,14.99964449,14.99964449
5.34,4.746829396,0,0,1.537008161,0,0,14.9996489,14.9996489
5.345,4.754514566,0,0,1.537059857,0,0,14.99965327,14.99965327
5.35,4.762199994,0,0,1.537111147,0,0,14.99965757,14.99965757
5.355,4.769885677,0,0,1.537162034,0,0,14.99966183,14.99966183
5.36,4.777571614,0,0,1.53721252,0,0,14.99966603,14.99966603
5.365,4.785257802,0,0,1.537262609,0,0,14.99967018,14.99967018
5.37,4.792944239,0,0,1.537312305,0,0,14.99967427,14.99967427
5.375,4.800630924,0,0,1.53736161,0,0,14.99967832,14.99967832
5.38,4.808317854,0,0,1.537410527,0,0,14.99968231,14.99968231
5.385,4.816005029,0,0,1.537459059,0,0,14.99968626,14.99968626
5.39,4.823692444,0,0,1.537507209,0,0,14.99969016,14.99969016
5.395,4.8313801,0,0,1.537554981,0,0,14.99969401,14.99969401
5.4,4.839067994,0,0,1.537602377,0,0,14.99969781,14.99969781
5.405,4.846756123,0,0,1.5376494,0,0,14.99970156,14.99970156
5.41,4.854444487,0,0,1.537696053,0,0,14.99970527,14.99970527
5.415,4.862133083,0,0,1.537742339,0,0,14.99970893,14.99970893
5.42,4.86982191,0,0,1.537788261,0,0,14.99971255,14.99971255
5.425,4.877510965,0,0,1.537833822,0,0,14.99971612,14.99971612
5.43,4.885200247,0,0,1.537879024,0,0,14.99971964,14.99971964
5.435,4.892889755,0,0,1.53792387,0,0,14.99972313,14.99972313
5.44,4.900579485,0,0,1.537968364,0,0,14.99972657,14.99972657
5.445,4.908269438,0,0,1.538012507,0,0,14.99972996,14.99972996
5.45,4.91595961,0,0,1.538056303,0,0,14.99973332,14.99973332
5.455,4.92365,0,0,1.538099754,0,0,14.99973663,14.99973663
5.46,4.931340607,0,0,1.538142864,0,0,14.9997399,14.9997399
5.465,4.939031428,0,0,1.538185634,0,0,14.99974313,14.99974313
5.47,4.946722463,0,0,1.538228067,0,0,14.99974632,14.99974632
5.475,4.954413708,0,0,1.538270166,0,0,14.99974947,14.99974947
5.48,4.962105164,0,0,1.538311934,0,0,14.99975259,14.99975259
5.485,4.969796827,0,0,1.538353373,0,0,14.99975566,14.99975566
5.49,4.977488697,0,0,1.538394486,0,0,14.9997587,14.9997587
5.495,4.985180772,0,0,1.538435275,0,0,14.99976169,14.99976169
5.5,4.992873049,0,0,1.538475743,0,0,14.99976465,14.99976465
5.505,5.000565528,0,0,1.538515892,0,0,14.99976758,14.99976758
5.51,5.008258208,0,0,1.538555726,0,0,14.99977046,14.99977046
5.515,5.015951085,0,0,1.538595245,0,0,14.99977332,14.99977332
5.52,5.02364416,0,0,1.538634454,0,0,14.99977613,14.99977613
5.525,5.031337429,0,0,1.538673353,0,0,14.99977891,14.99977891
5.53,5.039030893,0,0,1.538711946,0,0,14.99978166,14.99978166
5.535,5.046724548,0,0,1.538750236,0,0,14.99978437,14.99978437
5.54,5.054418394,0,0,1.538788223,0,0,14.99978705,14.99978705
5.545,5.06211243,0,0,1.538825912,0,0,14.99978969,14.99978969
5.55,5.069806653,0,0,1.538863304,0,0,14.99979231,14.99979231
5.555,5.077501062,0,0,1.538900401,0,0,14.99979489,14.99979489
5.56,5.085195657,0,0,1.538937206,0,0,14.99979744,14.99979744
5.565,5.092890434,0,0,1.538973721,0,0,14.99979995,14.99979995
5.57,5.100585393,0,0,1.539009948,0,0,14.99980244,14.99980244
5.575,5.108280533,0,0,1.53904589,0,0,14.99980489,14.99980489
5.58,5.115975852,0,0,1.539081549,0,0,14.99980731,14.99980731
5.585,5.123671348,0,0,1.539116926,0,0,14.99980971,14.99980971
5.59,5.131367021,0,0,1.539152025,0,0,14.99981207,14.99981207
5.595,5.139062868,0,0,1.539186848,0,0,14.99981441,14.99981441
5.6,5.146758889,0,0,1.539221396,0,0,14.99981671,14.99981671
5.605,5.154455081,0,0,1.539255672,0,0,14.99981899,14.99981899
5.61,5.162151445,0,0,1.539289677,0,0,14.99982124,14.99982124
5.615,5.169847978,0,0,1.539323415,0,0,14.99982346,14.99982346
5.62,5.177544679,0,0,1.539356887,0,0,14.99982565,14.99982565
5.625,5.185241546,0,0,1.539390095,0,0,14.99982782,14.99982782
5.63,5.192938579,0,0,1.539423041,0,0,14.99982996,14.99982996
5.635,5.200635776,0,0,1.539455728,0,0,14.99983207,14.99983207
5.64,5.208333136,0,0,1.539488157,0,0,14.99983415,14.99983415
5.645,5.216030657,0,0,1.53952033,0,0,14.99983621,14.99983621
5.65,5.223728339,0,0,1.53955225,0,0,14.99983825,14.99983825
5.655,5.231426179,0,0,1.539583918,0,0,14.99984026,14.99984026
5.66,5.239124178,0,0,1.539615337,0,0,14.99984224,14.99984224
5.665,5.246822332,0,0,1.539646508,0,0,14.9998442,14.9998442
5.67,5.254520642,0,0,1.539677433,0,0,14.99984614,14.99984614
5.675,5.262219106,0,0,1.539708114,0,0,14.99984805,14.99984805
5.68,5.269917723,0,0,1.539738554,0,0,14.99984994,14.99984994
5.685,5.277616491,0,0,1.539768753,0,0,14.9998518,14.9998518
5.69,5.28531541,0,0,1.539798714,0,0,14.99985364,14.99985364
5.695,5.293014478,0,0,1.539828439,0,0,14.99985546,14.99985546
5.7,5.300713694,0,0,1.53985793,0,0,14.99985725,14.99985725
5.705,5.308413057,0,0,1.539887188,0,0,14.99985903,14.99985903
5.71,5.316112566,0,0,1.539916215,0,0,14.99986078,14.99986078
5.715,5.323812219,0,0,1.539945014,0,0,14.99986251,14.99986251
5.72,5.331512015,0,0,1.539973585,0,0,14.99986422,14.99986422
5.725,5.339211954,0,0,1.540001931,0,0,14.9998659,14.9998659
5.73,5.346912034,0,0,1.540030054,0,0,14.99986757,14.99986757
5.735,5.354612254,0,0,1.540057954,0,0,14.99986921,14.99986921
5.74,5.362312613,0,0,1.540085635,0,0,14.99987084,14.99987084
5.745,5.37001311,0,0,1.540113097,0,0,14.99987244,14.99987244
5.75,5.377713744,0,0,1.540140343,0,0,14.99987403,14.99987403
5.755,5.385414513,0,0,1.540167373,0,0,14.99987559,14.99987559
5.76,5.393115417,0,0,1.540194191,0,0,14.99987714,14.99987714
5.765,5.400816455,0,0,1.540220797,0,0,14.99987866,14.99987866
5.77,5.408517625,0,0,1.540247193,0,0,14.99988017,14.99988017
5.775,5.416218927,0,0,1.540273381,0,0,14.99988166,14.99988166
5.78,5.423920359,0,0,1.540299362,0,0,14.99988313,14.99988313
5.785,5.43162192,0,0,1.540325138,0,0,14.99988458,14.99988458
5.79,5.43932361,0,0,1.540350711,0,0,14.99988602,14.99988602
5.795,5.447025427,0,0,1.540376082,0,0,14.99988743,14.99988743
5.8,5.45472737,0,0,1.540401253,0,0,14.99988883,14.99988883
5.805,5.462429439,0,0,1.540426225,0,0,14.99989021,14.99989021
5.81,5.470131632,0,0,1.540451,0,0,14.99989157,14.99989157
5.815,5.477833949,0,0,1.54047558,0,0,14.99989292,14.99989292
5.82,5.485536387,0,0,1.540499966,0,0,14.99989425,14.99989425
5.825,5.493238948,0,0,1.540524159,0,0,14.99989557,14.99989557
5.83,5.500941629,0,0,1.540548162,0,0,14.99989686,14.99989686
5.835,5.508644429,0,0,1.540571975,0,0,14.99989814,14.99989814
5.84,5.516347348,0,0,1.5405956,0,0,14.99989941,14.99989941
5.845,5.524050385,0,0,1.540619038,0,0,14.99990066,14.99990066
5.85,5.531753538,0,0,1.540642292,0,0,14.99990189,14.99990189
5.855,5.539456807,0,0,1.540665362,0,0,14.99990311,14.99990311
5.86,5.547160192,0,0,1.54068825,0,0,14.99990432,14.99990432
5.865,5.55486369,0,0,1.540710957,0,0,14.9999055,14.9999055
5.87,5.562567301,0,0,1.540733486,0,0,14.99990668,14.99990668
5.875,5.570271024,0,0,1.540755836,0,0,14.99990784,14.99990784
5.88,5.577974859,0,0,1.54077801,0,0,14.99990898,14.99990898
5.885,5.585678804,0,0,1.540800009,0,0,14.99991011,14.99991011
5.89,5.593382859,0,0,1.540821834,0,0,14.99991123,14.99991123
5.895,5.601087022,0,0,1.540843487,0,0,14.99991233,14.99991233
5.9,5.608791293,0,0,1.540864969,0,0,14.99991342,14.99991342
5.905,5.616495671,0,0,1.540886281,0,0,14.9999145,14.9999145
5.91,5.624200156,0,0,1.540907425,0,0,14.99991556,14.99991556
5.915,5.631904745,0,0,1.540928402,0,0,14.99991661,14.99991661
5.92,5.63960944,0,0,1.540949214,0,0,14.99991764,14.99991764
5.925,5.647314237,0,0,1.540969861,0,0,14.99991867,14.99991867
5.93,5.655019138,0,0,1.540990345,0,0,14.99991968,14.99991968
5.935,5.66272414,0,0,1.541010667,0,0,14.99992067,14.99992067
5.94,5.670429244,0,0,1.541030829,0,0,14.99992166,14.99992166
5.945,5.678134449,0,0,1.541050832,0,0,14.99992263,14.99992263
5.95,5.685839752,0,0,1.541070677,0,0,14.99992359,14.99992359
5.955,5.693545155,0,0,1.541090365,0,0,14.99992454,14.99992454
5.96,5.701250656,0,0,1.541109898,0,0,14.99992548,14.99992548
5.965,5.708956254,0,0,1.541129276,0,0,14.99992641,14.99992641
5.97,5.716661948,0,0,1.541148501,0,0,14.99992732,14.99992732
5.975,5.724367739,0,0,1.541167575,0,0,14.99992822,14.99992822
5.98,5.732073624,0,0,1.541186498,0,0,14.99992911,14.99992911
5.985,5.739779603,0,0,1.541205271,0,0,14.99993,14.99993
5.99,5.747485676,0,0,1.541223896,0,0,14.99993087,14.99993087
5.995,5.755191842,0,0,1.541242374,0,0,14.99993172,14.99993172
6,5.7628981,0,0,1.541260706,0,0,14.99993257,14.99993257
6.005,5.770604449,0,0,1.541278894,0,0,14.99993341,14.99993341
6.01,5.778310888,0,0,1.541296937,0,0,14.99993424,14.99993424
6.015,5.786017418,0,0,1.541314839,0,0,14.99993505,14.99993505
6.02,5.793724037,0,0,1.541332598,0,0,14.99993586,14.99993586
6.025,5.801430744,0,0,1.541350218,0,0,14.99993666,14.99993666
6.03,5.809137539,0,0,1.541367698,0,0,14.99993744,14.99993744
6.035,5.81684442,0,0,1.54138504,0,0,14.99993822,14.99993822
6.04,5.824551389,0,0,1.541402245,0,0,14.99993899,14.99993899
6.045,5.832258443,0,0,1.541419315,0,0,14.99993975,14.99993975
6.05,5.839965582,0,0,1.541436249,0,0,14.99994049,14.99994049
6.055,5.847672805,0,0,1.54145305,0,0,14.99994123,14.99994123
6.06,5.855380112,0,0,1.541469717,0,0,14.99994196,14.99994196
6.065,5.863087502,0,0,1.541486254,0,0,14.99994269,14.99994269
6.07,5.870794974,0,0,1.541502659,0,0,14.9999434,14.9999434
6.075,5.878502528,0,0,1.541518935,0,0,14.9999441,14.9999441
6.08,5.886210163,0,0,1.541535082,0,0,14.99994479,14.99994479
6.085,5.893917879,0,0,1.541551102,0,0,14.99994548,14.99994548
6.09,5.901625674,0,0,1.541566995,0,0,14.99994616,14.99994616
6.095,5.909333549,0,0,1.541582763,0,0,14.99994683,14.99994683
6.1,5.917041502,0,0,1.541598406,0,0,14.99994749,14.99994749
6.105,5.924749532,0,0,1.541613925,0,0,14.99994814,14.99994814
6.11,5.932457641,0,0,1.541629322,0,0,14.99994878,14.99994878
6.115,5.940165825,0,0,1.541644597,0,0,14.99994942,14.99994942
6.12,5.947874086,0,0,1.541659752,0,0,14.99995005,14.99995005
6.125,5.955582423,0,0,1.541674786,0,0,14.99995067,14.99995067
6.13,5.963290834,0,0,1.541689702,0,0,14.99995128,14.99995128
6.135,5.97099932,0,0,1.5417045,0,0,14.99995189,14.99995189
6.14,5.978707879,0,0,1.541719181,0,0,14.99995248,14.99995248
6.145,5.986416511,0,0,1.541733746,0,0,14.99995307,14.99995307
6.15,5.994125216,0,0,1.541748196,0,0,14.99995366,14.99995366
6.155,6.001833993,0,0,1.541762531,0,0,14.99995423,14.99995423
6.16,6.009542841,0,0,1.541776754,0,0,14.9999548,14.9999548
6.165,6.01725176,0,0,1.541790864,0,0,14.99995536,14.99995536
6.17,6.02496075,0,0,1.541804862,0,0,14.99995592,14.99995592
6.175,6.032669809,0,0,1.54181875,0,0,14.99995647,14.99995647
6.18,6.040378937,0,0,1.541832528,0,0,14.99995701,14.99995701
6.185,6.048088134,0,0,1.541846197,0,0,14.99995754,14.99995754
6.19,6.055797399,0,0,1.541859758,0,0,14.99995807,14.99995807
6.195,6.063506731,0,0,1.541873212,0,0,14.99995859,14.99995859
6.2,6.071216131,0,0,1.541886559,0,0,14.9999591,14.9999591
6.205,6.078925597,0,0,1.541899801,0,0,14.99995961,14.99995961
6.21,6.086635129,0,0,1.541912938,0,0,14.99996011,14.99996011
6.215,6.094344726,0,0,1.541925972,0,0,14.99996061,14.99996061
6.22,6.102054388,0,0,1.541938902,0,0,14.9999611,14.9999611
6.225,6.109764115,0,0,1.541951731,0,0,14.99996158,14.99996158
6.23,6.117473905,0,0,1.541964457,0,0,14.99996206,14.99996206
6.235,6.125183759,0,0,1.541977083,0,0,14.99996253,14.99996253
6.24,6.132893676,0,0,1.54198961,0,0,14.99996299,14.99996299
6.245,6.140603655,0,0,1.542002037,0,0,14.99996345,14.99996345
6.25,6.148313696,0,0,1.542014366,0,0,14.99996391,14.99996391
6.255,6.156023799,0,0,1.542026598,0,0,14.99996436,14.99996436
6.26,6.163733962,0,0,1.542038733,0,0,14.9999648,14.9999648
6.265,6.171444186,0,0,1.542050772,0,0,14.99996524,14.99996524
6.27,6.17915447,0,0,1.542062715,0,0,14.99996567,14.99996567
6.275,6.186864813,0,0,1.542074565,0,0,14.9999661,14.9999661
6.28,6.194575215,0,0,1.54208632,0,0,14.99996652,14.99996652
6.285,6.202285676,0,0,1.542097983,0,0,14.99996693,14.99996693
6.29,6.209996195,0,0,1.542109554,0,0,14.99996734,14.99996734
6.295,6.217706771,0,0,1.542121032,0,0,14.99996775,14.99996775
6.3,6.225417405,0,0,1.542132421,0,0,14.99996815,14.99996815
6.305,6.233128095,0,0,1.542143719,0,0,14.99996854,14.99996854
6.31,6.240838842,0,0,1.542154928,0,0,14.99996894,14.99996894
6.315,6.248549644,0,0,1.542166048,0,0,14.99996932,14.99996932
6.32,6.256260502,0,0,1.54217708,0,0,14.9999697,14.9999697
6.325,6.263971415,0,0,1.542188025,0,0,14.99997008,14.99997008
6.33,6.271682382,0,0,1.542198883,0,0,14.99997045,14.99997045
6.335,6.279393404,0,0,1.542209656,0,0,14.99997082,14.99997082
6.34,6.287104479,0,0,1.542220343,0,0,14.99997118,14.99997118
6.345,6.294815607,0,0,1.542230946,0,0,14.99997154,14.99997154
6.35,6.302526788,0,0,1.542241465,0,0,14.99997189,14.99997189
6.355,6.310238022,0,0,1.542251901,0,0,14.99997224,14.99997224
6.36,6.317949307,0,0,1.542262254,0,0,14.99997259,14.99997259
6.365,6.325660644,0,0,1.542272526,0,0,14.99997293,14.99997293
6.37,6.333372032,0,0,1.542282716,0,0,14.99997326,14.99997326
6.375,6.341083471,0,0,1.542292825,0,0,14.99997359,14.99997359
6.38,6.34879496,0,0,1.542302855,0,0,14.99997392,14.99997392
6.385,6.356506499,0,0,1.542312805,0,0,14.99997425,14.99997425
6.39,6.364218088,0,0,1.542322677,0,0,14.99997457,14.99997457
6.395,6.371929726,0,0,1.54233247,0,0,14.99997488,14.99997488
6.4,6.379641413,0,0,1.542342186,0,0,14.99997519,14.99997519
6.405,6.387353148,0,0,1.542351826,0,0,14.9999755,14.9999755
6.41,6.395064931,0,0,1.542361389,0,0,14.99997581,14.99997581
6.415,6.402776761,0,0,1.542370876,0,0,14.99997611,14.99997611
6.42,6.410488639,0,0,1.542380288,0,0,14.9999764,14.9999764
6.425,6.418200564,0,0,1.542389626,0,0,14.9999767,14.9999767
6.43,6.425912536,0,0,1.54239889,0,0,14.99997699,14.99997699
6.435,6.433624553,0,0,1.54240808,0,0,14.99997727,14.99997727
6.44,6.441336616,0,0,1.542417198,0,0,14.99997756,14.99997756
6.445,6.449048725,0,0,1.542426244,0,0,14.99997783,14.99997783
6.45,6.456760879,0,0,1.542435218,0,0,14.99997811,14.99997811
6.455,6.464473077,0,0,1.542444122,0,0,14.99997838,14.99997838
6.46,6.47218532,0,0,1.542452954,0,0,14.99997865,14.99997865
6.465,6.479897606,0,0,1.542461717,0,0,14.99997892,14.99997892
6.47,6.487609937,0,0,1.542470411,0,0,14.99997918,14.99997918
6.475,6.49532231,0,0,1.542479036,0,0,14.99997944,14.99997944
6.48,6.503034727,0,0,1.542487592,0,0,14.99997969,14.99997969
6.485,6.510747186,0,0,1.542496081,0,0,14.99997994,14.99997994
6.49,6.518459688,0,0,1.542504503,0,0,14.99998019,14.99998019
6.495,6.526172231,0,0,1.542512858,0,0,14.99998044,14.99998044
6.5,6.533884816,0,0,1.542521147,0,0,14.99998068,14.99998068
6.505,6.541597442,0,0,1.542529371,0,0,14.99998092,14.99998092
6.51,6.54931011,0,0,1.542537529,0,0,14.99998116,14.99998116
6.515,6.557022818,0,0,1.542545623,0,0,14.99998139,14.99998139
6.52,6.564735566,0,0,1.542553653,0,0,14.99998162,14.99998162
6.525,6.572448354,0,0,1.542561619,0,0,14.99998185,14.99998185
6.53,6.580161182,0,0,1.542569522,0,0,14.99998208,14.99998208
6.535,6.587874049,0,0,1.542577363,0,0,14.9999823,14.9999823
6.54,6.595586955,0,0,1.542585141,0,0,14.99998252,14.99998252
6.545,6.603299901,0,0,1.542592859,0,0,14.99998274,14.99998274
6.55,6.611012884,0,0,1.542600515,0,0,14.99998295,14.99998295
6.555,6.618725906,0,0,1.54260811,0,0,14.99998316,14.99998316
6.56,6.626438965,0,0,1.542615645,0,0,14.99998337,14.99998337
6.565,6.634152062,0,0,1.542623121,0,0,14.99998358,14.99998358
6.57,6.641865196,0,0,1.542630538,0,0,14.99998378,14.99998378
6.575,6.649578367,0,0,1.542637895,0,0,14.99998398,14.99998398
6.58,6.657291575,0,0,1.542645195,0,0,14.99998418,14.99998418
6.585,6.665004819,0,0,1.542652437,0,0,14.99998438,14.99998438
6.59,6.672718099,0,0,1.542659622,0,0,14.99998457,14.99998457
6.595,6.680431415,0,0,1.542666749,0,0,14.99998477,14.99998477
6.6,6.688144767,0,0,1.542673821,0,0,14.99998495,14.99998495
6.605,6.695858153,0,0,1.542680836,0,0,14.99998514,14.99998514
6.61,6.703571575,0,0,1.542687796,0,0,14.99998533,14.99998533
6.615,6.711285031,0,0,1.542694701,0,0,14.99998551,14.99998551
6.62,6.718998522,0,0,1.542701551,0,0,14.99998569,14.99998569
6.625,6.726712047,0,0,1.542708347,0,0,14.99998587,14.99998587
6.63,6.734425605,0,0,1.542715089,0,0,14.99998604,14.99998604
6.635,6.742139197,0,0,1.542721777,0,0,14.99998622,14.99998622
6.64,6.749852823,0,0,1.542728413,0,0,14.99998639,14.99998639
6.645,6.757566481,0,0,1.542734997,0,0,14.99998656,14.99998656
6.65,6.765280173,0,0,1.542741528,0,0,14.99998672,14.99998672
6.655,6.772993897,0,0,1.542748007,0,0,14.99998689,14.99998689
6.66,6.780707653,0,0,1.542754435,0,0,14.99998705,14.99998705
6.665,6.788421441,0,0,1.542760813,0,0,14.99998721,14.99998721
6.67,6.796135261,0,0,1.54276714,0,0,14.99998737,14.99998737
6.675,6.803849112,0,0,1.542773416,0,0,14.99998753,14.99998753
6.68,6.811562995,0,0,1.542779644,0,0,14.99998768,14.99998768
6.685,6.819276909,0,0,1.542785821,0,0,14.99998784,14.99998784
6.69,6.826990853,0,0,1.54279195,0,0,14.99998799,14.99998799
6.695,6.834704828,0,0,1.542798031,0,0,14.99998814,14.99998814
6.7,6.842418833,0,0,1.542804063,0,0,14.99998828,14.99998828
6.705,6.850132868,0,0,1.542810047,0,0,14.99998843,14.99998843
6.71,6.857846934,0,0,1.542815985,0,0,14.99998857,14.99998857
6.715,6.865561028,0,0,1.542821875,0,0,14.99998871,14.99998871
6.72,6.873275152,0,0,1.542827718,0,0,14.99998885,14.99998885
6.725,6.880989305,0,0,1.542833516,0,0,14.99998899,14.99998899
6.73,6.888703487,0,0,1.542839267,0,0,14.99998913,14.99998913
6.735,6.896417698,0,0,1.542844973,0,0,14.99998926,14.99998926
6.74,6.904131937,0,0,1.542850634,0,0,14.9999894,14.9999894
6.745,6.911846204,0,0,1.54285625,0,0,14.99998953,14.99998953
6.75,6.919560499,0,0,1.542861821,0,0,14.99998966,14.99998966
6.755,6.927274822,0,0,1.542867348,0,0,14.99998979,14.99998979
6.76,6.934989173,0,0,1.542872832,0,0,14.99998991,14.99998991
6.765,6.942703551,0,0,1.542878272,0,0,14.99999004,14.99999004
6.77,6.950417955,0,0,1.542883669,0,0,14.99999016,14.99999016
6.775,6.958132387,0,0,1.542889023,0,0,14.99999029,14.99999029
6.78,6.965846846,0,0,1.542894335,0,0,14.99999041,14.99999041
6.785,6.973561331,0,0,1.542899605,0,0,14.99999053,14.99999053
6.79,6.981275842,0,0,1.542904834,0,0,14.99999064,14.99999064
6.795,6.988990379,0,0,1.54291002,0,0,14.99999076,14.99999076
6.8,6.996704942,0,0,1.542915166,0,0,14.99999087,14.99999087
6.805,7.00441953,0,0,1.542920271,0,0,14.99999099,14.99999099
6.81,7.012134144,0,0,1.542925336,0,0,14.9999911,14.9999911
6.815,7.019848784,0,0,1.54293036,0,0,14.99999121,14.99999121
6.82,7.027563448,0,0,1.542935345,0,0,14.99999132,14.99999132
6.825,7.035278137,0,0,1.54294029,0,0,14.99999143,14.99999143
6.83,7.042992851,0,0,1.542945196,0,0,14.99999153,14.99999153
6.835,7.050707589,0,0,1.542950064,0,0,14.99999164,14.99999164
6.84,7.058422351,0,0,1.542954892,0,0,14.99999174,14.99999174
6.845,7.066137138,0,0,1.542959683,0,0,14.99999185,14.99999185
6.85,7.073851948,0,0,1.542964436,0,0,14.99999195,14.99999195
6.855,7.081566782,0,0,1.542969151,0,0,14.99999205,14.99999205
6.86,7.08928164,0,0,1.542973828,0,0,14.99999215,14.99999215
6.865,7.09699652,0,0,1.542978469,0,0,14.99999224,14.99999224
6.87,7.104711424,0,0,1.542983073,0,0,14.99999234,14.99999234
6.875,7.112426351,0,0,1.54298764,0,0,14.99999243,14.99999243
6.88,7.120141301,0,0,1.542992171,0,0,14.99999253,14.99999253
6.885,7.127856273,0,0,1.542996666,0,0,14.99999262,14.99999262
6.89,7.135571267,0,0,1.543001126,0,0,14.99999271,14.99999271
6.895,7.143286284,0,0,1.543005551,0,0,14.9999928,14.9999928
6.9,7.151001323,0,0,1.54300994,0,0,14.99999289,14.99999289
6.905,7.158716383,0,0,1.543014295,0,0,14.99999298,14.99999298
6.91,7.166431465,0,0,1.543018615,0,0,14.99999307,14.99999307
6.915,7.174146569,0,0,1.543022901,0,0,14.99999315,14.99999315
6.92,7.181861694,0,0,1.543027153,0,0,14.99999324,14.99999324
6.925,7.189576841,0,0,1.543031371,0,0,14.99999332,14.99999332
6.93,7.197292008,0,0,1.543035556,0,0,14.99999341,14.99999341
6.935,7.205007196,0,0,1.543039708,0,0,14.99999349,14.99999349
6.94,7.212722405,0,0,1.543043827,0,0,14.99999357,14.99999357
6.945,7.220437634,0,0,1.543047913,0,0,14.99999365,14.99999365
6.95,7.228152884,0,0,1.543051967,0,0,14.99999373,14.99999373
6.955,7.235868154,0,0,1.543055989,0,0,14.99999381,14.99999381
6.96,7.243583444,0,0,1.543059979,0,0,14.99999388,14.99999388
6.965,7.251298754,0,0,1.543063937,0,0,14.99999396,14.99999396
6.97,7.259014083,0,0,1.543067865,0,0,14.99999403,14.99999403
6.975,7.266729432,0,0,1.543071761,0,0,14.99999411,14.99999411
6.98,7.274444801,0,0,1.543075626,0,0,14.99999418,14.99999418
6.985,7.282160189,0,0,1.54307946,0,0,14.99999425,14.99999425
6.99,7.289875595,0,0,1.543083264,0,0,14.99999433,14.99999433
6.995,7.297591021,0,0,1.543087038,0,0,14.9999944,14.9999944
7,7.305306466,0,0,1.543090782,0,0,14.99999447,14.99999447
7.005,7.313021929,0,0,1.543094497,0,0,14.99999453,14.99999453
7.01,7.320737411,0,0,1.543098182,0,0,14.9999946,14.9999946
7.015,7.328452911,0,0,1.543101838,0,0,14.99999467,14.99999467
7.02,7.336168429,0,0,1.543105465,0,0,14.99999474,14.99999474
7.025,7.343883965,0,0,1.543109063,0,0,14.9999948,14.9999948
7.03,7.35159952,0,0,1.543112633,0,0,14.99999487,14.99999487
7.035,7.359315092,0,0,1.543116174,0,0,14.99999493,14.99999493
7.04,7.367030681,0,0,1.543119687,0,0,14.99999499,14.99999499
7.045,7.374746288,0,0,1.543123173,0,0,14.99999505,14.99999505
7.05,7.382461913,0,0,1.543126631,0,0,14.99999512,14.99999512
7.055,7.390177555,0,0,1.543130062,0,0,14.99999518,14.99999518
7.06,7.397893214,0,0,1.543133465,0,0,14.99999524,14.99999524
7.065,7.405608889,0,0,1.543136841,0,0,14.9999953,14.9999953
7.07,7.413324582,0,0,1.543140191,0,0,14.99999535,14.99999535
7.075,7.421040291,0,0,1.543143514,0,0,14.99999541,14.99999541
7.08,7.428756017,0,0,1.543146811,0,0,14.99999547,14.99999547
7.085,7.436471759,0,0,1.543150082,0,0,14.99999552,14.99999552
7.09,7.444187518,0,0,1.543153327,0,0,14.99999558,14.99999558
7.095,7.451903293,0,0,1.543156546,0,0,14.99999564,14.99999564
7.1,7.459619083,0,0,1.54315974,0,0,14.99999569,14.99999569
7.105,7.46733489,0,0,1.543162908,0,0,14.99999574,14.99999574
7.11,7.475050712,0,0,1.543166051,0,0,14.9999958,14.9999958
7.115,7.48276655,0,0,1.543169169,0,0,14.99999585,14.99999585
7.12,7.490482404,0,0,1.543172263,0,0,14.9999959,14.9999959
7.125,7.498198273,0,0,1.543175332,0,0,14.99999595,14.99999595
7.13,7.505914157,0,0,1.543178377,0,0,14.999996,14.999996
7.135,7.513630057,0,0,1.543181398,0,0,14.99999605,14.99999605
7.14,7.521345971,0,0,1.543184395,0,0,14.9999961,14.9999961
7.145,7.529061901,0,0,1.543187368,0,0,14.99999615,14.99999615
7.15,7.536777845,0,0,1.543190317,0,0,14.9999962,14.9999962
7.155,7.544493804,0,0,1.543193243,0,0,14.99999624,14.99999624
7.16,7.552209777,0,0,1.543196146,0,0,14.99999629,14.99999629
7.165,7.559925765,0,0,1.543199026,0,0,14.99999634,14.99999634
7.17,7.567641767,0,0,1.543201883,0,0,14.99999638,14.99999638
7.175,7.575357784,0,0,1.543204718,0,0,14.99999643,14.99999643
7.18,7.583073815,0,0,1.54320753,0,0,14.99999647,14.99999647
7.185,7.590789859,0,0,1.54321032,0,0,14.99999651,14.99999651
7.19,7.598505918,0,0,1.543213088,0,0,14.99999656,14.99999656
7.195,7.60622199,0,0,1.543215833,0,0,14.9999966,14.9999966
7.2,7.613938076,0,0,1.543218557,0,0,14.99999664,14.99999664
7.205,7.621654176,0,0,1.54322126,0,0,14.99999668,14.99999668
7.21,7.629370289,0,0,1.543223941,0,0,14.99999673,14.99999673
7.215,7.637086415,0,0,1.543226601,0,0,14.99999677,14.99999677
7.22,7.644802555,0,0,1.54322924,0,0,14.99999681,14.99999681
7.225,7.652518707,0,0,1.543231857,0,0,14.99999685,14.99999685
7.23,7.660234873,0,0,1.543234454,0,0,14.99999689,14.99999689
7.235,7.667951052,0,0,1.543237031,0,0,14.99999692,14.99999692
7.24,7.675667243,0,0,1.543239587,0,0,14.99999696,14.99999696
7.245,7.683383448,0,0,1.543242123,0,0,14.999997,14.999997
7.25,7.691099665,0,0,1.543244639,0,0,14.99999704,14.99999704
7.255,7.698815894,0,0,1.543247135,0,0,14.99999707,14.99999707
7.26,7.706532136,0,0,1.543249611,0,0,14.99999711,14.99999711
7.265,7.71424839,0,0,1.543252067,0,0,14.99999715,14.99999715
7.27,7.721964657,0,0,1.543254504,0,0,14.99999718,14.99999718
7.275,7.729680935,0,0,1.543256922,0,0,14.99999722,14.99999722
7.28,7.737397226,0,0,1.54325932,0,0,14.99999725,14.99999725
7.285,7.745113528,0,0,1.5432617,0,0,14.99999729,14.99999729
7.29,7.752829843,0,0,1.543264061,0,0,14.99999732,14.99999732
7.295,7.760546169,0,0,1.543266403,0,0,14.99999735,14.99999735
7.3,7.768262507,0,0,1.543268726,0,0,14.99999739,14.99999739
7.305,7.775978856,0,0,1.543271031,0,0,14.99999742,14.99999742
7.31,7.783695217,0,0,1.543273318,0,0,14.99999745,14.99999745
7.315,7.791411589,0,0,1.543275587,0,0,14.99999748,14.99999748
7.32,7.799127973,0,0,1.543277837,0,0,14.99999751,14.99999751
7.325,7.806844368,0,0,1.54328007,0,0,14.99999754,14.99999754
7.33,7.814560773,0,0,1.543282285,0,0,14.99999757,14.99999757
7.335,7.82227719,0,0,1.543284483,0,0,14.9999976,14.9999976
7.34,7.829993618,0,0,1.543286663,0,0,14.99999763,14.99999763
7.345,7.837710057,0,0,1.543288826,0,0,14.99999766,14.99999766
7.35,7.845426506,0,0,1.543290972,0,0,14.99999769,14.99999769
7.355,7.853142967,0,0,1.543293101,0,0,14.99999772,14.99999772
7.36,7.860859437,0,0,1.543295213,0,0,14.99999775,14.99999775
7.365,7.868575919,0,0,1.543297308,0,0,14.99999778,14.99999778
7.37,7.87629241,0,0,1.543299386,0,0,14.99999781,14.99999781
7.375,7.884008913,0,0,1.543301448,0,0,14.99999783,14.99999783
7.38,7.891725425,0,0,1.543303494,0,0,14.99999786,14.99999786
7.385,7.899441948,0,0,1.543305524,0,0,14.99999789,14.99999789
7.39,7.90715848,0,0,1.543307537,0,0,14.99999791,14.99999791
7.395,7.914875023,0,0,1.543309535,0,0,14.99999794,14.99999794
7.4,7.922591575,0,0,1.543311517,0,0,14.99999796,14.99999796
7.405,7.930308138,0,0,1.543313483,0,0,14.99999799,14.99999799
7.41,7.93802471,0,0,1.543315433,0,0,14.99999801,14.99999801
7.415,7.945741292,0,0,1.543317368,0,0,14.99999804,14.99999804
7.42,7.953457884,0,0,1.543319288,0,0,14.99999806,14.99999806
7.425,7.961174485,0,0,1.543321192,0,0,14.99999809,14.99999809
7.43,7.968891096,0,0,1.543323082,0,0,14.99999811,14.99999811
7.435,7.976607716,0,0,1.543324956,0,0,14.99999813,14.99999813
7.44,7.984324345,0,0,1.543326816,0,0,14.99999816,14.99999816
7.445,7.992040984,0,0,1.54332866,0,0,14.99999818,14.99999818
7.45,7.999757632,0,0,1.543330491,0,0,14.9999982,14.9999982
7.455,8.007474289,0,0,1.543332306,0,0,14.99999823,14.99999823
7.46,8.015190955,0,0,1.543334108,0,0,14.99999825,14.99999825
7.465,8.02290763,0,0,1.543335895,0,0,14.99999827,14.99999827
7.47,8.030624314,0,0,1.543337667,0,0,14.99999829,14.99999829
7.475,8.038341007,0,0,1.543339426,0,0,14.99999831,14.99999831
7.48,8.046057708,0,0,1.543341171,0,0,14.99999833,14.99999833
7.485,8.053774418,0,0,1.543342902,0,0,14.99999835,14.99999835
7.49,8.061491137,0,0,1.54334462,0,0,14.99999837,14.99999837
7.495,8.069207865,0,0,1.543346323,0,0,14.99999839,14.99999839
7.5,8.0769246,0,0,1.543348014,0,0,14.99999841,14.99999841
7.505,8.084641345,0,0,1.54334969,0,0,14.99999843,14.99999843
7.51,8.092358097,0,0,1.543351354,0,0,14.99999845,14.99999845
7.515,8.100074858,0,0,1.543353004,0,0,14.99999847,14.99999847
7.52,8.107791627,0,0,1.543354642,0,0,14.99999849,14.99999849
7.525,8.115508405,0,0,1.543356266,0,0,14.99999851,14.99999851
7.53,8.12322519,0,0,1.543357878,0,0,14.99999853,14.99999853
7.535,8.130941983,0,0,1.543359476,0,0,14.99999855,14.99999855
7.54,8.138658785,0,0,1.543361062,0,0,14.99999857,14.99999857
7.545,8.146375594,0,0,1.543362636,0,0,14.99999858,14.99999858
7.55,8.154092411,0,0,1.543364197,0,0,14.9999986,14.9999986
7.555,8.161809236,0,0,1.543365745,0,0,14.99999862,14.99999862
7.56,8.169526068,0,0,1.543367282,0,0,14.99999864,14.99999864
7.565,8.177242909,0,0,1.543368806,0,0,14.99999865,14.99999865
7.57,8.184959756,0,0,1.543370318,0,0,14.99999867,14.99999867
7.575,8.192676612,0,0,1.543371818,0,0,14.99999869,14.99999869
7.58,8.200393475,0,0,1.543373306,0,0,14.9999987,14.9999987
7.585,8.208110345,0,0,1.543374783,0,0,14.99999872,14.99999872
7.59,8.215827222,0,0,1.543376247,0,0,14.99999873,14.99999873
7.595,8.223544107,0,0,1.543377701,0,0,14.99999875,14.99999875
7.6,8.231260999,0,0,1.543379142,0,0,14.99999877,14.99999877
7.605,8.238977899,0,0,1.543380572,0,0,14.99999878,14.99999878
7.61,8.246694805,0,0,1.543381991,0,0,14.9999988,14.9999988
7.615,8.254411719,0,0,1.543383399,0,0,14.99999881,14.99999881
7.62,8.262128639,0,0,1.543384795,0,0,14.99999883,14.99999883
7.625,8.269845567,0,0,1.543386181,0,0,14.99999884,14.99999884
7.63,8.277562501,0,0,1.543387555,0,0,14.99999885,14.99999885
7.635,8.285279442,0,0,1.543388919,0,0,14.99999887,14.99999887
7.64,8.29299639,0,0,1.543390271,0,0,14.99999888,14.99999888
7.645,8.300713345,0,0,1.543391613,0,0,14.9999989,14.9999989
7.65,8.308430306,0,0,1.543392945,0,0,14.99999891,14.99999891
7.655,8.316147274,0,0,1.543394266,0,0,14.99999892,14.99999892
7.66,8.323864249,0,0,1.543395576,0,0,14.99999894,14.99999894
7.665,8.33158123,0,0,1.543396876,0,0,14.99999895,14.99999895
7.67,8.339298218,0,0,1.543398166,0,0,14.99999896,14.99999896
7.675,8.347015212,0,0,1.543399445,0,0,14.99999898,14.99999898
7.68,8.354732212,0,0,1.543400714,0,0,14.99999899,14.99999899
7.685,8.362449219,0,0,1.543401974,0,0,14.999999,14.999999
7.69,8.370166232,0,0,1.543403223,0,0,14.99999901,14.99999901
7.695,8.377883251,0,0,1.543404462,0,0,14.99999903,14.99999903
7.7,8.385600276,0,0,1.543405692,0,0,14.99999904,14.99999904
7.705,8.393317308,0,0,1.543406912,0,0,14.99999905,14.99999905
7.71,8.401034345,0,0,1.543408122,0,0,14.99999906,14.99999906
7.715,8.408751389,0,0,1.543409322,0,0,14.99999907,14.99999907
7.72,8.416468439,0,0,1.543410513,0,0,14.99999909,14.99999909
7.725,8.424185494,0,0,1.543411695,0,0,14.9999991,14.9999991
7.73,8.431902556,0,0,1.543412867,0,0,14.99999911,14.99999911
7.735,8.439619623,0,0,1.54341403,0,0,14.99999912,14.99999912
7.74,8.447336696,0,0,1.543415184,0,0,14.99999913,14.99999913
7.745,8.455053775,0,0,1.543416328,0,0,14.99999914,14.99999914
7.75,8.462770859,0,0,1.543417464,0,0,14.99999915,14.99999915
7.755,8.470487949,0,0,1.54341859,0,0,14.99999916,14.99999916
7.76,8.478205045,0,0,1.543419708,0,0,14.99999917,14.99999917
7.765,8.485922146,0,0,1.543420817,0,0,14.99999918,14.99999918
7.77,8.493639253,0,0,1.543421917,0,0,14.99999919,14.99999919
7.775,8.501356365,0,0,1.543423008,0,0,14.9999992,14.9999992
7.78,8.509073483,0,0,1.54342409,0,0,14.99999921,14.99999921
7.785,8.516790606,0,0,1.543425164,0,0,14.99999922,14.99999922
7.79,8.524507735,0,0,1.54342623,0,0,14.99999923,14.99999923
7.795,8.532224869,0,0,1.543427287,0,0,14.99999924,14.99999924
7.8,8.539942008,0,0,1.543428336,0,0,14.99999925,14.99999925
7.805,8.547659152,0,0,1.543429376,0,0,14.99999926,14.99999926
7.81,8.555376301,0,0,1.543430408,0,0,14.99999927,14.99999927
7.815,8.563093456,0,0,1.543431432,0,0,14.99999928,14.99999928
7.82,8.570810616,0,0,1.543432448,0,0,14.99999929,14.99999929
7.825,8.57852778,0,0,1.543433456,0,0,14.9999993,14.9999993
7.83,8.58624495,0,0,1.543434455,0,0,14.99999931,14.99999931
7.835,8.593962125,0,0,1.543435447,0,0,14.99999931,14.99999931
7.84,8.601679305,0,0,1.543436431,0,0,14.99999932,14.99999932
7.845,8.609396489,0,0,1.543437407,0,0,14.99999933,14.99999933
7.85,8.617113679,0,0,1.543438376,0,0,14.99999934,14.99999934
7.855,8.624830873,0,0,1.543439337,0,0,14.99999935,14.99999935
7.86,8.632548072,0,0,1.54344029,0,0,14.99999936,14.99999936
7.865,8.640265276,0,0,1.543441235,0,0,14.99999936,14.99999936
7.87,8.647982484,0,0,1.543442173,0,0,14.99999937,14.99999937
7.875,8.655699698,0,0,1.543443104,0,0,14.99999938,14.99999938
7.88,8.663416916,0,0,1.543444027,0,0,14.99999939,14.99999939
7.885,8.671134138,0,0,1.543444943,0,0,14.99999939,14.99999939
7.89,8.678851365,0,0,1.543445852,0,0,14.9999994,14.9999994
7.895,8.686568596,0,0,1.543446754,0,0,14.99999941,14.99999941
7.9,8.694285832,0,0,1.543447648,0,0,14.99999942,14.99999942
7.905,8.702003073,0,0,1.543448535,0,0,14.99999942,14.99999942
7.91,8.709720318,0,0,1.543449416,0,0,14.99999943,14.99999943
7.915,8.717437567,0,0,1.543450289,0,0,14.99999944,14.99999944
7.92,8.725154821,0,0,1.543451155,0,0,14.99999945,14.99999945
7.925,8.732872079,0,0,1.543452015,0,0,14.99999945,14.99999945
7.93,8.740589341,0,0,1.543452867,0,0,14.99999946,14.99999946
7.935,8.748306607,0,0,1.543453713,0,0,14.99999947,14.99999947
7.94,8.756023878,0,0,1.543454553,0,0,14.99999947,14.99999947
7.945,8.763741153,0,0,1.543455385,0,0,14.99999948,14.99999948
7.95,8.771458432,0,0,1.543456211,0,0,14.99999949,14.99999949
7.955,8.779175715,0,0,1.543457031,0,0,14.99999949,14.99999949
7.96,8.786893002,0,0,1.543457843,0,0,14.9999995,14.9999995
7.965,8.794610293,0,0,1.54345865,0,0,14.9999995,14.9999995
7.97,8.802327589,0,0,1.54345945,0,0,14.99999951,14.99999951
7.975,8.810044888,0,0,1.543460244,0,0,14.99999952,14.99999952
7.98,8.817762191,0,0,1.543461031,0,0,14.99999952,14.99999952
7.985,8.825479498,0,0,1.543461812,0,0,14.99999953,14.99999953
7.99,8.833196809,0,0,1.543462587,0,0,14.99999953,14.99999953
7.995,8.840914124,0,0,1.543463356,0,0,14.99999954,14.99999954
8,8.848631443,0,0,1.543464119,0,0,14.99999955,14.99999955
8.005,8.856348765,0,0,1.543464876,0,0,14.99999955,14.99999955
8.01,8.864066091,0,0,1.543465627,0,0,14.99999956,14.99999956
8.015,8.871783421,0,0,1.543466371,0,0,14.99999956,14.99999956
8.02,8.879500755,0,0,1.54346711,0,0,14.99999957,14.99999957
8.025,8.887218092,0,0,1.543467843,0,0,14.99999957,14.99999957
8.03,8.894935434,0,0,1.543468571,0,0,14.99999958,14.99999958
8.035,8.902652778,0,0,1.543469292,0,0,14.99999958,14.99999958
8.04,8.910370126,0,0,1.543470008,0,0,14.99999959,14.99999959
8.045,8.918087478,0,0,1.543470718,0,0,14.99999959,14.99999959
8.05,8.925804834,0,0,1.543471422,0,0,14.9999996,14.9999996
8.055,8.933522192,0,0,1.543472121,0,0,14.9999996,14.9999996
8.06,8.941239555,0,0,1.543472814,0,0,14.99999961,14.99999961
8.065,8.948956921,0,0,1.543473502,0,0,14.99999961,14.99999961
8.07,8.95667429,0,0,1.543474185,0,0,14.99999962,14.99999962
8.075,8.964391662,0,0,1.543474862,0,0,14.99999962,14.99999962
8.08,8.972109038,0,0,1.543475533,0,0,14.99999963,14.99999963
8.085,8.979826418,0,0,1.5434762,0,0,14.99999963,14.99999963
8.09,8.9875438,0,0,1.543476861,0,0,14.99999964,14.99999964
8.095,8.995261186,0,0,1.543477516,0,0,14.99999964,14.99999964
8.1,9.002978576,0,0,1.543478167,0,0,14.99999965,14.99999965
8.105,9.010695968,0,0,1.543478812,0,0,14.99999965,14.99999965
8.11,9.018413364,0,0,1.543479452,0,0,14.99999965,14.99999965
8.115,9.026130763,0,0,1.543480088,0,0,14.99999966,14.99999966
8.12,9.033848165,0,0,1.543480718,0,0,14.99999966,14.99999966
8.125,9.04156557,0,0,1.543481343,0,0,14.99999967,14.99999967
8.13,9.049282978,0,0,1.543481963,0,0,14.99999967,14.99999967
8.135,9.057000389,0,0,1.543482579,0,0,14.99999968,14.99999968
8.14,9.064717804,0,0,1.543483189,0,0,14.99999968,14.99999968
8.145,9.072435221,0,0,1.543483795,0,0,14.99999968,14.99999968
8.15,9.080152642,0,0,1.543484395,0,0,14.99999969,14.99999969
8.155,9.087870065,0,0,1.543484991,0,0,14.99999969,14.99999969
8.16,9.095587492,0,0,1.543485583,0,0,14.9999997,14.9999997
8.165,9.103304921,0,0,1.543486169,0,0,14.9999997,14.9999997
8.17,9.111022353,0,0,1.543486751,0,0,14.9999997,14.9999997
8.175,9.118739788,0,0,1.543487329,0,0,14.99999971,14.99999971
8.18,9.126457227,0,0,1.543487901,0,0,14.99999971,14.99999971
8.185,9.134174667,0,0,1.54348847,0,0,14.99999971,14.99999971
8.19,9.141892111,0,0,1.543489033,0,0,14.99999972,14.99999972
8.195,9.149609558,0,0,1.543489593,0,0,14.99999972,14.99999972
8.2,9.157327007,0,0,1.543490148,0,0,14.99999972,14.99999972
8.205,9.165044459,0,0,1.543490698,0,0,14.99999973,14.99999973
8.21,9.172761914,0,0,1.543491244,0,0,14.99999973,14.99999973
8.215,9.180479372,0,0,1.543491786,0,0,14.99999973,14.99999973
8.22,9.188196832,0,0,1.543492323,0,0,14.99999974,14.99999974
8.225,9.195914295,0,0,1.543492856,0,0,14.99999974,14.99999974
8.23,9.203631761,0,0,1.543493385,0,0,14.99999974,14.99999974
8.235,9.211349229,0,0,1.54349391,0,0,14.99999975,14.99999975
8.24,9.2190667,0,0,1.543494431,0,0,14.99999975,14.99999975
8.245,9.226784173,0,0,1.543494947,0,0,14.99999975,14.99999975
8.25,9.234501649,0,0,1.54349546,0,0,14.99999976,14.99999976
8.255,9.242219128,0,0,1.543495968,0,0,14.99999976,14.99999976
8.26,9.249936609,0,0,1.543496472,0,0,14.99999976,14.99999976
8.265,9.257654092,0,0,1.543496973,0,0,14.99999977,14.99999977
8.27,9.265371579,0,0,1.543497469,0,0,14.99999977,14.99999977
8.275,9.273089067,0,0,1.543497961,0,0,14.99999977,14.99999977
8.28,9.280806558,0,0,1.54349845,0,0,14.99999977,14.99999977
8.285,9.288524052,0,0,1.543498934,0,0,14.99999978,14.99999978
8.29,9.296241547,0,0,1.543499415,0,0,14.99999978,14.99999978
8.295,9.303959046,0,0,1.543499892,0,0,14.99999978,14.99999978
8.3,9.311676546,0,0,1.543500365,0,0,14.99999979,14.99999979
8.305,9.319394049,0,0,1.543500835,0,0,14.99999979,14.99999979
8.31,9.327111555,0,0,1.5435013,0,0,14.99999979,14.99999979
8.315,9.334829062,0,0,1.543501762,0,0,14.99999979,14.99999979
8.32,9.342546572,0,0,1.543502221,0,0,14.9999998,14.9999998
8.325,9.350264085,0,0,1.543502676,0,0,14.9999998,14.9999998
8.33,9.357981599,0,0,1.543503127,0,0,14.9999998,14.9999998
8.335,9.365699116,0,0,1.543503574,0,0,14.9999998,14.9999998
8.34,9.373416635,0,0,1.543504018,0,0,14.99999981,14.99999981
8.345,9.381134156,0,0,1.543504459,0,0,14.99999981,14.99999981
8.35,9.388851679,0,0,1.543504896,0,0,14.99999981,14.99999981
8.355,9.396569205,0,0,1.543505329,0,0,14.99999981,14.99999981
8.36,9.404286733,0,0,1.543505759,0,0,14.99999982,14.99999982
8.365,9.412004263,0,0,1.543506186,0,0,14.99999982,14.99999982
8.37,9.419721795,0,0,1.543506609,0,0,14.99999982,14.99999982
8.375,9.427439329,0,0,1.543507029,0,0,14.99999982,14.99999982
8.38,9.435156865,0,0,1.543507446,0,0,14.99999982,14.99999982
8.385,9.442874403,0,0,1.543507859,0,0,14.99999983,14.99999983
8.39,9.450591943,0,0,1.543508269,0,0,14.99999983,14.99999983
8.395,9.458309486,0,0,1.543508676,0,0,14.99999983,14.99999983
8.4,9.46602703,0,0,1.54350908,0,0,14.99999983,14.99999983
8.405,9.473744577,0,0,1.54350948,0,0,14.99999983,14.99999983
8.41,9.481462125,0,0,1.543509877,0,0,14.99999984,14.99999984
8.415,9.489179675,0,0,1.543510271,0,0,14.99999984,14.99999984
8.42,9.496897228,0,0,1.543510662,0,0,14.99999984,14.99999984
8.425,9.504614782,0,0,1.54351105,0,0,14.99999984,14.99999984
8.43,9.512332338,0,0,1.543511435,0,0,14.99999984,14.99999984
8.435,9.520049896,0,0,1.543511816,0,0,14.99999985,14.99999985
8.44,9.527767456,0,0,1.543512195,0,0,14.99999985,14.99999985
8.445,9.535485018,0,0,1.543512571,0,0,14.99999985,14.99999985
8.45,9.543202582,0,0,1.543512943,0,0,14.99999985,14.99999985
8.455,9.550920148,0,0,1.543513313,0,0,14.99999985,14.99999985
8.46,9.558637715,0,0,1.54351368,0,0,14.99999986,14.99999986
8.465,9.566355284,0,0,1.543514044,0,0,14.99999986,14.99999986
8.47,9.574072856,0,0,1.543514405,0,0,14.99999986,14.99999986
8.475,9.581790428,0,0,1.543514763,0,0,14.99999986,14.99999986
8.48,9.589508003,0,0,1.543515118,0,0,14.99999986,14.99999986
8.485,9.59722558,0,0,1.543515471,0,0,14.99999986,14.99999986
8.49,9.604943158,0,0,1.54351582,0,0,14.99999987,14.99999987
8.495,9.612660738,0,0,1.543516167,0,0,14.99999987,14.99999987
8.5,9.62037832,0,0,1.543516511,0,0,14.99999987,14.99999987
8.505,9.628095903,0,0,1.543516853,0,0,14.99999987,14.99999987
8.51,9.635813488,0,0,1.543517192,0,0,14.99999987,14.99999987
8.515,9.643531075,0,0,1.543517528,0,0,14.99999987,14.99999987
8.52,9.651248663,0,0,1.543517861,0,0,14.99999988,14.99999988
8.525,9.658966253,0,0,1.543518192,0,0,14.99999988,14.99999988
8.53,9.666683845,0,0,1.54351852,0,0,14.99999988,14.99999988
8.535,9.674401439,0,0,1.543518845,0,0,14.99999988,14.99999988
8.54,9.682119034,0,0,1.543519168,0,0,14.99999988,14.99999988
8.545,9.68983663,0,0,1.543519489,0,0,14.99999988,14.99999988
8.55,9.697554229,0,0,1.543519807,0,0,14.99999989,14.99999989
8.555,9.705271828,0,0,1.543520122,0,0,14.99999989,14.99999989
8.56,9.71298943,0,0,1.543520435,0,0,14.99999989,14.99999989
8.565,9.720707033,0,0,1.543520745,0,0,14.99999989,14.99999989
8.57,9.728424637,0,0,1.543521053,0,0,14.99999989,14.99999989
8.575,9.736142243,0,0,1.543521358,0,0,14.99999989,14.99999989
8.58,9.743859851,0,0,1.543521661,0,0,14.99999989,14.99999989
8.585,9.75157746,0,0,1.543521962,0,0,14.99999989,14.99999989
8.59,9.75929507,0,0,1.54352226,0,0,14.9999999,14.9999999
8.595,9.767012683,0,0,1.543522556,0,0,14.9999999,14.9999999
8.6,9.774730296,0,0,1.54352285,0,0,14.9999999,14.9999999
8.605,9.782447911,0,0,1.543523141,0,0,14.9999999,14.9999999
8.61,9.790165527,0,0,1.54352343,0,0,14.9999999,14.9999999
8.615,9.797883145,0,0,1.543523716,0,0,14.9999999,14.9999999
8.62,9.805600765,0,0,1.543524001,0,0,14.9999999,14.9999999
8.625,9.813318385,0,0,1.543524283,0,0,14.9999999,14.9999999
8.63,9.821036007,0,0,1.543524563,0,0,14.99999991,14.99999991
8.635,9.828753631,0,0,1.54352484,0,0,14.99999991,14.99999991
8.64,9.836471256,0,0,1.543525116,0,0,14.99999991,14.99999991
8.645,9.844188882,0,0,1.543525389,0,0,14.99999991,14.99999991
8.65,9.85190651,0,0,1.54352566,0,0,14.99999991,14.99999991
8.655,9.859624139,0,0,1.543525929,0,0,14.99999991,14.99999991
8.66,9.867341769,0,0,1.543526196,0,0,14.99999991,14.99999991
8.665,9.875059401,0,0,1.54352646,0,0,14.99999991,14.99999991
8.67,9.882777034,0,0,1.543526723,0,0,14.99999991,14.99999991
8.675,9.890494668,0,0,1.543526983,0,0,14.99999992,14.99999992
8.68,9.898212303,0,0,1.543527242,0,0,14.99999992,14.99999992
8.685,9.90592994,0,0,1.543527498,0,0,14.99999992,14.99999992
8.69,9.913647578,0,0,1.543527753,0,0,14.99999992,14.99999992
8.695,9.921365218,0,0,1.543528005,0,0,14.99999992,14.99999992
8.7,9.929082858,0,0,1.543528255,0,0,14.99999992,14.99999992
8.705,9.9368005,0,0,1.543528504,0,0,14.99999992,14.99999992
8.71,9.944518143,0,0,1.54352875,0,0,14.99999992,14.99999992
8.715,9.952235788,0,0,1.543528994,0,0,14.99999992,14.99999992
8.72,9.959953433,0,0,1.543529237,0,0,14.99999992,14.99999992
8.725,9.96767108,0,0,1.543529477,0,0,14.99999993,14.99999993
8.73,9.975388728,0,0,1.543529716,0,0,14.99999993,14.99999993
8.735,9.983106377,0,0,1.543529953,0,0,14.99999993,14.99999993
8.74,9.990824028,0,0,1.543530188,0,0,14.99999993,14.99999993
8.745,9.998541679,0,0,1.543530421,0,0,14.99999993,14.99999993
8.75,10.00625933,0,0,1.543530652,0,0,14.99999993,14.99999993
8.755,10.01397699,0,0,1.543530881,0,0,14.99999993,14.99999993
8.76,10.02169464,0,0,1.543531109,0,0,14.99999993,14.99999993
8.765,10.0294123,0,0,1.543531334,0,0,14.99999993,14.99999993
8.77,10.03712995,0,0,1.543531558,0,0,14.99999993,14.99999993
8.775,10.04484761,0,0,1.543531781,0,0,14.99999993,14.99999993
8.78,10.05256527,0,0,1.543532001,0,0,14.99999994,14.99999994
8.785,10.06028293,0,0,1.54353222,0,0,14.99999994,14.99999994
8.79,10.06800059,0,0,1.543532436,0,0,14.99999994,14.99999994
8.795,10.07571826,0,0,1.543532652,0,0,14.99999994,14.99999994
8.8,10.08343592,0,0,1.543532865,0,0,14.99999994,14.99999994
8.805,10.09115359,0,0,1.543533077,0,0,14.99999994,14.99999994
8.81,10.09887125,0,0,1.543533287,0,0,14.99999994,14.99999994
8.815,10.10658892,0,0,1.543533496,0,0,14.99999994,14.99999994
8.82,10.11430659,0,0,1.543533702,0,0,14.99999994,14.99999994
8.825,10.12202426,0,0,1.543533907,0,0,14.99999994,14.99999994
8.83,10.12974193,0,0,1.543534111,0,0,14.99999994,14.99999994
8.835,10.1374596,0,0,1.543534313,0,0,14.99999994,14.99999994
8.84,10.14517727,0,0,1.543534513,0,0,14.99999994,14.99999994
8.845,10.15289494,0,0,1.543534712,0,0,14.99999995,14.99999995
8.85,10.16061262,0,0,1.543534909,0,0,14.99999995,14.99999995
8.855,10.16833029,0,0,1.543535105,0,0,14.99999995,14.99999995
8.86,10.17604797,0,0,1.543535299,0,0,14.99999995,14.99999995
8.865,10.18376564,0,0,1.543535491,0,0,14.99999995,14.99999995
8.87,10.19148332,0,0,1.543535682,0,0,14.99999995,14.99999995
8.875,10.199201,0,0,1.543535872,0,0,14.99999995,14.99999995
8.88,10.20691868,0,0,1.54353606,0,0,14.99999995,14.99999995
8.885,10.21463636,0,0,1.543536246,0,0,14.99999995,14.99999995
8.89,10.22235404,0,0,1.543536431,0,0,14.99999995,14.99999995
8.895,10.23007173,0,0,1.543536615,0,0,14.99999995,14.99999995
8.9,10.23778941,0,0,1.543536797,0,0,14.99999995,14.99999995
8.905,10.24550709,0,0,1.543536977,0,0,14.99999995,14.99999995
8.91,10.25322478,0,0,1.543537157,0,0,14.99999995,14.99999995
8.915,10.26094246,0,0,1.543537334,0,0,14.99999995,14.99999995
8.92,10.26866015,0,0,1.543537511,0,0,14.99999995,14.99999995
8.925,10.27637784,0,0,1.543537686,0,0,14.99999996,14.99999996
8.93,10.28409553,0,0,1.543537859,0,0,14.99999996,14.99999996
8.935,10.29181322,0,0,1.543538031,0,0,14.99999996,14.99999996
8.94,10.29953091,0,0,1.543538202,0,0,14.99999996,14.99999996
8.945,10.3072486,0,0,1.543538372,0,0,14.99999996,14.99999996
8.95,10.31496629,0,0,1.54353854,0,0,14.99999996,14.99999996
8.955,10.32268399,0,0,1.543538707,0,0,14.99999996,14.99999996
8.96,10.33040168,0,0,1.543538872,0,0,14.99999996,14.99999996
8.965,10.33811937,0,0,1.543539036,0,0,14.99999996,14.99999996
8.97,10.34583707,0,0,1.543539199,0,0,14.99999996,14.99999996
8.975,10.35355477,0,0,1.543539361,0,0,14.99999996,14.99999996
8.98,10.36127246,0,0,1.543539521,0,0,14.99999996,14.99999996
8.985,10.36899016,0,0,1.54353968,0,0,14.99999996,14.99999996
8.99,10.37670786,0,0,1.543539838,0,0,14.99999996,14.99999996
8.995,10.38442556,0,0,1.543539994,0,0,14.99999996,14.99999996
9,10.39214326,0,0,1.54354015,0,0,14.99999996,14.99999996
9.005,10.39986096,0,0,1.543540304,0,0,14.99999996,14.99999996
9.01,10.40757866,0,0,1.543540456,0,0,14.99999996,14.99999996
9.015,10.41529637,0,0,1.543540608,0,0,14.99999996,14.99999996
9.02,10.42301407,0,0,1.543540759,0,0,14.99999996,14.99999996
9.025,10.43073177,0,0,1.543540908,0,0,14.99999996,14.99999996
9.03,10.43844948,0,0,1.543541056,0,0,14.99999997,14.99999997
9.035,10.44616718,0,0,1.543541203,0,0,14.99999997,14.99999997
9.04,10.45388489,0,0,1.543541348,0,0,14.99999997,14.99999997
9.045,10.4616026,0,0,1.543541493,0,0,14.99999997,14.99999997
9.05,10.46932031,0,0,1.543541636,0,0,14.99999997,14.99999997
9.055,10.47703801,0,0,1.543541778,0,0,14.99999997,14.99999997
9.06,10.48475572,0,0,1.54354192,0,0,14.99999997,14.99999997
9.065,10.49247343,0,0,1.54354206,0,0,14.99999997,14.99999997
9.07,10.50019114,0,0,1.543542199,0,0,14.99999997,14.99999997
9.075,10.50790886,0,0,1.543542336,0,0,14.99999997,14.99999997
9.08,10.51562657,0,0,1.543542473,0,0,14.99999997,14.99999997
9.085,10.52334428,0,0,1.543542609,0,0,14.99999997,14.99999997
9.09,10.53106199,0,0,1.543542743,0,0,14.99999997,14.99999997
9.095,10.53877971,0,0,1.543542877,0,0,14.99999997,14.99999997
9.1,10.54649742,0,0,1.543543009,0,0,14.99999997,14.99999997
9.105,10.55421514,0,0,1.54354314,0,0,14.99999997,14.99999997
9.11,10.56193285,0,0,1.543543271,0,0,14.99999997,14.99999997
9.115,10.56965057,0,0,1.5435434,0,0,14.99999997,14.99999997
9.12,10.57736829,0,0,1.543543528,0,0,14.99999997,14.99999997
9.125,10.58508601,0,0,1.543543656,0,0,14.99999997,14.99999997
9.13,10.59280372,0,0,1.543543782,0,0,14.99999997,14.99999997
9.135,10.60052144,0,0,1.543543907,0,0,14.99999997,14.99999997
9.14,10.60823916,0,0,1.543544031,0,0,14.99999997,14.99999997
9.145,10.61595688,0,0,1.543544155,0,0,14.99999997,14.99999997
9.15,10.6236746,0,0,1.543544277,0,0,14.99999997,14.99999997
9.155,10.63139233,0,0,1.543544398,0,0,14.99999997,14.99999997
9.16,10.63911005,0,0,1.543544519,0,0,14.99999998,14.99999998
9.165,10.64682777,0,0,1.543544638,0,0,14.99999998,14.99999998
9.17,10.6545455,0,0,1.543544756,0,0,14.99999998,14.99999998
9.175,10.66226322,0,0,1.543544874,0,0,14.99999998,14.99999998
9.18,10.66998094,0,0,1.543544991,0,0,14.99999998,14.99999998
9.185,10.67769867,0,0,1.543545106,0,0,14.99999998,14.99999998
9.19,10.6854164,0,0,1.543545221,0,0,14.99999998,14.99999998
9.195,10.69313412,0,0,1.543545335,0,0,14.99999998,14.99999998
9.2,10.70085185,0,0,1.543545448,0,0,14.99999998,14.99999998
9.205,10.70856958,0,0,1.54354556,0,0,14.99999998,14.99999998
9.21,10.7162873,0,0,1.543545671,0,0,14.99999998,14.99999998
9.215,10.72400503,0,0,1.543545781,0,0,14.99999998,14.99999998
9.22,10.73172276,0,0,1.543545891,0,0,14.99999998,14.99999998
9.225,10.73944049,0,0,1.543545999,0,0,14.99999998,14.99999998
9.23,10.74715822,0,0,1.543546107,0,0,14.99999998,14.99999998
9.235,10.75487595,0,0,1.543546214,0,0,14.99999998,14.99999998
9.24,10.76259368,0,0,1.54354632,0,0,14.99999998,14.99999998
9.245,10.77031142,0,0,1.543546425,0,0,14.99999998,14.99999998
9.25,10.77802915,0,0,1.543546529,0,0,14.99999998,14.99999998
9.255,10.78574688,0,0,1.543546632,0,0,14.99999998,14.99999998
9.26,10.79346461,0,0,1.543546735,0,0,14.99999998,14.99999998
9.265,10.80118235,0,0,1.543546837,0,0,14.99999998,14.99999998
9.27,10.80890008,0,0,1.543546938,0,0,14.99999998,14.99999998
9.275,10.81661782,0,0,1.543547038,0,0,14.99999998,14.99999998
9.28,10.82433555,0,0,1.543547138,0,0,14.99999998,14.99999998
9.285,10.83205329,0,0,1.543547236,0,0,14.99999998,14.99999998
9.29,10.83977103,0,0,1.543547334,0,0,14.99999998,14.99999998
9.295,10.84748876,0,0,1.543547431,0,0,14.99999998,14.99999998
9.3,10.8552065,0,0,1.543547527,0,0,14.99999998,14.99999998
9.305,10.86292424,0,0,1.543547623,0,0,14.99999998,14.99999998
9.31,10.87064198,0,0,1.543547718,0,0,14.99999998,14.99999998
9.315,10.87835972,0,0,1.543547812,0,0,14.99999998,14.99999998
9.32,10.88607745,0,0,1.543547905,0,0,14.99999998,14.99999998
9.325,10.89379519,0,0,1.543547998,0,0,14.99999998,14.99999998
9.33,10.90151293,0,0,1.543548089,0,0,14.99999998,14.99999998
9.335,10.90923067,0,0,1.543548181,0,0,14.99999998,14.99999998
9.34,10.91694842,0,0,1.543548271,0,0,14.99999998,14.99999998
9.345,10.92466616,0,0,1.543548361,0,0,14.99999998,14.99999998
9.35,10.9323839,0,0,1.543548449,0,0,14.99999998,14.99999998
9.355,10.94010164,0,0,1.543548538,0,0,14.99999998,14.99999998
9.36,10.94781939,0,0,1.543548625,0,0,14.99999998,14.99999998
9.365,10.95553713,0,0,1.543548712,0,0,14.99999999,14.99999999
9.37,10.96325487,0,0,1.543548798,0,0,14.99999999,14.99999999
9.375,10.97097262,0,0,1.543548884,0,0,14.99999999,14.99999999
9.38,10.97869036,0,0,1.543548969,0,0,14.99999999,14.99999999
9.385,10.98640811,0,0,1.543549053,0,0,14.99999999,14.99999999
9.39,10.99412585,0,0,1.543549136,0,0,14.99999999,14.99999999
9.395,11.0018436,0,0,1.543549219,0,0,14.99999999,14.99999999
9.4,11.00956134,0,0,1.543549301,0,0,14.99999999,14.99999999
9.405,11.01727909,0,0,1.543549383,0,0,14.99999999,14.99999999
9.41,11.02499684,0,0,1.543549463,0,0,14.99999999,14.99999999
9.415,11.03271459,0,0,1.543549544,0,0,14.99999999,14.99999999
9.42,11.04043233,0,0,1.543549623,0,0,14.99999999,14.99999999
9.425,11.04815008,0,0,1.543549702,0,0,14.99999999,14.99999999
9.43,11.05586783,0,0,1.54354978,0,0,14.99999999,14.99999999
9.435,11.06358558,0,0,1.543549858,0,0,14.99999999,14.99999999
9.44,11.07130333,0,0,1.543549935,0,0,14.99999999,14.99999999
9.445,11.07902108,0,0,1.543550012,0,0,14.99999999,14.99999999
9.45,11.08673883,0,0,1.543550087,0,0,14.99999999,14.99999999
9.455,11.09445658,0,0,1.543550163,0,0,14.99999999,14.99999999
9.46,11.10217433,0,0,1.543550237,0,0,14.99999999,14.99999999
9.465,11.10989208,0,0,1.543550311,0,0,14.99999999,14.99999999
9.47,11.11760983,0,0,1.543550385,0,0,14.99999999,14.99999999
9.475,11.12532759,0,0,1.543550458,0,0,14.99999999,14.99999999
9.48,11.13304534,0,0,1.54355053,0,0,14.99999999,14.99999999
9.485,11.14076309,0,0,1.543550602,0,0,14.99999999,14.99999999
9.49,11.14848084,0,0,1.543550673,0,0,14.99999999,14.99999999
9.495,11.1561986,0,0,1.543550744,0,0,14.99999999,14.99999999
9.5,11.16391635,0,0,1.543550814,0,0,14.99999999,14.99999999
9.505,11.17163411,0,0,1.543550883,0,0,14.99999999,14.99999999
9.51,11.17935186,0,0,1.543550952,0,0,14.99999999,14.99999999
9.515,11.18706962,0,0,1.54355102,0,0,14.99999999,14.99999999
9.52,11.19478737,0,0,1.543551088,0,0,14.99999999,14.99999999
9.525,11.20250513,0,0,1.543551156,0,0,14.99999999,14.99999999
9.53,11.21022288,0,0,1.543551222,0,0,14.99999999,14.99999999
9.535,11.21794064,0,0,1.543551289,0,0,14.99999999,14.99999999
9.54,11.22565839,0,0,1.543551354,0,0,14.99999999,14.99999999
9.545,11.23337615,0,0,1.54355142,0,0,14.99999999,14.99999999
9.55,11.24109391,0,0,1.543551484,0,0,14.99999999,14.99999999
9.555,11.24881167,0,0,1.543551548,0,0,14.99999999,14.99999999
9.56,11.25652942,0,0,1.543551612,0,0,14.99999999,14.99999999
9.565,11.26424718,0,0,1.543551675,0,0,14.99999999,14.99999999
9.57,11.27196494,0,0,1.543551738,0,0,14.99999999,14.99999999
9.575,11.2796827,0,0,1.5435518,0,0,14.99999999,14.99999999
9.58,11.28740046,0,0,1.543551862,0,0,14.99999999,14.99999999
9.585,11.29511822,0,0,1.543551923,0,0,14.99999999,14.99999999
9.59,11.30283598,0,0,1.543551984,0,0,14.99999999,14.99999999
9.595,11.31055374,0,0,1.543552044,0,0,14.99999999,14.99999999
9.6,11.3182715,0,0,1.543552104,0,0,14.99999999,14.99999999
9.605,11.32598926,0,0,1.543552163,0,0,14.99999999,14.99999999
9.61,11.33370702,0,0,1.543552222,0,0,14.99999999,14.99999999
9.615,11.34142478,0,0,1.54355228,0,0,14.99999999,14.99999999
9.62,11.34914254,0,0,1.543552338,0,0,14.99999999,14.99999999
9.625,11.35686031,0,0,1.543552395,0,0,14.99999999,14.99999999
9.63,11.36457807,0,0,1.543552452,0,0,14.99999999,14.99999999
9.635,11.37229583,0,0,1.543552509,0,0,14.99999999,14.99999999
9.64,11.38001359,0,0,1.543552565,0,0,14.99999999,14.99999999
9.645,11.38773136,0,0,1.54355262,0,0,14.99999999,14.99999999
9.65,11.39544912,0,0,1.543552675,0,0,14.99999999,14.99999999
9.655,11.40316688,0,0,1.54355273,0,0,14.99999999,14.99999999
9.66,11.41088465,0,0,1.543552784,0,0,14.99999999,14.99999999
9.665,11.41860241,0,0,1.543552838,0,0,14.99999999,14.99999999
9.67,11.42632017,0,0,1.543552892,0,0,14.99999999,14.99999999
9.675,11.43403794,0,0,1.543552945,0,0,14.99999999,14.99999999
9.68,11.4417557,0,0,1.543552997,0,0,14.99999999,14.99999999
9.685,11.44947347,0,0,1.54355305,0,0,14.99999999,14.99999999
9.69,11.45719123,0,0,1.543553101,0,0,14.99999999,14.99999999
9.695,11.464909,0,0,1.543553153,0,0,14.99999999,14.99999999
9.7,11.47262677,0,0,1.543553204,0,0,14.99999999,14.99999999
9.705,11.48034453,0,0,1.543553254,0,0,14.99999999,14.99999999
9.71,11.4880623,0,0,1.543553304,0,0,14.99999999,14.99999999
9.715,11.49578007,0,0,1.543553354,0,0,14.99999999,14.99999999
9.72,11.50349783,0,0,1.543553403,0,0,14.99999999,14.99999999
9.725,11.5112156,0,0,1.543553452,0,0,14.99999999,14.99999999
9.73,11.51893337,0,0,1.543553501,0,0,14.99999999,14.99999999
9.735,11.52665113,0,0,1.543553549,0,0,14.99999999,14.99999999
9.74,11.5343689,0,0,1.543553597,0,0,14.99999999,14.99999999
9.745,11.54208667,0,0,1.543553644,0,0,14.99999999,14.99999999
9.75,11.54980444,0,0,1.543553691,0,0,14.99999999,14.99999999
9.755,11.55752221,0,0,1.543553738,0,0,14.99999999,14.99999999
9.76,11.56523998,0,0,1.543553784,0,0,14.99999999,14.99999999
9.765,11.57295774,0,0,1.54355383,0,0,14.99999999,14.99999999
9.77,11.58067551,0,0,1.543553876,0,0,14.99999999,14.99999999
9.775,11.58839328,0,0,1.543553921,0,0,14.99999999,14.99999999
9.78,11.59611105,0,0,1.543553966,0,0,14.99999999,14.99999999
9.785,11.60382882,0,0,1.54355401,0,0,14.99999999,14.99999999
9.79,11.61154659,0,0,1.543554055,0,0,14.99999999,14.99999999
9.795,11.61926436,0,0,1.543554098,0,0,14.99999999,14.99999999
9.8,11.62698213,0,0,1.543554142,0,0,14.99999999,14.99999999
9.805,11.63469991,0,0,1.543554185,0,0,15,15
9.81,11.64241768,0,0,1.543554228,0,0,15,15
9.815,11.65013545,0,0,1.54355427,0,0,15,15
9.82,11.65785322,0,0,1.543554312,0,0,15,15
9.825,11.66557099,0,0,1.543554354,0,0,15,15
9.83,11.67328876,0,0,1.543554395,0,0,15,15
9.835,11.68100653,0,0,1.543554436,0,0,15,15
9.84,11.68872431,0,0,1.543554477,0,0,15,15
9.845,11.69644208,0,0,1.543554518,0,0,15,15
9.85,11.70415985,0,0,1.543554558,0,0,15,15
9.855,11.71187762,0,0,1.543554598,0,0,15,15
9.86,11.7195954,0,0,1.543554637,0,0,15,15
9.865,11.72731317,0,0,1.543554676,0,0,15,15
9.87,11.73503094,0,0,1.543554715,0,0,15,15
9.875,11.74274872,0,0,1.543554754,0,0,15,15
9.88,11.75046649,0,0,1.543554792,0,0,15,15
9.885,11.75818427,0,0,1.54355483,0,0,15,15
9.89,11.76590204,0,0,1.543554867,0,0,15,15
9.895,11.77361981,0,0,1.543554905,0,0,15,15
9.9,11.78133759,0,0,1.543554942,0,0,15,15
9.905,11.78905536,0,0,1.543554979,0,0,15,15
9.91,11.79677314,0,0,1.543555015,0,0,15,15
9.915,11.80449091,0,0,1.543555051,0,0,15,15
9.92,11.81220869,0,0,1.543555087,0,0,15,15
9.925,11.81992647,0,0,1.543555123,0,0,15,15
9.93,11.82764424,0,0,1.543555158,0,0,15,15
9.935,11.83536202,0,0,1.543555193,0,0,15,15
9.94,11.84307979,0,0,1.543555228,0,0,15,15
9.945,11.85079757,0,0,1.543555262,0,0,15,15
9.95,11.85851535,0,0,1.543555297,0,0,15,15
9.955,11.86623312,0,0,1.543555331,0,0,15,15
9.96,11.8739509,0,0,1.543555364,0,0,15,15
9.965,11.88166868,0,0,1.543555398,0,0,15,15
9.97,11.88938645,0,0,1.543555431,0,0,15,15
9.975,11.89710423,0,0,1.543555464,0,0,15,15
9.98,11.90482201,0,0,1.543555496,0,0,15,15
9.985,11.91253979,0,0,1.543555529,0,0,15,15
9.99,11.92025756,0,0,1.543555561,0,0,15,15
9.995,11.92797534,0,0,1.543555593,0,0,15,15
10,11.93569312,0,0,1.543555624,0,0,15,15
10.005,11.9434109,0,0,1.543555656,0,0,15,15
10.01,11.95112868,0,0,1.543555687,0,0,15,15
10.015,11.95884645,0,0,1.543555717,0,0,15,15
10.02,11.96656423,0,0,1.543555748,0,0,15,15
10.025,11.97428201,0,0,1.543555778,0,0,15,15
10.03,11.98199979,0,0,1.543555809,0,0,15,15
10.035,11.98971757,0,0,1.543555838,0,0,15,15
10.04,11.99743535,0,0,1.543555868,0,0,15,15
10.045,12.00515313,0,0,1.543555898,0,0,15,15
10.05,12.01287091,0,0,1.543555927,0,0,15,15
10.055,12.02058869,0,0,1.543555956,0,0,15,15
10.06,12.02830647,0,0,1.543555984,0,0,15,15
10.065,12.03602425,0,0,1.543556013,0,0,15,15
10.07,12.04374203,0,0,1.543556041,0,0,15,15
10.075,12.05145981,0,0,1.543556069,0,0,15,15
10.08,12.05917759,0,0,1.543556097,0,0,15,15
10.085,12.06689537,0,0,1.543556125,0,0,15,15
10.09,12.07461315,0,0,1.543556152,0,0,15,15
10.095,12.08233093,0,0,1.543556179,0,0,15,15
10.1,12.09004871,0,0,1.543556206,0,0,15,15
10.105,12.09776649,0,0,1.543556233,0,0,15,15
10.11,12.10548427,0,0,1.543556259,0,0,15,15
10.115,12.11320205,0,0,1.543556286,0,0,15,15
10.12,12.12091984,0,0,1.543556312,0,0,15,15
10.125,12.12863762,0,0,1.543556338,0,0,15,15
10.13,12.1363554,0,0,1.543556363,0,0,15,15
10.135,12.14407318,0,0,1.543556389,0,0,15,15
10.14,12.15179096,0,0,1.543556414,0,0,15,15
10.145,12.15950875,0,0,1.543556439,0,0,15,15
10.15,12.16722653,0,0,1.543556464,0,0,15,15
10.155,12.17494431,0,0,1.543556489,0,0,15,15
10.16,12.18266209,0,0,1.543556513,0,0,15,15
10.165,12.19037988,0,0,1.543556538,0,0,15,15
10.17,12.19809766,0,0,1.543556562,0,0,15,15
10.175,12.20581544,0,0,1.543556586,0,0,15,15
10.18,12.21353322,0,0,1.543556609,0,0,15,15
10.185,12.22125101,0,0,1.543556633,0,0,15,15
10.19,12.22896879,0,0,1.543556656,0,0,15,15
10.195,12.23668657,0,0,1.543556679,0,0,15,15
10.2,12.24440436,0,0,1.543556702,0,0,15,15
10.205,12.25212214,0,0,1.543556725,0,0,15,15
10.21,12.25983992,0,0,1.543556748,0,0,15,15
10.215,12.26755771,0,0,1.54355677,0,0,15,15
10.22,12.27527549,0,0,1.543556792,0,0,15,15
10.225,12.28299328,0,0,1.543556815,0,0,15,15
10.23,12.29071106,0,0,1.543556836,0,0,15,15
10.235,12.29842884,0,0,1.543556858,0,0,15,15
10.24,12.30614663,0,0,1.54355688,0,0,15,15
10.245,12.31386441,0,0,1.543556901,0,0,15,15
10.25,12.3215822,0,0,1.543556922,0,0,15,15
10.255,12.32929998,0,0,1.543556943,0,0,15,15
10.26,12.33701777,0,0,1.543556964,0,0,15,15
10.265,12.34473555,0,0,1.543556985,0,0,15,15
10.27,12.35245334,0,0,1.543557006,0,0,15,15
10.275,12.36017112,0,0,1.543557026,0,0,15,15
10.28,12.36788891,0,0,1.543557046,0,0,15,15
10.285,12.37560669,0,0,1.543557066,0,0,15,15
10.29,12.38332448,0,0,1.543557086,0,0,15,15
10.295,12.39104226,0,0,1.543557106,0,0,15,15
10.3,12.39876005,0,0,1.543557126,0,0,15,15
10.305,12.40647783,0,0,1.543557145,0,0,15,15
10.31,12.41419562,0,0,1.543557164,0,0,15,15
10.315,12.42191341,0,0,1.543557183,0,0,15,15
10.32,12.42963119,0,0,1.543557202,0,0,15,15
10.325,12.43734898,0,0,1.543557221,0,0,15,15
10.33,12.44506676,0,0,1.54355724,0,0,15,15
10.335,12.45278455,0,0,1.543557258,0,0,15,15
10.34,12.46050234,0,0,1.543557277,0,0,15,15
10.345,12.46822012,0,0,1.543557295,0,0,15,15
10.35,12.47593791,0,0,1.543557313,0,0,15,15
10.355,12.4836557,0,0,1.543557331,0,0,15,15
10.36,12.49137348,0,0,1.543557349,0,0,15,15
10.365,12.49909127,0,0,1.543557367,0,0,15,15
10.37,12.50680906,0,0,1.543557384,0,0,15,15
10.375,12.51452684,0,0,1.543557402,0,0,15,15
10.38,12.52224463,0,0,1.543557419,0,0,15,15
10.385,12.52996242,0,0,1.543557436,0,0,15,15
10.39,12.53768021,0,0,1.543557453,0,0,15,15
10.395,12.54539799,0,0,1.54355747,0,0,15,15
10.4,12.55311578,0,0,1.543557486,0,0,15,15
10.405,12.56083357,0,0,1.543557503,0,0,15,15
10.41,12.56855136,0,0,1.543557519,0,0,15,15
10.415,12.57626914,0,0,1.543557536,0,0,15,15
10.42,12.58398693,0,0,1.543557552,0,0,15,15
10.425,12.59170472,0,0,1.543557568,0,0,15,15
10.43,12.59942251,0,0,1.543557584,0,0,15,15
10.435,12.60714029,0,0,1.5435576,0,0,15,15
10.44,12.61485808,0,0,1.543557615,0,0,15,15
10.445,12.62257587,0,0,1.543557631,0,0,15,15
10.45,12.63029366,0,0,1.543557646,0,0,15,15
10.455,12.63801145,0,0,1.543557662,0,0,15,15
10.46,12.64572924,0,0,1.543557677,0,0,15,15
10.465,12.65344702,0,0,1.543557692,0,0,15,15
10.47,12.66116481,0,0,1.543557707,0,0,15,15
10.475,12.6688826,0,0,1.543557722,0,0,15,15
10.48,12.67660039,0,0,1.543557737,0,0,15,15
10.485,12.68431818,0,0,1.543557751,0,0,15,15
10.49,12.69203597,0,0,1.543557766,0,0,15,15
10.495,12.69975376,0,0,1.54355778,0,0,15,15
10.5,12.70747154,0,0,1.543557794,0,0,15,15
10.505,12.71518933,0,0,1.543557808,0,0,15,15
10.51,12.72290712,0,0,1.543557822,0,0,15,15
10.515,12.73062491,0,0,1.543557836,0,0,15,15
10.52,12.7383427,0,0,1.54355785,0,0,15,15
10.525,12.74606049,0,0,1.543557864,0,0,15,15
10.53,12.75377828,0,0,1.543557877,0,0,15,15
10.535,12.76149607,0,0,1.543557891,0,0,15,15
10.54,12.76921386,0,0,1.543557904,0,0,15,15
10.545,12.77693165,0,0,1.543557918,0,0,15,15
10.55,12.78464944,0,0,1.543557931,0,0,15,15
10.555,12.79236723,0,0,1.543557944,0,0,15,15
10.56,12.80008502,0,0,1.543557957,0,0,15,15
10.565,12.80780281,0,0,1.54355797,0,0,15,15
10.57,12.8155206,0,0,1.543557982,0,0,15,15
10.575,12.82323839,0,0,1.543557995,0,0,15,15
10.58,12.83095618,0,0,1.543558007,0,0,15,15
10.585,12.83867397,0,0,1.54355802,0,0,15,15
10.59,12.84639176,0,0,1.543558032,0,0,15,15
10.595,12.85410955,0,0,1.543558045,0,0,15,15
10.6,12.86182734,0,0,1.543558057,0,0,15,15
10.605,12.86954513,0,0,1.543558069,0,0,15,15
10.61,12.87726292,0,0,1.543558081,0,0,15,15
10.615,12.88498071,0,0,1.543558093,0,0,15,15
10.62,12.8926985,0,0,1.543558104,0,0,15,15
10.625,12.90041629,0,0,1.543558116,0,0,15,15
10.63,12.90813408,0,0,1.543558128,0,0,15,15
10.635,12.91585187,0,0,1.543558139,0,0,15,15
10.64,12.92356966,0,0,1.543558151,0,0,15,15
10.645,12.93128745,0,0,1.543558162,0,0,15,15
10.65,12.93900524,0,0,1.543558173,0,0,15,15
10.655,12.94672303,0,0,1.543558184,0,0,15,15
10.66,12.95444083,0,0,1.543558195,0,0,15,15
10.665,12.96215862,0,0,1.543558206,0,0,15,15
10.67,12.96987641,0,0,1.543558217,0,0,15,15
10.675,12.9775942,0,0,1.543558228,0,0,15,15
10.68,12.98531199,0,0,1.543558239,0,0,15,15
10.685,12.99302978,0,0,1.543558249,0,0,15,15
10.69,13.00074757,0,0,1.54355826,0,0,15,15
10.695,13.00846536,0,0,1.54355827,0,0,15,15
10.7,13.01618315,0,0,1.543558281,0,0,15,15
10.705,13.02390095,0,0,1.543558291,0,0,15,15
10.71,13.03161874,0,0,1.543558301,0,0,15,15
10.715,13.03933653,0,0,1.543558311,0,0,15,15
10.72,13.04705432,0,0,1.543558321,0,0,15,15
10.725,13.05477211,0,0,1.543558331,0,0,15,15
10.73,13.0624899,0,0,1.543558341,0,0,15,15
10.735,13.0702077,0,0,1.543558351,0,0,15,15
10.74,13.07792549,0,0,1.543558361,0,0,15,15
10.745,13.08564328,0,0,1.54355837,0,0,15,15
10.75,13.09336107,0,0,1.54355838,0,0,15,15
10.755,13.10107886,0,0,1.543558389,0,0,15,15
10.76,13.10879666,0,0,1.543558399,0,0,15,15
10.765,13.11651445,0,0,1.543558408,0,0,15,15
10.77,13.12423224,0,0,1.543558417,0,0,15,15
10.775,13.13195003,0,0,1.543558427,0,0,15,15
10.78,13.13966782,0,0,1.543558436,0,0,15,15
10.785,13.14738562,0,0,1.543558445,0,0,15,15
10.79,13.15510341,0,0,1.543558454,0,0,15,15
10.795,13.1628212,0,0,1.543558463,0,0,15,15
10.8,13.17053899,0,0,1.543558471,0,0,15,15
10.805,13.17825678,0,0,1.54355848,0,0,15,15
10.81,13.18597458,0,0,1.543558489,0,0,15,15
10.815,13.19369237,0,0,1.543558498,0,0,15,15
10.82,13.20141016,0,0,1.543558506,0,0,15,15
10.825,13.20912795,0,0,1.543558515,0,0,15,15
10.83,13.21684575,0,0,1.543558523,0,0,15,15
10.835,13.22456354,0,0,1.543558531,0,0,15,15
10.84,13.23228133,0,0,1.54355854,0,0,15,15
10.845,13.23999913,0,0,1.543558548,0,0,15,15
10.85,13.24771692,0,0,1.543558556,0,0,15,15
10.855,13.25543471,0,0,1.543558564,0,0,15,15
10.86,13.2631525,0,0,1.543558572,0,0,15,15
10.865,13.2708703,0,0,1.54355858,0,0,15,15
10.87,13.27858809,0,0,1.543558588,0,0,15,15
10.875,13.28630588,0,0,1.543558596,0,0,15,15
10.88,13.29402368,0,0,1.543558604,0,0,15,15
10.885,13.30174147,0,0,1.543558611,0,0,15,15
10.89,13.30945926,0,0,1.543558619,0,0,15,15
10.895,13.31717705,0,0,1.543558627,0,0,15,15
10.9,13.32489485,0,0,1.543558634,0,0,15,15
10.905,13.33261264,0,0,1.543558642,0,0,15,15
10.91,13.34033043,0,0,1.543558649,0,0,15,15
10.915,13.34804823,0,0,1.543558656,0,0,15,15
10.92,13.35576602,0,0,1.543558664,0,0,15,15
10.925,13.36348381,0,0,1.543558671,0,0,15,15
10.93,13.37120161,0,0,1.543558678,0,0,15,15
10.935,13.3789194,0,0,1.543558685,0,0,15,15
10.94,13.38663719,0,0,1.543558692,0,0,15,15
10.945,13.39435499,0,0,1.543558699,0,0,15,15
10.95,13.40207278,0,0,1.543558706,0,0,15,15
10.955,13.40979058,0,0,1.543558713,0,0,15,15
10.96,13.41750837,0,0,1.54355872,0,0,15,15
10.965,13.42522616,0,0,1.543558727,0,0,15,15
10.97,13.43294396,0,0,1.543558734,0,0,15,15
10.975,13.44066175,0,0,1.54355874,0,0,15,15
10.98,13.44837954,0,0,1.543558747,0,0,15,15
10.985,13.45609734,0,0,1.543558754,0,0,15,15
10.99,13.46381513,0,0,1.54355876,0,0,15,15
10.995,13.47153292,0,0,1.543558767,0,0,15,15
11,13.47925072,0,0,1.543558773,0,0,15,15
11.005,13.48696851,0,0,1.543558779,0,0,15,15
11.01,13.49468631,0,0,1.543558786,0,0,15,15
11.015,13.5024041,0,0,1.543558792,0,0,15,15
11.02,13.51012189,0,0,1.543558798,0,0,15,15
11.025,13.51783969,0,0,1.543558804,0,0,15,15
11.03,13.52555748,0,0,1.543558811,0,0,15,15
11.035,13.53327528,0,0,1.543558817,0,0,15,15
11.04,13.54099307,0,0,1.543558823,0,0,15,15
11.045,13.54871086,0,0,1.543558829,0,0,15,15
11.05,13.55642866,0,0,1.543558835,0,0,15,15
11.055,13.56414645,0,0,1.543558841,0,0,15,15
11.06,13.57186425,0,0,1.543558846,0,0,15,15
11.065,13.57958204,0,0,1.543558852,0,0,15,15
11.07,13.58729984,0,0,1.543558858,0,0,15,15
11.075,13.59501763,0,0,1.543558864,0,0,15,15
11.08,13.60273542,0,0,1.543558869,0,0,15,15
11.085,13.61045322,0,0,1.543558875,0,0,15,15
11.09,13.61817101,0,0,1.54355888,0,0,15,15
11.095,13.62588881,0,0,1.543558886,0,0,15,15
11.1,13.6336066,0,0,1.543558891,0,0,15,15
11.105,13.6413244,0,0,1.543558897,0,0,15,15
11.11,13.64904219,0,0,1.543558902,0,0,15,15
11.115,13.65675999,0,0,1.543558908,0,0,15,15
11.12,13.66447778,0,0,1.543558913,0,0,15,15
11.125,13.67219557,0,0,1.543558918,0,0,15,15
11.13,13.67991337,0,0,1.543558923,0,0,15,15
11.135,13.68763116,0,0,1.543558929,0,0,15,15
11.14,13.69534896,0,0,1.543558934,0,0,15,15
11.145,13.70306675,0,0,1.543558939,0,0,15,15
11.15,13.71078455,0,0,1.543558944,0,0,15,15
11.155,13.71850234,0,0,1.543558949,0,0,15,15
11.16,13.72622014,0,0,1.543558954,0,0,15,15
11.165,13.73393793,0,0,1.543558959,0,0,15,15
11.17,13.74165573,0,0,1.543558964,0,0,15,15
11.175,13.74937352,0,0,1.543558969,0,0,15,15
11.18,13.75709132,0,0,1.543558973,0,0,15,15
11.185,13.76480911,0,0,1.543558978,0,0,15,15
11.19,13.77252691,0,0,1.543558983,0,0,15,15
11.195,13.7802447,0,0,1.543558988,0,0,15,15
11.2,13.7879625,0,0,1.543558992,0,0,15,15
11.205,13.79568029,0,0,1.543558997,0,0,15,15
11.21,13.80339809,0,0,1.543559002,0,0,15,15
11.215,13.81111588,0,0,1.543559006,0,0,15,15
11.22,13.81883368,0,0,1.543559011,0,0,15,15
11.225,13.82655147,0,0,1.543559015,0,0,15,15
11.23,13.83426927,0,0,1.54355902,0,0,15,15
11.235,13.84198706,0,0,1.543559024,0,0,15,15
11.24,13.84970486,0,0,1.543559029,0,0,15,15
11.245,13.85742265,0,0,1.543559033,0,0,15,15
11.25,13.86514045,0,0,1.543559037,0,0,15,15
11.255,13.87285824,0,0,1.543559041,0,0,15,15
11.26,13.88057604,0,0,1.543559046,0,0,15,15
11.265,13.88829383,0,0,1.54355905,0,0,15,15
11.27,13.89601163,0,0,1.543559054,0,0,15,15
11.275,13.90372942,0,0,1.543559058,0,0,15,15
11.28,13.91144722,0,0,1.543559062,0,0,15,15
11.285,13.91916501,0,0,1.543559066,0,0,15,15
11.29,13.92688281,0,0,1.543559071,0,0,15,15
11.295,13.9346006,0,0,1.543559075,0,0,15,15
11.3,13.9423184,0,0,1.543559079,0,0,15,15
11.305,13.9500362,0,0,1.543559082,0,0,15,15
11.31,13.95775399,0,0,1.543559086,0,0,15,15
11.315,13.96547179,0,0,1.54355909,0,0,15,15
11.32,13.97318958,0,0,1.543559094,0,0,15,15
11.325,13.98090738,0,0,1.543559098,0,0,15,15
11.33,13.98862517,0,0,1.543559102,0,0,15,15
11.335,13.99634297,0,0,1.543559106,0,0,15,15
11.34,14.00406076,0,0,1.543559109,0,0,15,15
11.345,14.01177856,0,0,1.543559113,0,0,15,15
11.35,14.01949635,0,0,1.543559117,0,0,15,15
11.355,14.02721415,0,0,1.54355912,0,0,15,15
11.36,14.03493195,0,0,1.543559124,0,0,15,15
11.365,14.04264974,0,0,1.543559128,0,0,15,15
11.37,14.05036754,0,0,1.543559131,0,0,15,15
11.375,14.05808533,0,0,1.543559135,0,0,15,15
11.38,14.06580313,0,0,1.543559138,0,0,15,15
11.385,14.07352092,0,0,1.543559142,0,0,15,15
11.39,14.08123872,0,0,1.543559145,0,0,15,15
11.395,14.08895652,0,0,1.543559149,0,0,15,15
11.4,14.09667431,0,0,1.543559152,0,0,15,15
11.405,14.10439211,0,0,1.543559155,0,0,15,15
11.41,14.1121099,0,0,1.543559159,0,0,15,15
11.415,14.1198277,0,0,1.543559162,0,0,15,15
11.42,14.12754549,0,0,1.543559165,0,0,15,15
11.425,14.13526329,0,0,1.543559169,0,0,15,15
11.43,14.14298109,0,0,1.543559172,0,0,15,15
11.435,14.15069888,0,0,1.543559175,0,0,15,15
11.44,14.15841668,0,0,1.543559178,0,0,15,15
11.445,14.16613447,0,0,1.543559181,0,0,15,15
11.45,14.17385227,0,0,1.543559185,0,0,15,15
11.455,14.18157007,0,0,1.543559188,0,0,15,15
11.46,14.18928786,0,0,1.543559191,0,0,15,15
11.465,14.19700566,0,0,1.543559194,0,0,15,15
11.47,14.20472345,0,0,1.543559197,0,0,15,15
11.475,14.21244125,0,0,1.5435592,0,0,15,15
11.48,14.22015905,0,0,1.543559203,0,0,15,15
11.485,14.22787684,0,0,1.543559206,0,0,15,15
11.49,14.23559464,0,0,1.543559209,0,0,15,15
11.495,14.24331243,0,0,1.543559212,0,0,15,15
11.5,14.25103023,0,0,1.543559215,0,0,15,15
11.505,14.25874803,0,0,1.543559217,0,0,15,15
11.51,14.26646582,0,0,1.54355922,0,0,15,15
11.515,14.27418362,0,0,1.543559223,0,0,15,15
11.52,14.28190141,0,0,1.543559226,0,0,15,15
11.525,14.28961921,0,0,1.543559229,0,0,15,15
11.53,14.29733701,0,0,1.543559232,0,0,15,15
11.535,14.3050548,0,0,1.543559234,0,0,15,15
11.54,14.3127726,0,0,1.543559237,0,0,15,15
11.545,14.3204904,0,0,1.54355924,0,0,15,15
11.55,14.32820819,0,0,1.543559242,0,0,15,15
11.555,14.33592599,0,0,1.543559245,0,0,15,15
11.56,14.34364378,0,0,1.543559248,0,0,15,15
11.565,14.35136158,0,0,1.54355925,0,0,15,15
11.57,14.35907938,0,0,1.543559253,0,0,15,15
11.575,14.36679717,0,0,1.543559255,0,0,15,15
11.58,14.37451497,0,0,1.543559258,0,0,15,15
11.585,14.38223277,0,0,1.543559261,0,0,15,15
11.59,14.38995056,0,0,1.543559263,0,0,15,15
11.595,14.39766836,0,0,1.543559266,0,0,15,15
11.6,14.40538615,0,0,1.543559268,0,0,15,15
11.605,14.41310395,0,0,1.54355927,0,0,15,15
11.61,14.42082175,0,0,1.543559273,0,0,15,15
11.615,14.42853954,0,0,1.543559275,0,0,15,15
11.62,14.43625734,0,0,1.543559278,0,0,15,15
11.625,14.44397514,0,0,1.54355928,0,0,15,15
11.63,14.45169293,0,0,1.543559282,0,0,15,15
11.635,14.45941073,0,0,1.543559285,0,0,15,15
11.64,14.46712853,0,0,1.543559287,0,0,15,15
11.645,14.47484632,0,0,1.543559289,0,0,15,15
11.65,14.48256412,0,0,1.543559292,0,0,15,15
11.655,14.49028191,0,0,1.543559294,0,0,15,15
11.66,14.49799971,0,0,1.543559296,0,0,15,15
11.665,14.50571751,0,0,1.543559298,0,0,15,15
11.67,14.5134353,0,0,1.543559301,0,0,15,15
11.675,14.5211531,0,0,1.543559303,0,0,15,15
11.68,14.5288709,0,0,1.543559305,0,0,15,15
11.685,14.53658869,0,0,1.543559307,0,0,15,15
11.69,14.54430649,0,0,1.543559309,0,0,15,15
11.695,14.55202429,0,0,1.543559311,0,0,15,15
11.7,14.55974208,0,0,1.543559314,0,0,15,15
11.705,14.56745988,0,0,1.543559316,0,0,15,15
11.71,14.57517768,0,0,1.543559318,0,0,15,15
11.715,14.58289547,0,0,1.54355932,0,0,15,15
11.72,14.59061327,0,0,1.543559322,0,0,15,15
11.725,14.59833107,0,0,1.543559324,0,0,15,15
11.73,14.60604886,0,0,1.543559326,0,0,15,15
11.735,14.61376666,0,0,1.543559328,0,0,15,15
11.74,14.62148446,0,0,1.54355933,0,0,15,15
11.745,14.62920225,0,0,1.543559332,0,0,15,15
11.75,14.63692005,0,0,1.543559334,0,0,15,15
11.755,14.64463785,0,0,1.543559336,0,0,15,15
11.76,14.65235564,0,0,1.543559338,0,0,15,15
11.765,14.66007344,0,0,1.543559339,0,0,15,15
11.77,14.66779124,0,0,1.543559341,0,0,15,15
11.775,14.67550903,0,0,1.543559343,0,0,15,15
11.78,14.68322683,0,0,1.543559345,0,0,15,15
11.785,14.69094463,0,0,1.543559347,0,0,15,15
11.79,14.69866242,0,0,1.543559349,0,0,15,15
11.795,14.70638022,0,0,1.543559351,0,0,15,15
11.8,14.71409802,0,0,1.543559352,0,0,15,15
11.805,14.72181581,0,0,1.543559354,0,0,15,15
11.81,14.72953361,0,0,1.543559356,0,0,15,15
11.815,14.73725141,0,0,1.543559358,0,0,15,15
11.82,14.7449692,0,0,1.543559359,0,0,15,15
11.825,14.752687,0,0,1.543559361,0,0,15,15
11.83,14.7604048,0,0,1.543559363,0,0,15,15
11.835,14.76812259,0,0,1.543559365,0,0,15,15
11.84,14.77584039,0,0,1.543559366,0,0,15,15
11.845,14.78355819,0,0,1.543559368,0,0,15,15
11.85,14.79127598,0,0,1.54355937,0,0,15,15
11.855,14.79899378,0,0,1.543559371,0,0,15,15
11.86,14.80671158,0,0,1.543559373,0,0,15,15
11.865,14.81442938,0,0,1.543559375,0,0,15,15
11.87,14.82214717,0,0,1.543559376,0,0,15,15
11.875,14.82986497,0,0,1.543559378,0,0,15,15
11.88,14.83758277,0,0,1.543559379,0,0,15,15
11.885,14.84530056,0,0,1.543559381,0,0,15,15
11.89,14.85301836,0,0,1.543559382,0,0,15,15
11.895,14.86073616,0,0,1.543559384,0,0,15,15
11.9,14.86845395,0,0,1.543559386,0,0,15,15
11.905,14.87617175,0,0,1.543559387,0,0,15,15
11.91,14.88388955,0,0,1.543559389,0,0,15,15
11.915,14.89160734,0,0,1.54355939,0,0,15,15
11.92,14.89932514,0,0,1.543559392,0,0,15,15
11.925,14.90704294,0,0,1.543559393,0,0,15,15
11.93,14.91476074,0,0,1.543559394,0,0,15,15
11.935,14.92247853,0,0,1.543559396,0,0,15,15
11.94,14.93019633,0,0,1.543559397,0,0,15,15
11.945,14.93791413,0,0,1.543559399,0,0,15,15
11.95,14.94563192,0,0,1.5435594,0,0,15,15
11.955,14.95334972,0,0,1.543559402,0,0,15,15
11.96,14.96106752,0,0,1.543559403,0,0,15,15
11.965,14.96878531,0,0,1.543559404,0,0,15,15
11.97,14.97650311,0,0,1.543559406,0,0,15,15
11.975,14.98422091,0,0,1.543559407,0,0,15,15
11.98,14.99193871,0,0,1.543559408,0,0,15,15
11.985,14.9996565,0,0,1.54355941,0,0,15,15
11.99,15.0073743,0,0,1.543559411,0,0,15,15
11.995,15.0150921,0,0,1.543559412,0,0,15,15
12,15.02280989,0,0,1.543559414,0,0,15,15
