time,x,y,psi,u,v,r,left,right,distance
0,0,0,0,0,0,0,0,0,20
0.05,0,0,0,0,0,0,0,0,20
0.1,0,0,0,0,0,0,0,0,20
0.15,0,0,0,0,0,0,0,0,20
0.2,0,0,0,0,0,0,0,0,20
0.25,0,0,0,0,0,0,0,0,20
0.3,0,0,0,0,0,0,0,0,20
0.35,0,0,0,0,0,0,0,0,20
0.4,0,0,0,0,0,0,0,0,20
0.45,0,0,0,0,0,0,0,0,20
0.5,0,0,0,0,0,0,0,0,20
0.55,0,0,0,0,0,0,0,0,20
0.6,0,0,0,0,0,0,0,0,20
0.65,0,0,0,0,0,0,0,0,20
0.7,0,0,0,0,0,0,0,0,20
0.75,0,0,0,0,0,0,0,0,20
0.8,0,0,0,0,0,0,0,0,20
0.85,0,0,0,0,0,0,0,0,20
0.9,0,0,0,0,0,0,0,0,20
0.95,0,0,0,0,0,0,0,0,20
1,0,0,0,0,0,0,100,150,20
1.05,0.00172749449,4.80008027e-08,0.0001656757399,0.06892014015,-7.591869807e-06,0.006577869292,100,150,19.99827251
1.1,0.006872628547,7.568750305e-07,0.0006529796553,0.1366775557,-5.920132342e-05,0.01286728282,100,150,19.99312737
1.15,0.0153731708,3.772411169e-06,0.001447807559,0.2031105665,-0.000194679632,0.01888089008,100,150,19.98462683
1.2,0.02715914587,1.172721623e-05,0.002536673767,0.2680711471,-0.0004494499,0.02463078586,100,150,19.97284085
1.25,0.04215354692,2.813611748e-05,0.003906683975,0.3314259404,-0.0008546576185,0.03012853455,100,150,19.95784645
1.3,0.06027309262,5.728544044e-05,0.005545509328,0.3930569854,-0.001437343153,0.03538519343,100,150,19.93972691
1.35,0.08142901373,0.0001041191461,0.007441361618,0.4528621605,-0.002220633487,0.04041133487,100,150,19.91857099
1.4,0.1055278553,0.0001741246149,0.009582969583,0.5107553513,-0.003223950216,0.04521706764,100,150,19.89447215
1.45,0.1324722806,0.000273220594,0.01195955623,0.5666663596,-0.004463230576,0.04981205719,100,150,19.86752772
1.5,0.1621618649,0.0004076495061,0.01456081717,0.6205405762,-0.0059511582,0.05420554514,100,150,19.83783814
1.55,0.1944938672,0.0005838759565,0.01737689987,0.6723384456,-0.00769740029,0.05840636783,100,150,19.80550614
1.6,0.2293639703,0.0008084929096,0.02039838388,0.7220347521,-0.009708848003,0.0624229741,100,150,19.77063605
1.65,0.2666669812,0.001088136628,0.02361626184,0.7696177597,-0.01198985703,0.06626344229,100,150,19.73333305
1.7,0.3062974853,0.001429411112,0.0270219214,0.8150882392,-0.0145424856,0.0699354965,100,150,19.69370257
1.75,0.3481504497,0.001838822454,0.03060712786,0.8584584119,-0.01736672741,0.0734465221,100,150,19.65184964
1.8,0.3921217708,0.002322723208,0.03436400766,0.8997508425,-0.02046073727,0.07680358057,100,150,19.60787837
1.85,0.4381087663,0.002887266618,0.0382850325,0.9389973052,-0.02382104782,0.08001342377,100,150,19.56189145
1.9,0.48601061,0.003538370355,0.0423630042,0.9762376503,-0.0274427756,0.08308250744,100,150,19.51398971
1.95,0.5357287084,0.004281689211,0.04659104028,1.01151869,-0.03131981554,0.08601700424,100,150,19.46427176
2,0.5871670238,0.005122596085,0.05096256002,1.044893121,-0.03544502294,0.08882281612,100,150,19.41283365
2.05,0.6402323428,0.006066170492,0.05547127133,1.076418501,-0.03981038246,0.09150558625,100,150,19.35976861
2.1,0.6948344952,0.007117193781,0.06011115801,1.106156282,-0.04440716383,0.0940707103,100,150,19.30516682
2.15,0.7508865254,0.008280150228,0.0648764677,1.13417092,-0.04922606437,0.09652334735,100,150,19.24911526
2.2,0.8083048209,0.009559233151,0.0697617003,1.160529052,-0.05425733828,0.09886843023,100,150,19.19169756
2.25,0.867009201,0.01095835523,0.07476159688,1.185298759,-0.05949091329,0.1011106754,100,150,19.13299394
2.3,0.9269229697,0.01248116225,0.07987112915,1.208548897,-0.06491649493,0.1032545927,100,150,19.07308111
2.35,0.987972937,0.01413104956,0.08508548932,1.230348512,-0.07052365917,0.1053044939,100,150,19.01203231
2.4,1.050089413,0.01591118056,0.09040008042,1.250766325,-0.07630193402,0.1072645019,100,150,18.94991727
2.45,1.113206174,0.01782450663,0.09581050708,1.269870291,-0.08224087076,0.1091385587,100,150,18.88680224
2.5,1.177260416,0.01987378792,0.1013125667,1.28772722,-0.08833010556,0.1109304335,100,150,18.82275008
2.55,1.24219268,0.02206161464,0.1069022409,1.304402464,-0.0945594124,0.1126437302,100,150,18.75782029
2.6,1.30794677,0.02439042836,0.1125756876,1.319959654,-0.1009187477,0.1142818946,100,150,18.69206914
2.65,1.37446966,0.02686254297,0.1183292331,1.334460498,-0.107398288,0.1158482214,100,150,18.62554971
2.7,1.441711383,0.02948016517,0.124159365,1.347964618,-0.1139884601,0.117345861,100,150,18.55831203
2.75,1.509624923,0.03224541405,0.1300627247,1.360529424,-0.1206799668,0.1187778254,100,150,18.49040319
2.8,1.578166096,0.03516033975,0.136036101,1.372210038,-0.1274638057,0.1201469946,100,150,18.42186746
2.85,1.64729343,0.03822694106,0.1420764235,1.383059234,-0.1343312844,0.1214561224,100,150,18.35274638
2.9,1.716968038,0.04144718173,0.1481807565,1.393127416,-0.1412740309,0.1227078417,100,150,18.28307894
2.95,1.7871535,0.04482300565,0.1543462929,1.402462614,-0.148284001,0.12390467,100,150,18.21290166
3,1.857815736,0.0483563506,0.1605703488,1.411110502,-0.1553534822,0.1250490145,100,150,18.14224871
3.05,1.928922882,0.05204916085,0.1668503581,1.419114431,-0.1624750947,0.1261431766,100,150,18.07115207
3.1,2.000445177,0.05590339837,0.1731838669,1.426515474,-0.1696417905,0.1271893571,100,150,17.99964164
3.15,2.072354838,0.05992105291,0.1795685292,1.433352488,-0.1768468503,0.1281896599,100,150,17.9277453
3.2,2.144625953,0.06410415067,0.1860021018,1.439662177,-0.184083879,0.129146097,100,150,17.85548912
3.25,2.217234363,0.06845476208,0.1924824399,1.445479165,-0.1913467991,0.130060592,100,150,17.78289739
3.3,2.290157565,0.07297500822,0.1990074927,1.450836077,-0.1986298443,0.1309349841,100,150,17.70999278
3.35,2.363374601,0.07766706637,0.2055752993,1.455763615,-0.2059275508,0.131771032,100,150,17.63679641
3.4,2.436865966,0.08253317454,0.2121839849,1.460290646,-0.2132347487,0.1325704171,100,150,17.56332795
3.45,2.510613511,0.08757563505,0.2188317568,1.464444284,-0.2205465529,0.1333347473,100,150,17.48960575
3.5,2.584600356,0.09279681735,0.225516901,1.468249973,-0.2278583532,0.1340655596,100,150,17.41564687
3.55,2.658810804,0.09819915997,0.2322377787,1.471731574,-0.2351658041,0.1347643241,100,150,17.34146723
3.6,2.733230261,0.1037851719,0.2389928227,1.474911441,-0.2424648155,0.135432446,100,150,17.26708165
3.65,2.807845161,0.1095574333,0.245780535,1.47781051,-0.2497515414,0.1360712691,100,150,17.19250391
3.7,2.882642892,0.1155185954,0.2525994828,1.480448371,-0.2570223707,0.1366820782,100,150,17.1177469
3.75,2.95761173,0.1216713804,0.2594482964,1.482843343,-0.2642739166,0.1372661019,100,150,17.04282259
3.8,3.032740771,0.1280185801,0.2663256662,1.485012553,-0.2715030069,0.1378245147,100,150,16.96774217
3.85,3.108019878,0.1345630553,0.2732303398,1.486972,-0.2787066739,0.1383584397,100,150,16.89251608
3.9,3.183439617,0.1413077334,0.2801611199,1.488736627,-0.2858821453,0.1388689508,100,150,16.81715407
3.95,3.258991209,0.1482556071,0.2871168618,1.49032038,-0.2930268346,0.1393570747,100,150,16.74166524
4,3.334666476,0.1554097317,0.2940964706,1.491736276,-0.3001383321,0.1398237931,100,150,16.66605813
4.05,3.410457799,0.1627732229,0.3010989,1.492996453,-0.3072143963,0.1402700449,100,150,16.59034073
4.1,3.486358069,0.1703492539,0.308123149,1.494112232,-0.3142529452,0.1406967274,100,150,16.51452054
4.15,3.562360651,0.1781410531,0.3151682609,1.495094165,-0.3212520486,0.1411046988,100,150,16.43860461
4.2,3.638459343,0.1861519003,0.3222333207,1.495952086,-0.3282099196,0.1414947796,100,150,16.36259959
4.25,3.71464834,0.1943851244,0.3293174538,1.496695156,-0.3351249077,0.1418677545,100,150,16.28651173
4.3,3.790922204,0.2028440999,0.3364198236,1.49733191,-0.3419954911,0.1422243735,100,150,16.21034697
4.35,3.867275827,0.2115322439,0.3435396305,1.497870294,-0.3488202703,0.1425653538,100,150,16.13411092
4.4,3.94370441,0.2204530126,0.3506761098,1.498317708,-0.3555979609,0.1428913814,100,150,16.05780893
4.45,4.02020343,0.2296098982,0.3578285303,1.498681037,-0.3623273879,0.1432031118,100,150,15.98144609
4.5,4.096768616,0.2390064256,0.3649961931,1.498966691,-0.3690074792,0.1435011721,100,150,15.90502727
4.55,4.173395928,0.2486461492,0.3721784297,1.499180634,-0.3756372602,0.1437861617,100,150,15.82855715
4.6,4.250081534,0.2585326497,0.379374601,1.499328414,-0.382215848,0.1440586538,100,150,15.75204021
4.65,4.32682179,0.2686695306,0.386584096,1.499415191,-0.3887424465,0.1443191964,100,150,15.67548081
4.7,4.403613221,0.2790604153,0.3938063303,1.499445765,-0.3952163415,0.1445683137,100,150,15.59888314
4.75,4.480452506,0.2897089442,0.4010407453,1.499424599,-0.4016368957,0.1448065065,100,150,15.52225131
4.8,4.557336457,0.3006187711,0.4082868068,1.499355841,-0.4080035444,0.145034254,100,150,15.4455893
4.85,4.63426201,0.3117935604,0.4155440042,1.499243348,-0.4143157914,0.1452520142,100,150,15.36890104
4.9,4.711226208,0.3232369846,0.4228118491,1.499090705,-0.4205732048,0.145460225,100,150,15.29219037
4.95,4.788226189,0.3349527206,0.4300898746,1.498901243,-0.4267754133,0.1456593053,100,150,15.21546108
5,4.865259175,0.3469444479,0.4373776341,1.498678056,-0.4329221025,0.1458496555,100,150,15.13871693
5.05,4.942322459,0.359215845,0.444674701,1.498424021,-0.4390130116,0.1460316583,100,150,15.06196166
5.1,5.019413398,0.3717705872,0.451980667,1.498141807,-0.4450479302,0.1462056799,100,150,14.98519897
5.15,5.096529402,0.384612344,0.4592951418,1.497833894,-0.4510266949,0.1463720701,100,150,14.9084326
5.2,5.173667927,0.3977447768,0.4666177524,1.497502586,-0.456949187,0.1465311638,100,150,14.83166625
5.25,5.250826464,0.411171536,0.4739481419,1.49715002,-0.4628153291,0.1466832808,100,150,14.75490366
5.3,5.328002535,0.4248962591,0.4812859693,1.49677818,-0.4686250831,0.1468287271,100,150,14.6781486
5.35,5.405193686,0.4389225685,0.4886309083,1.496388908,-0.4743784472,0.1469677952,100,150,14.60140488
5.4,5.48239748,0.4532540691,0.4959826472,1.495983912,-0.480075454,0.1471007649,100,150,14.52467632
5.45,5.559611493,0.4678943462,0.5033408876,1.495564776,-0.4857161682,0.1472279035,100,150,14.44796682
5.5,5.636833305,0.4828469638,0.5107053446,1.495132971,-0.4913006844,0.1473494667,100,150,14.37128034
5.55,5.714060501,0.4981154625,0.5180757455,1.494689859,-0.4968291252,0.1474656991,100,150,14.29462089
5.6,5.791290663,0.5137033576,0.5254518296,1.494236701,-0.5023016394,0.1475768345,100,150,14.21799255
5.65,5.868521366,0.5296141374,0.5328333477,1.49377467,-0.5077184004,0.1476830962,100,150,14.14139949
5.7,5.945750179,0.5458512615,0.5402200615,1.493304848,-0.5130796041,0.1477846982,100,150,14.06484595
5.75,6.022974656,0.5624181593,0.5476117433,1.49282824,-0.5183854679,0.1478818446,100,150,13.98833627
5.8,6.100192336,0.5793182281,0.555008175,1.492345774,-0.5236362286,0.1479747309,100,150,13.91187488
5.85,6.177400741,0.596554832,0.5624091485,1.49185831,-0.5288321417,0.148063544,100,150,13.83546631
5.9,6.254597372,0.6141313001,0.5698144645,1.491366644,-0.5339734796,0.1481484623,100,150,13.75911518
5.95,6.331779709,0.6320509256,0.5772239326,1.490871511,-0.5390605305,0.1482296568,100,150,13.68282625
6,6.408945206,0.650316964,0.5846373708,1.490373589,-0.5440935972,0.1483072907,100,150,13.60660437
6.05,6.486091294,0.6689326323,0.592054605,1.489873508,-0.5490729962,0.1483815202,100,150,13.53045451
6.1,6.563215375,0.6879011075,0.5994754686,1.489371845,-0.5539990563,0.1484524945,100,150,13.45438178
6.15,6.640314823,0.7072255255,0.6068998026,1.488869137,-0.5588721179,0.1485203565,100,150,13.37839138
6.2,6.717386983,0.7269089804,0.6143274547,1.488365874,-0.5636925321,0.1485852425,100,150,13.30248869
6.25,6.79442917,0.746954523,0.6217582794,1.487862511,-0.5684606594,0.1486472831,100,150,13.22667918
6.3,6.871438666,0.76736516,0.6291921376,1.487359466,-0.5731768695,0.148706603,100,150,13.15096848
6.35,6.948412724,0.7881438534,0.6366288963,1.486857124,-0.5778415402,0.1487633217,100,150,13.07536237
6.4,7.025348562,0.809293519,0.6440684283,1.486355836,-0.5824550564,0.1488175531,100,150,12.99986677
6.45,7.102243367,0.8308170261,0.651510612,1.485855929,-0.58701781,0.1488694063,100,150,12.92448773
6.5,7.179094291,0.8527171967,0.6589553311,1.485357698,-0.5915301987,0.1489189856,100,150,12.84923149
6.55,7.255898455,0.8749968044,0.6664024743,1.484861417,-0.5959926259,0.1489663907,100,150,12.77410441
6.6,7.332652944,0.897658574,0.6738519355,1.484367333,-0.6004054995,0.149011717,100,150,12.69911305
6.65,7.409354811,0.9207051808,0.6813036129,1.483875676,-0.6047692321,0.1490550557,100,150,12.62426411
6.7,7.486001075,0.9441392497,0.6887574094,1.483386651,-0.6090842397,0.1490964938,100,150,12.54956446
6.75,7.562588722,0.9679633553,0.696213232,1.482900448,-0.613350942,0.1491361148,100,150,12.47502114
6.8,7.639114702,0.9921800205,0.7036709919,1.482417239,-0.6175697612,0.1491739983,100,150,12.40064138
6.85,7.715575935,1.016791717,0.7111306042,1.481937179,-0.6217411221,0.1492102205,100,150,12.32643257
6.9,7.791969307,1.041800863,0.7185919875,1.481460407,-0.6258654517,0.1492448543,100,150,12.25240231
6.95,7.868291671,1.067209825,0.7260550643,1.480987052,-0.6299431783,0.1492779693,100,150,12.17855836
7,7.944539848,1.093020916,0.7335197602,1.480517226,-0.6339747318,0.1493096321,100,150,12.10490868
7.05,8.020710625,1.119236396,0.7409860043,1.480051032,-0.6379605429,0.1493399064,100,150,12.03146143
7.1,8.096800762,1.14585847,0.7484537287,1.479588561,-0.641901043,0.1493688532,100,150,11.95822494
7.15,8.172806983,1.172889291,0.7559228685,1.479129893,-0.6457966639,0.1493965305,100,150,11.88520778
7.2,8.248725984,1.200330954,0.7633933616,1.478675099,-0.6496478374,0.1494229941,100,150,11.81241869
7.25,8.324554431,1.228185501,0.7708651486,1.478224242,-0.6534549952,0.1494482972,100,150,11.73986665
7.3,8.40028896,1.25645492,0.7783381728,1.477777376,-0.6572185685,0.1494724908,100,150,11.66756081
7.35,8.475926177,1.285141143,0.78581238,1.477334547,-0.660938988,0.1494956234,100,150,11.59551056
7.4,8.551462662,1.314246044,0.7932877182,1.476895795,-0.6646166834,0.1495177415,100,150,11.52372552
7.45,8.626894964,1.343771445,0.800764138,1.476461154,-0.6682520834,0.1495388897,100,150,11.4522155
7.5,8.702219607,1.373719109,0.8082415917,1.47603065,-0.6718456155,0.1495591106,100,150,11.38099055
7.55,8.777433087,1.404090746,0.8157200342,1.475604305,-0.6753977057,0.1495784446,100,150,11.31006096
7.6,8.852531877,1.434888006,0.8231994221,1.475182136,-0.6789087785,0.1495969309,100,150,11.23943723
7.65,8.927512421,1.466112486,0.8306797138,1.474764154,-0.6823792566,0.1496146065,100,150,11.16913009
7.7,9.00237114,1.497765724,0.8381608698,1.474350368,-0.6858095609,0.1496315069,100,150,11.09915054
7.75,9.077104431,1.529849204,0.8456428521,1.47394078,-0.6892001101,0.1496476662,100,150,11.02950979
7.8,9.151708669,1.562364351,0.8531256246,1.47353539,-0.6925513212,0.1496631169,100,150,10.9602193
7.85,9.226180204,1.595312535,0.8606091525,1.473134195,-0.6958636085,0.1496778901,100,150,10.89129079
7.9,9.300515365,1.628695069,0.8680934028,1.472737188,-0.6991373842,0.1496920154,100,150,10.82273621
7.95,9.37471046,1.662513208,0.8755783438,1.472344359,-0.7023730581,0.1497055213,100,150,10.75456777
8,9.448761778,1.696768151,0.8830639451,1.471955696,-0.7055710373,0.1497184349,100,150,10.68679794
8.05,9.522665585,1.731461041,0.8905501778,1.471571185,-0.7087317265,0.1497307822,100,150,10.61943943
8.1,9.596418131,1.766592964,0.8980370143,1.471190807,-0.7118555274,0.1497425881,100,150,10.55250522
8.15,9.670015646,1.802164948,0.905524428,1.470814546,-0.7149428392,0.1497538762,100,150,10.48600855
8.2,9.743454342,1.838177966,0.9130123937,1.470442379,-0.7179940583,0.1497646694,100,150,10.41996291
8.25,9.816730415,1.874632934,0.920500887,1.470074284,-0.721009578,0.1497749892,100,150,10.35438207
8.3,9.889840045,1.91153071,0.927989885,1.469710238,-0.7239897889,0.1497848565,100,150,10.28928005
8.35,9.962779395,1.948872098,0.9354793655,1.469350214,-0.7269350784,0.149794291,100,150,10.22467114
8.4,10.03554461,1.986657843,0.9429693072,1.468994186,-0.7298458311,0.1498033119,100,150,10.16056989
8.45,10.10813184,2.024888635,0.9504596901,1.468642127,-0.7327224282,0.1498119371,100,150,10.09699112
8.5,10.18053719,2.063565108,0.9579504947,1.468294007,-0.7355652482,0.1498201842,100,150,10.03394991
8.55,10.25275677,2.10268784,0.9654417025,1.467949797,-0.7383746662,0.1498280695,100,150,9.971461611
8.6,10.32478669,2.142257351,0.9729332958,1.467609466,-0.7411510542,0.1498356091,100,150,9.909541824
8.65,10.39662302,2.182274107,0.9804252579,1.467272982,-0.743894781,0.1498428181,100,150,9.848206418
8.7,10.46826185,2.222738519,0.9879175724,1.466940315,-0.7466062122,0.1498497109,100,150,9.78747152
8.75,10.53969923,2.263650939,0.9954102239,1.46661143,-0.7492857103,0.1498563014,100,150,9.727353509
8.8,10.61093122,2.305011668,1.002903198,1.466286296,-0.7519336343,0.149862603,100,150,9.667869019
8.85,10.68195387,2.346820948,1.01039648,1.465964878,-0.7545503402,0.1498686282,100,150,9.609034929
8.9,10.75276322,2.389078968,1.017890056,1.465647144,-0.7571361805,0.1498743891,100,150,9.55086836
8.95,10.82335529,2.43178586,1.025383914,1.465333058,-0.7596915046,0.1498798975,100,150,9.493386674
9,10.89372612,2.474941704,1.032878042,1.465022586,-0.7622166587,0.1498851643,100,150,9.436607459
9.05,10.96387173,2.518546522,1.040372427,1.464715694,-0.7647119855,0.1498902001,100,150,9.380548531
9.1,11.03378812,2.562600284,1.047867058,1.464412346,-0.7671778245,0.1498950151,100,150,9.325227918
9.15,11.1034713,2.607102906,1.055361925,1.464112509,-0.769614512,0.1498996189,100,150,9.270663859
9.2,11.17291729,2.652054248,1.062857017,1.463816146,-0.772022381,0.1499040209,100,150,9.216874788
9.25,11.24212208,2.697454118,1.070352324,1.463523223,-0.7744017611,0.1499082298,100,150,9.163879327
9.3,11.31108168,2.743302268,1.077847837,1.463233705,-0.7767529788,0.1499122542,100,150,9.111696274
9.35,11.37979207,2.789598399,1.085343546,1.462947556,-0.7790763573,0.149916102,100,150,9.060344587
9.4,11.44824925,2.836342158,1.092839444,1.462664742,-0.7813722164,0.1499197812,100,150,9.009843377
9.45,11.51644923,2.883533138,1.100335522,1.462385228,-0.7836408731,0.149923299,100,150,8.960211887
9.5,11.58438799,2.931170881,1.107831771,1.462108978,-0.7858826405,0.1499266625,100,150,8.91146948
9.55,11.65206152,2.979254875,1.115328185,1.461835958,-0.7880978292,0.1499298785,100,150,8.863635621
9.6,11.71946583,3.027784557,1.122824757,1.461566134,-0.790286746,0.1499329535,100,150,8.816729859
9.65,11.78659692,3.076759309,1.130321479,1.46129947,-0.792449695,0.1499358937,100,150,8.770771807
9.7,11.85345077,3.126178466,1.137818344,1.461035933,-0.7945869767,0.1499387049,100,150,8.725781123
9.75,11.92002339,3.176041307,1.145315347,1.460775488,-0.7966988888,0.1499413928,100,150,8.681777489
9.8,11.98631079,3.226347063,1.152812481,1.460518102,-0.7987857257,0.1499439629,100,150,8.638780588
9.85,12.05230898,3.277094911,1.160309741,1.46026374,-0.8008477787,0.1499464203,100,150,8.596810079
9.9,12.11801398,3.328283979,1.167807122,1.460012369,-0.802885336,0.1499487699,100,150,8.555885573
9.95,12.18342179,3.379913344,1.175304617,1.459763957,-0.8048986828,0.1499510164,100,150,8.516026608
10,12.24852844,3.431982034,1.182802222,1.459518469,-0.806888101,0.1499531645,100,150,8.477252622
10.05,12.31332997,3.484489025,1.190299932,1.459275873,-0.8088538699,0.1499552183,100,150,8.439582923
10.1,12.37782241,3.537433244,1.197797742,1.459036137,-0.8107962653,0.1499571821,100,150,8.403036663
10.15,12.44200181,3.590813568,1.205295648,1.458799227,-0.8127155604,0.1499590598,100,150,8.367632806
10.2,12.50586421,3.644628827,1.212793647,1.458565113,-0.8146120251,0.1499608551,100,150,8.333390099
10.25,12.56940568,3.698877801,1.220291733,1.458333763,-0.8164859266,0.1499625717,100,150,8.300327038
10.3,12.63262229,3.753559219,1.227789902,1.458105144,-0.8183375291,0.149964213,100,150,8.268461838
10.35,12.69551011,3.808671765,1.235288153,1.457879226,-0.8201670939,0.1499657824,100,150,8.237812403
10.4,12.75806523,3.864214074,1.24278648,1.457655977,-0.8219748792,0.1499672829,100,150,8.208396285
10.45,12.82028376,3.920184733,1.25028488,1.457435368,-0.8237611408,0.1499687176,100,150,8.18023066
10.5,12.88216179,3.976582281,1.25778335,1.457217368,-0.8255261312,0.1499700895,100,150,8.153332286
10.55,12.94369546,4.033405211,1.265281888,1.457001946,-0.8272701004,0.1499714011,100,150,8.127717477
10.6,13.00488089,4.090651968,1.272780489,1.456789073,-0.8289932954,0.1499726552,100,150,8.103402061
10.65,13.06571422,4.148320952,1.280279152,1.45657872,-0.8306959607,0.1499738544,100,150,8.080401353
10.7,13.12619161,4.206410516,1.287777874,1.456370857,-0.8323783377,0.1499750009,100,150,8.05873012
10.75,13.18630924,4.264918965,1.295276652,1.456165456,-0.8340406655,0.1499760972,100,150,8.038402546
10.8,13.24606329,4.323844563,1.302775483,1.455962487,-0.8356831802,0.1499771454,100,150,8.019432204
10.85,13.30544995,4.383185525,1.310274365,1.455761924,-0.8373061154,0.1499781476,100,150,8.00183202
10.9,13.36446544,4.442940022,1.317773297,1.455563736,-0.8389097018,0.1499791059,100,150,7.985614247
10.95,13.42310599,4.50310618,1.325272275,1.455367898,-0.840494168,0.1499800222,100,150,7.970790433
11,13.48136783,4.563682083,1.332771298,1.455174381,-0.8420597394,0.1499808982,100,150,7.957371396
11.05,13.53924723,4.624665767,1.340270364,1.454983158,-0.8436066393,0.1499817359,100,150,7.945367193
11.1,13.59674046,4.686055227,1.347769471,1.454794203,-0.8451350883,0.1499825368,100,150,7.934787101
11.15,13.65384381,4.747848414,1.355268618,1.454607489,-0.8466453044,0.1499833026,100,150,7.925639589
11.2,13.7105536,4.810043237,1.362767801,1.45442299,-0.8481375032,0.1499840348,100,150,7.917932301
11.25,13.76686615,4.87263756,1.370267021,1.45424068,-0.8496118978,0.149984735,100,150,7.911672035
11.3,13.8227778,4.935629206,1.377766274,1.454060532,-0.8510686989,0.1499854044,100,150,7.906864723
11.35,13.87828492,4.999015956,1.38526556,1.453882523,-0.8525081147,0.1499860444,100,150,7.903515423
11.4,13.93338389,5.062795549,1.392764878,1.453706626,-0.8539303512,0.1499866564,100,150,7.901628302
11.45,13.98807111,5.126965682,1.400264226,1.453532817,-0.8553356118,0.1499872416,100,150,7.901206625
11.5,14.042343,5.191524013,1.407763602,1.453361071,-0.8567240976,0.149987801,100,150,7.902252752
11.55,14.096196,5.256468156,1.415263005,1.453191364,-0.8580960075,0.149988336,100,150,7.90476813
11.6,14.14962657,5.321795687,1.422762435,1.453023672,-0.859451538,0.1499888475,100,150,7.908753291
11.65,14.2026312,5.387504141,1.43026189,1.452857971,-0.8607908834,0.1499893366,100,150,7.914207851
11.7,14.25520638,5.453591014,1.437761368,1.452694238,-0.8621142357,0.1499898042,100,150,7.921130517
11.75,14.30734865,5.520053762,1.44526087,1.45253245,-0.8634217846,0.1499902513,100,150,7.929519087
11.8,14.35905454,5.586889802,1.452760393,1.452372583,-0.8647137178,0.1499906788,100,150,7.93937046
11.85,14.41032063,5.654096511,1.460259937,1.452214616,-0.8659902206,0.1499910876,100,150,7.950680649
11.9,14.46114351,5.721671232,1.467759502,1.452058524,-0.8672514763,0.1499914784,100,150,7.963444787
11.95,14.51151979,5.789611264,1.475259085,1.451904288,-0.8684976661,0.1499918521,100,150,7.977657149
12,14.56144611,5.857913872,1.482758687,1.451751884,-0.8697289688,0.1499922094,100,150,7.993311163
12.05,14.61091913,5.926576284,1.490258306,1.451601291,-0.8709455615,0.149992551,100,150,8.010399435
12.1,14.65993553,5.995595689,1.497757941,1.451452487,-0.872147619,0.1499928777,100,150,8.028913764
12.15,14.70849202,6.06496924,1.505257593,1.451305452,-0.8733353141,0.14999319,100,150,8.048845169
12.2,14.75658534,6.134694055,1.51275726,1.451160164,-0.8745088177,0.1499934886,100,150,8.070183914
12.25,14.80421225,6.204767214,1.520256942,1.451016603,-0.8756682984,0.1499937742,100,150,8.09291953
12.3,14.85136952,6.275185762,1.527756637,1.450874749,-0.8768139231,0.1499940472,100,150,8.117040848
12.35,14.89805398,6.345946711,1.535256346,1.450734581,-0.8779458567,0.1499943082,100,150,8.142536023
12.4,14.94426244,6.417047035,1.542756068,1.450596079,-0.8790642621,0.1499945578,100,150,8.169392567
12.45,14.98999178,6.488483674,1.550255802,1.450459224,-0.8801693004,0.1499947965,100,150,8.197597377
12.5,15.03523888,6.560253536,1.557755547,1.450323995,-0.8812611307,0.1499950247,100,150,8.22713677
12.55,15.08000066,6.632353493,1.565255304,1.450190375,-0.8823399102,0.1499952429,100,150,8.257996511
12.6,15.12427405,6.704780384,1.572755072,1.450058343,-0.8834057944,0.1499954515,100,150,8.290161851
12.65,15.16805603,6.777531016,1.580254849,1.449927882,-0.8844589368,0.1499956509,100,150,8.323617553
12.7,15.2113436,6.850602161,1.587754637,1.449798972,-0.8854994893,0.1499958417,100,150,8.35834793
12.75,15.25413377,6.92399056,1.595254433,1.449671595,-0.8865276018,0.149996024,100,150,8.394336876
12.8,15.29642359,6.997692923,1.602754239,1.449545733,-0.8875434226,0.1499961984,100,150,8.431567899
12.85,15.33821016,7.071705926,1.610254053,1.449421368,-0.8885470981,0.1499963651,100,150,8.470024154
12.9,15.37949058,7.146026215,1.617753875,1.449298482,-0.8895387731,0.1499965245,100,150,8.509688475
12.95,15.42026199,7.220650405,1.625253705,1.449177058,-0.8905185907,0.1499966769,100,150,8.550543405
13,15.46052155,7.29557508,1.632753543,1.449057078,-0.8914866922,0.1499968226,100,150,8.59257123
13.05,15.50026646,7.370796794,1.640253387,1.448938526,-0.8924432174,0.149996962,100,150,8.635754007
13.1,15.53949396,7.44631207,1.647753239,1.448821384,-0.8933883042,0.1499970952,100,150,8.680073594
13.15,15.57820129,7.522117404,1.655253097,1.448705636,-0.8943220891,0.1499972226,100,150,8.725511681
13.2,15.61638574,7.59820926,1.662752961,1.448591265,-0.8952447068,0.1499973444,100,150,8.772049814
13.25,15.65404463,7.674584075,1.670252831,1.448478254,-0.8961562907,0.1499974608,100,150,8.819669426
13.3,15.69117531,7.751238256,1.677752707,1.448366589,-0.8970569722,0.1499975722,100,150,8.868351858
13.35,15.72777516,7.828168184,1.685252588,1.448256252,-0.8979468816,0.1499976786,100,150,8.918078391
13.4,15.76384159,7.905370211,1.692752475,1.448147229,-0.8988261472,0.1499977804,100,150,8.968830261
13.45,15.79937203,7.98284066,1.700252366,1.448039502,-0.8996948963,0.1499978778,100,150,9.02058869
13.5,15.83436397,8.06057583,1.707752263,1.447933058,-0.9005532541,0.1499979708,100,150,9.073334902
13.55,15.8688149,8.138571991,1.715252163,1.447827881,-0.9014013449,0.1499980598,100,150,9.127050146
13.6,15.90272237,8.216825389,1.722752068,1.447723956,-0.9022392911,0.1499981449,100,150,9.181715714
13.65,15.93608394,8.295332242,1.730251978,1.447621268,-0.9030672138,0.1499982262,100,150,9.237312963
13.7,15.96889721,8.374088743,1.737751891,1.447519802,-0.9038852327,0.149998304,100,150,9.293823324
13.75,16.00115982,8.453091059,1.745251808,1.447419544,-0.904693466,0.1499983784,100,150,9.351228329
13.8,16.03286943,8.532335335,1.752751729,1.44732048,-0.9054920306,0.1499984495,100,150,9.409509617
13.85,16.06402374,8.611817688,1.760251653,1.447222595,-0.9062810419,0.1499985175,100,150,9.468648952
13.9,16.0946205,8.691534214,1.76775158,1.447125875,-0.907060614,0.1499985825,100,150,9.528628236
13.95,16.12465745,8.771480982,1.775251511,1.447030307,-0.9078308597,0.1499986447,100,150,9.589429518
14,16.15413241,8.851654039,1.782751445,1.446935877,-0.9085918903,0.1499987041,100,150,9.651035011
14.05,16.1830432,8.932049411,1.790251382,1.446842571,-0.9093438159,0.1499987609,100,150,9.713427094
14.1,16.21138769,9.012663099,1.797751321,1.446750377,-0.9100867453,0.1499988153,100,150,9.776588329
14.15,16.23916379,9.093491081,1.805251263,1.44665928,-0.9108207859,0.1499988672,100,150,9.840501463
14.2,16.26636943,9.174529315,1.812751208,1.446569269,-0.9115460439,0.1499989169,100,150,9.905149439
14.25,16.29300257,9.255773738,1.820251155,1.446480329,-0.9122626243,0.1499989644,100,150,9.970515403
14.3,16.31906123,9.337220262,1.827751104,1.446392449,-0.9129706306,0.1499990098,100,150,10.03658271
14.35,16.34454345,9.418864782,1.835251056,1.446305615,-0.9136701655,0.1499990532,100,150,10.10333492
14.4,16.36944729,9.500703172,1.842751009,1.446219816,-0.91436133,0.1499990948,100,150,10.17075581
14.45,16.39377086,9.582731283,1.850250965,1.446135038,-0.9150442243,0.1499991344,100,150,10.2388294
14.5,16.41751232,9.664944949,1.857750923,1.446051271,-0.9157189471,0.1499991724,100,150,10.3075399
14.55,16.44066983,9.747339984,1.865250882,1.445968502,-0.9163855961,0.1499992087,100,150,10.37687178
14.6,16.46324162,9.829912183,1.872750844,1.445886718,-0.9170442678,0.1499992434,100,150,10.44680972
14.65,16.48522593,9.912657321,1.880250807,1.445805909,-0.9176950575,0.1499992766,100,150,10.51733863
14.7,16.50662105,9.995571156,1.887750771,1.445726063,-0.9183380596,0.1499993083,100,150,10.58844366
14.75,16.52742531,10.07864943,1.895250737,1.445647168,-0.9189733669,0.1499993386,100,150,10.66011019
14.8,16.54763705,10.16188786,1.902750705,1.445569213,-0.9196010716,0.1499993676,100,150,10.73232383
14.85,16.56725468,10.24528215,1.910250674,1.445492188,-0.9202212644,0.1499993954,100,150,10.80507042
14.9,16.58627662,10.328828,1.917750645,1.44541608,-0.9208340353,0.1499994219,100,150,10.87833605
14.95,16.60470135,10.41252107,1.925250616,1.445340879,-0.9214394729,0.1499994472,100,150,10.95210701
15,16.62252735,10.49635702,1.932750589,1.445266574,-0.9220376649,0.1499994715,100,150,11.02636986
15.05,16.63975318,10.58033149,1.940250563,1.445193155,-0.9226286979,0.1499994947,100,150,11.10111135
15.1,16.65637741,10.6644401,1.947750539,1.445120611,-0.9232126576,0.1499995168,100,150,11.17631848
15.15,16.67239864,10.74867846,1.955250515,1.445048932,-0.9237896285,0.149999538,100,150,11.25197847
15.2,16.68781554,10.83304217,1.962750493,1.444978107,-0.9243596941,0.1499995583,100,150,11.32807876
15.25,16.70262678,10.9175268,1.970250471,1.444908126,-0.9249229371,0.1499995776,100,150,11.40460703
15.3,16.71683109,11.00212792,1.97775045,1.444838979,-0.9254794389,0.1499995962,100,150,11.48155115
15.35,16.73042723,11.08684108,1.985250431,1.444770657,-0.9260292804,0.1499996139,100,150,11.55889923
15.4,16.743414,11.17166183,1.992750412,1.444703149,-0.926572541,0.1499996308,100,150,11.63663957
15.45,16.75579023,11.25658569,2.000250394,1.444636447,-0.9271092994,0.149999647,100,150,11.7147607
15.5,16.7675548,11.34160816,2.007750376,1.444570539,-0.9276396335,0.1499996625,100,150,11.79325136
15.55,16.77870661,11.42672476,2.01525036,1.444505417,-0.9281636201,0.1499996773,100,150,11.87210049
15.6,16.78924461,11.51193098,2.022750344,1.444441072,-0.9286813351,0.1499996914,100,150,11.95129721
15.65,16.79916779,11.59722228,2.030250329,1.444377494,-0.9291928535,0.149999705,100,150,12.03083087
15.7,16.80847517,11.68259414,2.037750315,1.444314674,-0.9296982494,0.1499997179,100,150,12.110691
15.75,16.81716581,11.76804201,2.045250301,1.444252604,-0.930197596,0.1499997303,100,150,12.19086733
15.8,16.8252388,11.85356133,2.052750288,1.444191273,-0.9306909658,0.1499997421,100,150,12.27134976
15.85,16.83269329,11.93914755,2.060250275,1.444130674,-0.9311784301,0.1499997534,100,150,12.3521284
15.9,16.83952845,12.02479609,2.067750263,1.444070798,-0.9316600597,0.1499997642,100,150,12.43319354
15.95,16.84574348,12.11050236,2.075250251,1.444011636,-0.9321359243,0.1499997746,100,150,12.51453562
16,16.85133764,12.19626178,2.08275024,1.443953179,-0.9326060929,0.1499997844,100,150,12.59614528
16.05,16.85631021,12.28206973,2.09025023,1.44389542,-0.9330706336,0.1499997939,100,150,12.67801334
16.1,16.86066053,12.36792161,2.09775022,1.44383835,-0.9335296137,0.1499998029,100,150,12.76013077
16.15,16.86438795,12.45381281,2.10525021,1.44378196,-0.9339830999,0.1499998116,100,150,12.84248872
16.2,16.86749187,12.53973869,2.112750201,1.443726244,-0.9344311577,0.1499998198,100,150,12.92507847
16.25,16.86997175,12.62569462,2.120250192,1.443671192,-0.9348738522,0.1499998277,100,150,13.00789151
16.3,16.87182705,12.71167597,2.127750184,1.443616796,-0.9353112475,0.1499998353,100,150,13.09091945
16.35,16.87305729,12.79767809,2.135250176,1.44356305,-0.935743407,0.1499998425,100,150,13.17415406
16.4,16.87366203,12.88369632,2.142750168,1.443509945,-0.9361703933,0.1499998494,100,150,13.25758726
16.45,16.87364086,12.969726,2.150250161,1.443457474,-0.9365922684,0.149999856,100,150,13.34121111
16.5,16.87299341,13.05576248,2.157750153,1.443405628,-0.9370090934,0.1499998623,100,150,13.42501784
16.55,16.87171936,13.14180107,2.165250147,1.443354402,-0.9374209287,0.1499998684,100,150,13.50899979
16.6,16.8698184,13.22783712,2.17275014,1.443303786,-0.937827834,0.1499998741,100,150,13.59314944
16.65,16.86729029,13.31386593,2.180250134,1.443253775,-0.9382298683,0.1499998797,100,150,13.67745942
16.7,16.86413482,13.39988283,2.187750128,1.44320436,-0.93862709,0.1499998849,100,150,13.76192248
16.75,16.8603518,13.48588313,2.195250123,1.443155536,-0.9390195564,0.14999989,100,150,13.8465315
16.8,16.8559411,13.57186214,2.202750117,1.443107293,-0.9394073247,0.1499998948,100,150,13.93127949
16.85,16.85090262,13.65781516,2.210250112,1.443059627,-0.939790451,0.1499998994,100,150,14.01615958
16.9,16.8452363,13.7437375,2.217750107,1.44301253,-0.9401689908,0.1499999038,100,150,14.10116501
16.95,16.83894211,13.82962447,2.225250103,1.442965994,-0.940542999,0.1499999081,100,150,14.18628915
17,16.83202007,13.91547135,2.232750098,1.442920014,-0.9409125298,0.1499999121,100,150,14.27152548
17.05,16.82447024,14.00127344,2.240250094,1.442874583,-0.9412776369,0.1499999159,100,150,14.3568676
17.1,16.81629271,14.08702605,2.24775009,1.442829695,-0.9416383732,0.1499999196,100,150,14.4423092
17.15,16.8074876,14.17272447,2.255250086,1.442785342,-0.9419947909,0.1499999232,100,150,14.5278441
17.2,16.7980551,14.25836398,2.262750082,1.442741519,-0.9423469418,0.1499999265,100,150,14.61346621
17.25,16.7879954,14.34393989,2.270250078,1.442698218,-0.9426948769,0.1499999297,100,150,14.69916954
17.3,16.77730875,14.42944749,2.277750075,1.442655435,-0.9430386466,0.1499999328,100,150,14.78494822
17.35,16.76599543,14.51488207,2.285250072,1.442613163,-0.9433783008,0.1499999358,100,150,14.87079645
17.4,16.75405578,14.60023892,2.292750068,1.442571395,-0.9437138888,0.1499999386,100,150,14.95670854
17.45,16.74149015,14.68551334,2.300250065,1.442530126,-0.9440454593,0.1499999413,100,150,15.0426789
17.5,16.72829893,14.77070062,2.307750063,1.44248935,-0.9443730602,0.1499999439,100,150,15.12870202
17.55,16.71448257,14.85579607,2.31525006,1.44244906,-0.9446967392,0.1499999463,100,150,15.21477248
17.6,16.70004154,14.94079498,2.322750057,1.442409252,-0.9450165431,0.1499999487,100,150,15.30088496
17.65,16.68497636,15.02569265,2.330250055,1.442369919,-0.9453325183,0.1499999509,100,150,15.3870342
17.7,16.66928757,15.11048439,2.337750052,1.442331056,-0.9456447107,0.1499999531,100,150,15.47321504
17.75,16.65297578,15.1951655,2.34525005,1.442292657,-0.9459531654,0.1499999551,100,150,15.55942241
17.8,16.63604159,15.2797313,2.352750048,1.442254716,-0.9462579274,0.1499999571,100,150,15.64565131
17.85,16.61848568,15.36417709,2.360250046,1.442217229,-0.9465590407,0.149999959,100,150,15.7318968
17.9,16.60030876,15.4484982,2.367750044,1.442180189,-0.946856549,0.1499999608,100,150,15.81815404
17.95,16.58151156,15.53268994,2.375250042,1.442143592,-0.9471504955,0.1499999625,100,150,15.90441826
18,16.56209487,15.61674765,2.38275004,1.442107432,-0.9474409228,0.1499999641,100,150,15.99068475
18.05,16.5420595,15.70066664,2.390250038,1.442071703,-0.9477278731,0.1499999657,100,150,16.07694889
18.1,16.5214063,15.78444226,2.397750037,1.442036402,-0.9480113878,0.1499999672,100,150,16.16320611
18.15,16.50013617,15.86806985,2.405250035,1.442001522,-0.9482915083,0.1499999687,100,150,16.24945192
18.2,16.47825004,15.95154476,2.412750033,1.441967058,-0.948568275,0.14999997,100,150,16.33568189
18.25,16.45574887,16.03486233,2.420250032,1.441933007,-0.9488417281,0.1499999713,100,150,16.42189167
18.3,16.43263367,16.11801792,2.427750031,1.441899362,-0.9491119073,0.1499999726,100,150,16.50807694
18.35,16.40890548,16.20100691,2.435250029,1.441866119,-0.9493788519,0.1499999738,100,150,16.59423348
18.4,16.38456538,16.28382466,2.442750028,1.441833273,-0.9496426004,0.149999975,100,150,16.6803571
18.45,16.35961449,16.36646656,2.450250027,1.44180082,-0.9499031911,0.1499999761,100,150,16.7664437
18.5,16.33405396,16.44892798,2.457750026,1.441768754,-0.9501606619,0.1499999771,100,150,16.8524892
18.55,16.30788498,16.53120433,2.465250024,1.441737072,-0.9504150501,0.1499999781,100,150,16.9384896
18.6,16.28110877,16.61329101,2.472750023,1.441705768,-0.9506663926,0.1499999791,100,150,17.02444097
18.65,16.25372661,16.69518343,2.480250022,1.441674838,-0.9509147259,0.14999998,100,150,17.11033939
18.7,16.22573979,16.77687701,2.487750021,1.441644277,-0.9511600859,0.1499999809,100,150,17.19618104
18.75,16.19714966,16.85836719,2.49525002,1.441614082,-0.9514025083,0.1499999817,100,150,17.28196213
18.8,16.16795757,16.93964939,2.50275002,1.441584247,-0.9516420282,0.1499999825,100,150,17.36767891
18.85,16.13816496,17.02071907,2.510250019,1.441554769,-0.9518786803,0.1499999833,100,150,17.45332769
18.9,16.10777325,17.10157169,2.517750018,1.441525644,-0.9521124991,0.149999984,100,150,17.53890485
18.95,16.07678395,17.18220271,2.525250017,1.441496866,-0.9523435184,0.1499999847,100,150,17.62440678
19,16.04519856,17.26260762,2.532750016,1.441468432,-0.9525717717,0.1499999854,100,150,17.70982994
19.05,16.01301864,17.34278191,2.540250016,1.441440338,-0.9527972921,0.149999986,100,150,17.79517083
19.1,15.98024579,17.42272108,2.547750015,1.44141258,-0.9530201124,0.1499999866,100,150,17.88042599
19.15,15.94688163,17.50242063,2.555250014,1.441385153,-0.9532402649,0.1499999872,100,150,17.96559202
19.2,15.91292783,17.58187611,2.562750014,1.441358054,-0.9534577815,0.1499999878,100,150,18.05066554
19.25,15.87838608,17.66108303,2.570250013,1.441331279,-0.9536726937,0.1499999883,100,150,18.13564323
19.3,15.84325812,17.74003696,2.577750012,1.441304825,-0.9538850328,0.1499999888,100,150,18.2205218
19.35,15.80754572,17.81873346,2.585250012,1.441278686,-0.9540948295,0.1499999893,100,150,18.305298
19.4,15.77125068,17.89716809,2.592750011,1.441252859,-0.9543021143,0.1499999898,100,150,18.38996864
19.45,15.73437485,17.97533645,2.600250011,1.441227342,-0.9545069172,0.1499999902,100,150,18.47453053
19.5,15.6969201,18.05323414,2.60775001,1.441202129,-0.954709268,0.1499999907,100,150,18.55898056
19.55,15.65888835,18.13085677,2.61525001,1.441177218,-0.954909196,0.1499999911,100,150,18.64331563
19.6,15.62028153,18.20819998,2.62275001,1.441152604,-0.9551067303,0.1499999915,100,150,18.72753268
19.65,15.58110163,18.2852594,2.630250009,1.441128285,-0.9553018994,0.1499999918,100,150,18.8116287
19.7,15.54135066,18.3620307,2.637750009,1.441104257,-0.9554947316,0.1499999922,100,150,18.89560069
19.75,15.50103068,18.43850955,2.645250008,1.441080515,-0.9556852551,0.1499999925,100,150,18.97944571
19.8,15.46014376,18.51469163,2.652750008,1.441057058,-0.9558734973,0.1499999929,100,150,19.06316083
19.85,15.41869203,18.59057266,2.660250008,1.441033881,-0.9560594857,0.1499999932,100,150,19.14674319
19.9,15.37667763,18.66614835,2.667750007,1.441010981,-0.9562432472,0.1499999935,100,150,19.23018991
19.95,15.33410275,18.74141443,2.675250007,1.440988354,-0.9564248084,0.1499999938,100,150,19.31349818
20,15.29096961,18.81636666,2.682750007,1.440965998,-0.9566041957,0.149999994,100,150,19.39666522
20.05,15.24728046,18.89100081,2.690250006,1.44094391,-0.9567814351,0.1499999943,100,150,19.47968826
20.1,15.2030376,18.96531266,2.697750006,1.440922086,-0.9569565523,0.1499999945,100,150,19.56256457
20.15,15.15824333,19.03929801,2.705250006,1.440900522,-0.9571295728,0.1499999948,100,150,19.64529145
20.2,15.11290002,19.11295268,2.712750006,1.440879216,-0.9573005217,0.149999995,100,150,19.72786624
20.25,15.06701005,19.18627252,2.720250005,1.440858165,-0.9574694237,0.1499999952,100,150,19.81028629
20.3,15.02057583,19.25925337,2.727750005,1.440837366,-0.9576363033,0.1499999954,100,150,19.89254899
20.35,14.97359983,19.33189111,2.735250005,1.440816816,-0.9578011848,0.1499999956,100,150,19.97465175
20.4,14.92608452,19.40418163,2.742750005,1.440796511,-0.957964092,0.1499999958,100,150,20.05659201
20.45,14.87803241,19.47612083,2.750250004,1.440776449,-0.9581250487,0.149999996,100,150,20.13836723
20.5,14.82944607,19.54770466,2.757750004,1.440756626,-0.9582840782,0.1499999962,100,150,20.21997491
20.55,14.78032807,19.61892905,2.765250004,1.440737041,-0.9584412035,0.1499999964,100,150,20.30141257
20.6,14.73068102,19.68978998,2.772750004,1.44071769,-0.9585964474,0.1499999965,100,150,20.38267774
20.65,14.68050757,19.76028343,2.780250004,1.440698571,-0.9587498325,0.1499999967,100,150,20.463768
20.7,14.62981039,19.8304054,2.787750004,1.44067968,-0.958901381,0.1499999968,100,150,20.54468094
20.75,14.57859219,19.90015194,2.795250003,1.440661015,-0.959051115,0.149999997,100,150,20.62541417
20.8,14.52685572,19.96951907,2.802750003,1.440642573,-0.959199056,0.1499999971,100,150,20.70596533
20.85,14.47460373,20.03850288,2.810250003,1.440624352,-0.9593452257,0.1499999972,100,150,20.78633208
20.9,14.42183903,20.10709945,2.817750003,1.440606348,-0.9594896451,0.1499999973,100,150,20.86651212
20.95,14.36856446,20.17530488,2.825250003,1.44058856,-0.9596323353,0.1499999975,100,150,20.94650313
21,14.31478287,20.24311532,2.832750003,1.440570985,-0.959773317,0.1499999976,100,150,21.02630286
21.05,14.26049716,20.31052692,2.840250003,1.44055362,-0.9599126106,0.1499999977,100,150,21.10590904
21.1,14.20571025,20.37753585,2.847750002,1.440536462,-0.9600502363,0.1499999978,100,150,21.18531947
21.15,14.15042509,20.4441383,2.855250002,1.44051951,-0.9601862141,0.1499999979,100,150,21.26453191
21.2,14.09464466,20.5103305,2.862750002,1.44050276,-0.9603205638,0.149999998,100,150,21.3435442
21.25,14.03837199,20.57610869,2.870250002,1.440486211,-0.9604533047,0.1499999981,100,150,21.42235415
21.3,13.9816101,20.64146914,2.877750002,1.44046986,-0.9605844563,0.1499999981,100,150,21.50095963
21.35,13.92436207,20.70640812,2.885250002,1.440453704,-0.9607140374,0.1499999982,100,150,21.57935851
21.4,13.86663099,20.77092196,2.892750002,1.440437742,-0.960842067,0.1499999983,100,150,21.65754867
21.45,13.80842001,20.83500698,2.900250002,1.44042197,-0.9609685635,0.1499999984,100,150,21.73552803
21.5,13.74973227,20.89865955,2.907750002,1.440406387,-0.9610935454,0.1499999984,100,150,21.81329452
21.55,13.69057097,20.96187605,2.915250002,1.440390991,-0.9612170308,0.1499999985,100,150,21.89084608
21.6,13.63093931,21.02465288,2.922750002,1.440375778,-0.9613390375,0.1499999986,100,150,21.96818069
21.65,13.57084054,21.08698648,2.930250002,1.440360748,-0.9614595834,0.1499999986,100,150,22.04529632
21.7,13.51027792,21.14887329,2.937750001,1.440345897,-0.9615786858,0.1499999987,100,150,22.12219099
21.75,13.44925477,21.2103098,2.945250001,1.440331224,-0.9616963621,0.1499999988,100,150,22.1988627
21.8,13.38777439,21.27129252,2.952750001,1.440316727,-0.9618126294,0.1499999988,100,150,22.27530949
21.85,13.32584015,21.33181797,2.960250001,1.440302403,-0.9619275045,0.1499999989,100,150,22.35152942
21.9,13.26345543,21.3918827,2.967750001,1.44028825,-0.962041004,0.1499999989,100,150,22.42752056
21.95,13.20062362,21.45148331,2.975250001,1.440274267,-0.9621531445,0.149999999,100,150,22.50328099
22,13.13734817,21.5106164,2.982750001,1.44026045,-0.9622639423,0.149999999,100,150,22.57880882
22.05,13.07363254,21.56927859,2.990250001,1.4402468,-0.9623734133,0.1499999991,100,150,22.65410217
22.1,13.00948021,21.62746655,2.997750001,1.440233312,-0.9624815735,0.1499999991,100,150,22.72915917
22.15,12.94489469,21.68517697,3.005250001,1.440219986,-0.9625884387,0.1499999991,100,150,22.80397797
22.2,12.87987952,21.74240656,3.012750001,1.440206819,-0.9626940242,0.1499999992,100,150,22.87855674
22.25,12.81443826,21.79915205,3.020250001,1.44019381,-0.9627983454,0.1499999992,100,150,22.95289367
22.3,12.74857451,21.85541022,3.027750001,1.440180956,-0.9629014174,0.1499999992,100,150,23.02698693
22.35,12.68229188,21.91117785,3.035250001,1.440168256,-0.9630032553,0.1499999993,100,150,23.10083476
22.4,12.615594,21.96645176,3.042750001,1.440155709,-0.9631038737,0.1499999993,100,150,23.17443537
22.45,12.54848455,22.02122881,3.050250001,1.440143311,-0.9632032873,0.1499999993,100,150,23.24778701
22.5,12.4809672,22.07550588,3.057750001,1.440131061,-0.9633015106,0.1499999994,100,150,23.32088793
22.55,12.41304568,22.12927985,3.065250001,1.440118958,-0.9633985577,0.1499999994,100,150,23.3937364
22.6,12.34472372,22.18254768,3.072750001,1.440107,-0.9634944427,0.1499999994,100,150,23.4663307
22.65,12.27600507,22.23530631,3.080250001,1.440095185,-0.9635891796,0.1499999994,100,150,23.53866913
22.7,12.20689353,22.28755275,3.087750001,1.440083512,-0.9636827821,0.1499999995,100,150,23.61075001
22.75,12.1373929,22.339284,3.095250001,1.440071978,-0.9637752637,0.1499999995,100,150,23.68257165
22.8,12.06750702,22.39049711,3.102750001,1.440060582,-0.963866638,0.1499999995,100,150,23.75413239
22.85,11.99723973,22.44118916,3.110250001,1.440049322,-0.9639569182,0.1499999995,100,150,23.82543059
22.9,11.92659491,22.49135725,3.11775,1.440038197,-0.9640461173,0.1499999996,100,150,23.89646461
22.95,11.85557646,22.54099853,3.12525,1.440027205,-0.9641342483,0.1499999996,100,150,23.96723283
23,11.78418831,22.59011014,3.13275,1.440016345,-0.964221324,0.1499999996,100,150,24.03773363
23.05,11.71243439,22.6386893,3.14025,1.440005614,-0.9643073571,0.1499999996,100,150,24.10796542
23.1,11.64031868,22.68673322,3.14775,1.439995012,-0.9643923599,0.1499999996,100,150,24.17792662
23.15,11.56784515,22.73423915,3.15525,1.439984537,-0.9644763449,0.1499999996,100,150,24.24761566
23.2,11.49501781,22.78120438,3.16275,1.439974188,-0.9645593243,0.1499999997,100,150,24.31703097
23.25,11.4218407,22.82762623,3.17025,1.439963962,-0.96464131,0.1499999997,100,150,24.386171
23.3,11.34831787,22.87350203,3.17775,1.439953858,-0.9647223141,0.1499999997,100,150,24.45503423
23.35,11.27445337,22.91882918,3.18525,1.439943875,-0.9648023481,0.1499999997,100,150,24.52361912
23.4,11.20025132,22.96360506,3.19275,1.439934012,-0.9648814238,0.1499999997,100,150,24.59192417
23.45,11.1257158,23.00782713,3.20025,1.439924267,-0.9649595526,0.1499999997,100,150,24.65994788
23.5,11.05085096,23.05149285,3.20775,1.439914638,-0.9650367459,0.1499999997,100,150,24.72768875
23.55,10.97566095,23.09459972,3.21525,1.439905125,-0.9651130149,0.1499999998,100,150,24.79514532
23.6,10.90014993,23.13714528,3.22275,1.439895726,-0.9651883706,0.1499999998,100,150,24.86231612
23.65,10.82432209,23.17912708,3.23025,1.439886438,-0.9652628239,0.1499999998,100,150,24.92919969
23.7,10.74818165,23.22054272,3.23775,1.439877263,-0.9653363857,0.1499999998,100,150,24.99579459
23.75,10.67173282,23.26138984,3.24525,1.439868196,-0.9654090667,0.1499999998,100,150,25.06209939
23.8,10.59497985,23.30166608,3.25275,1.439859239,-0.9654808773,0.1499999998,100,150,25.12811267
23.85,10.517927,23.34136915,3.26025,1.439850388,-0.9655518281,0.1499999998,100,150,25.19383302
23.9,10.44057856,23.38049676,3.26775,1.439841644,-0.9656219292,0.1499999998,100,150,25.25925904
23.95,10.36293882,23.41904668,3.27525,1.439833004,-0.965691191,0.1499999998,100,150,25.32438934
24,10.28501209,23.45701668,3.28275,1.439824468,-0.9657596233,0.1499999998,100,150,25.38922255
24.05,10.20680271,23.49440461,3.29025,1.439816033,-0.9658272363,0.1499999998,100,150,25.4537573
24.1,10.12831503,23.5312083,3.29775,1.4398077,-0.9658940396,0.1499999998,100,150,25.51799224
24.15,10.04955341,23.56742564,3.30525,1.439799466,-0.965960043,0.1499999999,100,150,25.58192602
24.2,9.970522233,23.60305457,3.31275,1.439791331,-0.966025256,0.1499999999,100,150,25.6455573
24.25,9.891225901,23.63809302,3.32025,1.439783294,-0.9660896882,0.1499999999,100,150,25.70888476
24.3,9.811668825,23.672539,3.32775,1.439775352,-0.9661533488,0.1499999999,100,150,25.77190708
24.35,9.731855434,23.70639051,3.33525,1.439767505,-0.9662162471,0.1499999999,100,150,25.83462297
24.4,9.651790173,23.73964562,3.34275,1.439759753,-0.9662783922,0.1499999999,100,150,25.89703112
24.45,9.571477502,23.77230241,3.35025,1.439752093,-0.9663397932,0.1499999999,100,150,25.95913025
24.5,9.490921895,23.80435901,3.35775,1.439744525,-0.9664004589,0.1499999999,100,150,26.0209191
24.55,9.410127841,23.83581357,3.36525,1.439737047,-0.9664603982,0.1499999999,100,150,26.08239638
24.6,9.329099843,23.86666428,3.37275,1.439729659,-0.9665196197,0.1499999999,100,150,26.14356086
24.65,9.247842417,23.89690937,3.38025,1.43972236,-0.9665781321,0.1499999999,100,150,26.20441127
24.7,9.166360095,23.92654709,3.38775,1.439715147,-0.9666359439,0.1499999999,100,150,26.2649464
24.75,9.08465742,23.95557574,3.39525,1.439708021,-0.9666930634,0.1499999999,100,150,26.32516501
24.8,9.002738951,23.98399365,3.40275,1.439700981,-0.9667494989,0.1499999999,100,150,26.38506589
24.85,8.920609256,24.01179917,3.41025,1.439694024,-0.9668052586,0.1499999999,100,150,26.44464783
24.9,8.838272919,24.0389907,3.41775,1.439687151,-0.9668603506,0.1499999999,100,150,26.50390963
24.95,8.755734535,24.06556668,3.42525,1.43968036,-0.9669147829,0.1499999999,100,150,26.5628501
25,8.672998712,24.09152557,3.43275,1.439673651,-0.9669685634,0.1499999999,100,150,26.62146808
25.05,8.590070067,24.11686587,3.44025,1.439667021,-0.9670217,0.1499999999,100,150,26.67976238
25.1,8.506953233,24.14158612,3.44775,1.439660471,-0.9670742002,0.1499999999,100,150,26.73773185
25.15,8.42365285,24.16568489,3.45525,1.439654,-0.9671260718,0.1499999999,100,150,26.79537534
25.2,8.340173573,24.18916078,3.46275,1.439647606,-0.9671773222,0.1499999999,100,150,26.8526917
25.25,8.256520063,24.21201244,3.47025,1.439641288,-0.9672279589,0.1499999999,100,150,26.9096798
25.3,8.172696996,24.23423854,3.47775,1.439635046,-0.9672779893,0.1499999999,100,150,26.96633853
25.35,8.088709056,24.25583779,3.48525,1.439628879,-0.9673274206,0.15,100,150,27.02266676
25.4,8.004560937,24.27680895,3.49275,1.439622786,-0.96737626,0.15,100,150,27.07866339
25.45,7.920257343,24.2971508,3.50025,1.439616765,-0.9674245145,0.15,100,150,27.13432733
25.5,7.835802987,24.31686215,3.50775,1.439610817,-0.9674721912,0.15,100,150,27.18965748
25.55,7.751202592,24.33594186,3.51525,1.43960494,-0.967519297,0.15,100,150,27.24465276
25.6,7.666460888,24.35438882,3.52275,1.439599133,-0.9675658387,0.15,100,150,27.29931212
25.65,7.581582616,24.37220196,3.53025,1.439593395,-0.9676118231,0.15,100,150,27.35363447
25.7,7.496572523,24.38938024,3.53775,1.439587727,-0.9676572569,0.15,100,150,27.40761878
25.75,7.411435365,24.40592265,3.54525,1.439582126,-0.9677021466,0.15,100,150,27.46126399
25.8,7.326175907,24.42182824,3.55275,1.439576592,-0.9677464988,0.15,100,150,27.51456908
25.85,7.240798919,24.43709606,3.56025,1.439571124,-0.9677903199,0.15,100,150,27.56753301
25.9,7.155309179,24.45172524,3.56775,1.439565722,-0.9678336162,0.15,100,150,27.62015477
25.95,7.069711474,24.4657149,3.57525,1.439560385,-0.9678763941,0.15,100,150,27.67243334
26,6.984010594,24.47906423,3.58275,1.439555111,-0.9679186597,0.15,100,150,27.72436773
26.05,6.898211337,24.49177244,3.59025,1.439549901,-0.9679604192,0.15,100,150,27.77595693
26.1,6.812318509,24.50383879,3.59775,1.439544753,-0.9680016787,0.15,100,150,27.82719998
26.15,6.726336919,24.51526256,3.60525,1.439539666,-0.9680424441,0.15,100,150,27.87809588
26.2,6.640271383,24.52604307,3.61275,1.439534641,-0.9680827213,0.15,100,150,27.92864367
26.25,6.554126721,24.53617969,3.62025,1.439529675,-0.9681225163,0.15,100,150,27.9788424
26.3,6.467907759,24.54567181,3.62775,1.439524769,-0.9681618347,0.15,100,150,28.02869111
26.35,6.381619327,24.55451887,3.63525,1.439519922,-0.9682006823,0.15,100,150,28.07818885
26.4,6.29526626,24.56272034,3.64275,1.439515133,-0.9682390647,0.15,100,150,28.1273347
26.45,6.208853397,24.57027571,3.65025,1.439510401,-0.9682769875,0.15,100,150,28.17612772
26.5,6.122385581,24.57718454,3.65775,1.439505726,-0.9683144561,0.15,100,150,28.224567
26.55,6.035867657,24.58344641,3.66525,1.439501107,-0.9683514761,0.15,100,150,28.27265162
26.6,5.949304475,24.58906093,3.67275,1.439496543,-0.9683880528,0.15,100,150,28.32038068
26.65,5.862700888,24.59402775,3.68025,1.439492033,-0.9684241915,0.15,100,150,28.3677533
26.7,5.776061751,24.59834656,3.68775,1.439487578,-0.9684598975,0.15,100,150,28.41476857
26.75,5.689391921,24.6020171,3.69525,1.439483176,-0.9684951758,0.15,100,150,28.46142563
26.8,5.602696258,24.60503911,3.70275,1.439478827,-0.9685300318,0.15,100,150,28.5077236
26.85,5.515979623,24.60741241,3.71025,1.439474529,-0.9685644703,0.15,100,150,28.55366162
26.9,5.429246881,24.60913683,3.71775,1.439470284,-0.9685984965,0.15,100,150,28.59923884
26.95,5.342502894,24.61021224,3.72525,1.439466089,-0.9686321152,0.15,100,150,28.6444544
27,5.25575253,24.61063856,3.73275,1.439461944,-0.9686653313,0.15,100,150,28.68930748
27.05,5.169000653,24.61041572,3.74025,1.439457849,-0.9686981497,0.15,100,150,28.73379723
27.1,5.082252131,24.60954371,3.74775,1.439453803,-0.9687305751,0.15,100,150,28.77792284
27.15,4.99551183,24.60802256,3.75525,1.439449805,-0.9687626122,0.15,100,150,28.8216835
27.2,4.908784618,24.60585232,3.76275,1.439445855,-0.9687942656,0.15,100,150,28.86507838
27.25,4.82207536,24.60303308,3.77025,1.439441953,-0.9688255401,0.15,100,150,28.9081067
27.3,4.735388923,24.59956498,3.77775,1.439438097,-0.96885644,0.15,100,150,28.95076766
27.35,4.648730171,24.59544817,3.78525,1.439434287,-0.9688869699,0.15,100,150,28.99306048
27.4,4.562103969,24.59068288,3.79275,1.439430523,-0.9689171342,0.15,100,150,29.03498438
27.45,4.475515177,24.58526933,3.80025,1.439426804,-0.9689469373,0.15,100,150,29.0765386
27.5,4.388968656,24.5792078,3.80775,1.43942313,-0.9689763835,0.15,100,150,29.11772236
27.55,4.302469265,24.57249861,3.81525,1.439419499,-0.9690054771,0.15,100,150,29.15853493
27.6,4.21602186,24.56514211,3.82275,1.439415912,-0.9690342224,0.15,100,150,29.19897555
27.65,4.129631294,24.55713869,3.83025,1.439412368,-0.9690626234,0.15,100,150,29.23904348
27.7,4.043302416,24.54848877,3.83775,1.439408866,-0.9690906843,0.15,100,150,29.278738
27.75,3.957040076,24.53919281,3.84525,1.439405407,-0.9691184092,0.15,100,150,29.31805837
27.8,3.870849115,24.52925131,3.85275,1.439401988,-0.9691458021,0.15,100,150,29.3570039
27.85,3.784734376,24.5186648,3.86025,1.439398611,-0.9691728669,0.15,100,150,29.39557387
27.9,3.698700693,24.50743386,3.86775,1.439395274,-0.9691996077,0.15,100,150,29.43376757
27.95,3.612752898,24.49555908,3.87525,1.439391977,-0.9692260283,0.15,100,150,29.47158432
28,3.526895819,24.48304112,3.88275,1.439388719,-0.9692521325,0.15,100,150,29.50902343
28.05,3.441134278,24.46988065,3.89025,1.439385501,-0.969277924,0.15,100,150,29.54608423
28.1,3.355473092,24.4560784,3.89775,1.439382321,-0.9693034068,0.15,100,150,29.58276604
28.15,3.269917074,24.4416351,3.90525,1.439379179,-0.9693285844,0.15,100,150,29.6190682
28.2,3.184471029,24.42655156,3.91275,1.439376075,-0.9693534605,0.15,100,150,29.65499006
28.25,3.099139758,24.41082859,3.92025,1.439373008,-0.9693780387,0.15,100,150,29.69053097
28.3,3.013928055,24.39446706,3.92775,1.439369977,-0.9694023226,0.15,100,150,29.72569029
28.35,2.928840708,24.37746787,3.93525,1.439366983,-0.9694263157,0.15,100,150,29.76046739
28.4,2.843882498,24.35983194,3.94275,1.439364025,-0.9694500215,0.15,100,150,29.79486163
28.45,2.759058197,24.34156025,3.95025,1.439361102,-0.9694734434,0.15,100,150,29.82887242
28.5,2.674372574,24.3226538,3.95775,1.439358214,-0.9694965848,0.15,100,150,29.86249912
28.55,2.589830387,24.30311365,3.96525,1.439355361,-0.9695194491,0.15,100,150,29.89574115
28.6,2.505436386,24.28294085,3.97275,1.439352542,-0.9695420397,0.15,100,150,29.9285979
28.65,2.421195316,24.26213653,3.98025,1.439349756,-0.9695643597,0.15,100,150,29.96106879
28.7,2.33711191,24.24070183,3.98775,1.439347004,-0.9695864124,0.15,100,150,29.99315323
28.75,2.253190895,24.21863794,3.99525,1.439344285,-0.9696082011,0.15,100,150,30.02485066
28.8,2.169436987,24.19594608,4.00275,1.439341598,-0.9696297288,0.15,100,150,30.05616051
28.85,2.085854894,24.17262751,4.01025,1.439338944,-0.9696509988,0.15,100,150,30.08708221
28.9,2.002449315,24.14868352,4.01775,1.439336321,-0.9696720141,0.15,100,150,30.11761522
28.95,1.919224938,24.12411543,4.02525,1.43933373,-0.9696927776,0.15,100,150,30.14775899
29,1.836186442,24.0989246,4.03275,1.43933117,-0.9697132926,0.15,100,150,30.17751298
29.05,1.753338495,24.07311243,4.04025,1.439328641,-0.9697335619,0.15,100,150,30.20687667
29.1,1.670685754,24.04668037,4.04775,1.439326141,-0.9697535885,0.15,100,150,30.23584954
29.15,1.588232868,24.01962986,4.05525,1.439323672,-0.9697733752,0.15,100,150,30.26443106
29.2,1.505984471,23.99196242,4.06275,1.439321232,-0.9697929251,0.15,100,150,30.29262074
29.25,1.423945188,23.96367958,4.07025,1.439318822,-0.9698122408,0.15,100,150,30.32041806
29.3,1.342119633,23.93478292,4.07775,1.43931644,-0.9698313252,0.15,100,150,30.34782254
29.35,1.260512405,23.90527404,4.08525,1.439314087,-0.9698501811,0.15,100,150,30.3748337
29.4,1.179128095,23.87515458,4.09275,1.439311762,-0.9698688112,0.15,100,150,30.40145104
29.45,1.097971278,23.84442622,4.10025,1.439309465,-0.9698872181,0.15,100,150,30.42767411
29.5,1.017046519,23.81309067,4.10775,1.439307195,-0.9699054047,0.15,100,150,30.45350243
29.55,0.936358369,23.78114968,4.11525,1.439304953,-0.9699233735,0.15,100,150,30.47893555
29.6,0.8559113652,23.74860502,4.12275,1.439302737,-0.9699411271,0.15,100,150,30.50397302
29.65,0.7757100323,23.71545851,4.13025,1.439300548,-0.9699586681,0.15,100,150,30.5286144
29.7,0.695758881,23.681712,4.13775,1.439298385,-0.9699759991,0.15,100,150,30.55285925
29.75,0.6160624081,23.64736736,4.14525,1.439296248,-0.9699931225,0.15,100,150,30.57670714
29.8,0.5366250963,23.61242652,4.15275,1.439294137,-0.9700100409,0.15,100,150,30.60015766
29.85,0.4574514137,23.57689141,4.16025,1.43929205,-0.9700267567,0.15,100,150,30.62321038
29.9,0.3785458137,23.54076403,4.16775,1.439289989,-0.9700432723,0.15,100,150,30.6458649
29.95,0.2999127348,23.50404639,4.17525,1.439287953,-0.9700595902,0.15,100,150,30.66812083
30,0.2215566003,23.46674054,4.18275,1.439285941,-0.9700757126,0.15,100,150,30.68997776
30.05,0.143481818,23.42884857,4.19025,1.439283953,-0.970091642,0.15,100,150,30.71143532
30.1,0.06569277994,23.39037258,4.19775,1.439281989,-0.9701073807,0.15,100,150,30.73249313
30.15,-0.01180613766,23.35131473,4.20525,1.439280048,-0.9701229308,0.15,100,150,30.7531508
30.2,-0.08901057491,23.31167719,4.21275,1.43927813,-0.9701382948,0.15,100,150,30.77340799
30.25,-0.1659161883,23.2714622,4.22025,1.439276236,-0.9701534747,0.15,100,150,30.79326434
30.3,-0.2425186512,23.23067198,4.22775,1.439274364,-0.9701684729,0.15,100,150,30.81271948
30.35,-0.3188136538,23.18930882,4.23525,1.439272515,-0.9701832915,0.15,100,150,30.83177309
30.4,-0.3947969033,23.14737504,4.24275,1.439270687,-0.9701979327,0.15,100,150,30.85042483
30.45,-0.4704641248,23.10487298,4.25025,1.439268882,-0.9702123985,0.15,100,150,30.86867436
30.5,-0.5458110606,23.06180501,4.25775,1.439267098,-0.9702266911,0.15,100,150,30.88652137
30.55,-0.6208334713,23.01817355,4.26525,1.439265336,-0.9702408125,0.15,100,150,30.90396555
30.6,-0.6955271355,22.97398103,4.27275,1.439263595,-0.9702547648,0.15,100,150,30.92100658
30.65,-0.7698878503,22.92922993,4.28025,1.439261874,-0.9702685501,0.15,100,150,30.93764416
30.7,-0.8439114311,22.88392274,4.28775,1.439260174,-0.9702821703,0.15,100,150,30.95387801
30.75,-0.9175937128,22.83806202,4.29525,1.439258495,-0.9702956274,0.15,100,150,30.96970784
30.8,-0.9909305489,22.79165032,4.30275,1.439256836,-0.9703089233,0.15,100,150,30.98513336
30.85,-1.063917812,22.74469024,4.31025,1.439255196,-0.97032206,0.15,100,150,31.00015431
30.9,-1.136551396,22.6971844,4.31775,1.439253576,-0.9703350394,0.15,100,150,31.01477043
30.95,-1.208827212,22.64913548,4.32525,1.439251976,-0.9703478634,0.15,100,150,31.02898145
31,-1.280741193,22.60054616,4.33275,1.439250394,-0.9703605338,0.15,100,150,31.04278712
31.05,-1.352289292,22.55141916,4.34025,1.439248832,-0.9703730525,0.15,100,150,31.05618721
31.1,-1.423467482,22.50175723,4.34775,1.439247288,-0.9703854213,0.15,100,150,31.06918147
31.15,-1.494271758,22.45156316,4.35525,1.439245763,-0.970397642,0.15,100,150,31.08176968
31.2,-1.564698133,22.40083975,4.36275,1.439244256,-0.9704097163,0.15,100,150,31.09395161
31.25,-1.634742645,22.34958985,4.37025,1.439242767,-0.970421646,0.15,100,150,31.10572705
31.3,-1.704401351,22.29781632,4.37775,1.439241296,-0.9704334329,0.15,100,150,31.1170958
31.35,-1.773670331,22.24552208,4.38525,1.439239843,-0.9704450786,0.15,100,150,31.12805764
31.4,-1.842545685,22.19271005,4.39275,1.439238407,-0.9704565849,0.15,100,150,31.13861239
31.45,-1.911023536,22.13938319,4.40025,1.439236988,-0.9704679534,0.15,100,150,31.14875985
31.5,-1.979100031,22.08554449,4.40775,1.439235586,-0.9704791857,0.15,100,150,31.15849986
31.55,-2.046771338,22.03119697,4.41525,1.439234201,-0.9704902836,0.15,100,150,31.16783223
31.6,-2.114033646,21.97634367,4.42275,1.439232832,-0.9705012485,0.15,100,150,31.17675681
31.65,-2.180883171,21.92098767,4.43025,1.43923148,-0.9705120822,0.15,100,150,31.18527342
31.7,-2.247316149,21.86513207,4.43775,1.439230144,-0.9705227861,0.15,100,150,31.19338193
31.75,-2.31332884,21.80878001,4.44525,1.439228824,-0.9705333619,0.15,100,150,31.20108218
31.8,-2.378917528,21.75193464,4.45275,1.43922752,-0.9705438109,0.15,100,150,31.20837404
31.85,-2.444078521,21.69459915,4.46025,1.439226232,-0.9705541349,0.15,100,150,31.21525737
31.9,-2.508808151,21.63677676,4.46775,1.439224959,-0.9705643353,0.15,100,150,31.22173206
31.95,-2.573102774,21.57847071,4.47525,1.439223701,-0.9705744134,0.15,100,150,31.22779799
32,-2.636958771,21.51968428,4.48275,1.439222458,-0.970584371,0.15,100,150,31.23345504
32.05,-2.700372545,21.46042075,4.49025,1.43922123,-0.9705942092,0.15,100,150,31.23870312
32.1,-2.763340529,21.40068346,4.49775,1.439220017,-0.9706039297,0.15,100,150,31.24354212
32.15,-2.825859175,21.34047575,4.50525,1.439218818,-0.9706135337,0.15,100,150,31.24797197
32.2,-2.887924965,21.279801,4.51275,1.439217634,-0.9706230228,0.15,100,150,31.25199257
32.25,-2.949534404,21.21866262,4.52025,1.439216464,-0.9706323982,0.15,100,150,31.25560386
32.3,-3.010684024,21.15706404,4.52775,1.439215308,-0.9706416613,0.15,100,150,31.25880577
32.35,-3.071370381,21.09500871,4.53525,1.439214166,-0.9706508136,0.15,100,150,31.26159823
32.4,-3.131590059,21.03250012,4.54275,1.439213037,-0.9706598562,0.15,100,150,31.26398119
32.45,-3.191339668,20.96954177,4.55025,1.439211922,-0.9706687905,0.15,100,150,31.26595461
32.5,-3.250615842,20.9061372,4.55775,1.43921082,-0.9706776179,0.15,100,150,31.26751845
32.55,-3.309415245,20.84228997,4.56525,1.439209732,-0.9706863395,0.15,100,150,31.26867266
32.6,-3.367734566,20.77800365,4.57275,1.439208656,-0.9706949567,0.15,100,150,31.26941724
32.65,-3.425570521,20.71328187,4.58025,1.439207594,-0.9707034707,0.15,100,150,31.26975216
32.7,-3.482919853,20.64812824,4.58775,1.439206544,-0.9707118828,0.15,100,150,31.2696774
32.75,-3.539779334,20.58254644,4.59525,1.439205506,-0.9707201941,0.15,100,150,31.26919297
32.8,-3.596145761,20.51654013,4.60275,1.439204481,-0.9707284059,0.15,100,150,31.26829886
32.85,-3.65201596,20.45011303,4.61025,1.439203469,-0.9707365194,0.15,100,150,31.26699509
32.9,-3.707386786,20.38326887,4.61775,1.439202468,-0.9707445357,0.15,100,150,31.26528167
32.95,-3.762255121,20.31601139,4.62525,1.43920148,-0.970752456,0.15,100,150,31.26315863
33,-3.816617874,20.24834438,4.63275,1.439200503,-0.9707602815,0.15,100,150,31.26062599
33.05,-3.870471984,20.18027164,4.64025,1.439199538,-0.9707680132,0.15,100,150,31.25768379
33.1,-3.923814419,20.11179698,4.64775,1.439198585,-0.9707756524,0.15,100,150,31.25433208
33.15,-3.976642175,20.04292425,4.65525,1.439197643,-0.9707832001,0.15,100,150,31.25057091
33.2,-4.028952277,19.97365732,4.66275,1.439196712,-0.9707906574,0.15,100,150,31.24640034
33.25,-4.080741778,19.90400008,4.67025,1.439195792,-0.9707980254,0.15,100,150,31.24182043
33.3,-4.132007762,19.83395644,4.67775,1.439194884,-0.9708053052,0.15,100,150,31.23683125
33.35,-4.182747343,19.76353034,4.68525,1.439193986,-0.9708124978,0.15,100,150,31.23143289
33.4,-4.232957662,19.69272572,4.69275,1.439193099,-0.9708196042,0.15,100,150,31.22562543
33.45,-4.282635891,19.62154658,4.70025,1.439192223,-0.9708266256,0.15,100,150,31.21940896
33.5,-4.331779233,19.5499969,4.70775,1.439191357,-0.9708335629,0.15,100,150,31.21278359
33.55,-4.380384921,19.4780807,4.71525,1.439190501,-0.9708404171,0.15,100,150,31.20574942
33.6,-4.428450216,19.40580202,4.72275,1.439189656,-0.9708471893,0.15,100,150,31.19830656
33.65,-4.475972411,19.33316494,4.73025,1.439188821,-0.9708538803,0.15,100,150,31.19045514
33.7,-4.52294883,19.26017351,4.73775,1.439187996,-0.9708604912,0.15,100,150,31.18219529
33.75,-4.569376827,19.18683185,4.74525,1.439187181,-0.970867023,0.15,100,150,31.17352714
33.8,-4.615253786,19.11314407,4.75275,1.439186375,-0.9708734765,0.15,100,150,31.16445083
33.85,-4.660577125,19.03911432,4.76025,1.439185579,-0.9708798528,0.15,100,150,31.15496651
33.9,-4.705344289,18.96474675,4.76775,1.439184793,-0.9708861527,0.15,100,150,31.14507434
33.95,-4.749552757,18.89004555,4.77525,1.439184016,-0.9708923771,0.15,100,150,31.13477449
34,-4.79320004,18.8150149,4.78275,1.439183248,-0.9708985271,0.15,100,150,31.12406712
34.05,-4.836283678,18.73965902,4.79025,1.43918249,-0.9709046033,0.15,100,150,31.1129524
34.1,-4.878801245,18.66398216,4.79775,1.439181741,-0.9709106068,0.15,100,150,31.10143053
34.15,-4.920750345,18.58798855,4.80525,1.439181,-0.9709165385,0.15,100,150,31.0895017
34.2,-4.962128616,18.51168247,4.81275,1.439180269,-0.9709223991,0.15,100,150,31.0771661
34.25,-5.002933726,18.43506822,4.82025,1.439179546,-0.9709281895,0.15,100,150,31.06442394
34.3,-5.043163377,18.35815008,4.82775,1.439178832,-0.9709339105,0.15,100,150,31.05127544
34.35,-5.082815302,18.28093239,4.83525,1.439178127,-0.9709395631,0.15,100,150,31.0377208
34.4,-5.121887268,18.20341948,4.84275,1.43917743,-0.970945148,0.15,100,150,31.02376026
34.45,-5.160377074,18.12561572,4.85025,1.439176741,-0.970950666,0.15,100,150,31.00939406
34.5,-5.19828255,18.04752547,4.85775,1.43917606,-0.9709561179,0.15,100,150,30.99462242
34.55,-5.235601562,17.96915311,4.86525,1.439175388,-0.9709615045,0.15,100,150,30.9794456
34.6,-5.272332007,17.89050307,4.87275,1.439174724,-0.9709668267,0.15,100,150,30.96386386
34.65,-5.308471816,17.81157975,4.88025,1.439174068,-0.970972085,0.15,100,150,30.94787745
34.7,-5.344018952,17.73238759,4.88775,1.439173419,-0.9709772805,0.15,100,150,30.93148665
34.75,-5.378971412,17.65293104,4.89525,1.439172778,-0.9709824137,0.15,100,150,30.91469172
34.8,-5.413327227,17.57321457,4.90275,1.439172145,-0.9709874854,0.15,100,150,30.89749296
34.85,-5.447084462,17.49324266,4.91025,1.43917152,-0.9709924964,0.15,100,150,30.87989065
34.9,-5.480241213,17.4130198,4.91775,1.439170902,-0.9709974474,0.15,100,150,30.86188508
34.95,-5.512795614,17.3325505,4.92525,1.439170291,-0.9710023391,0.15,100,150,30.84347657
35,-5.544745828,17.25183929,4.93275,1.439169688,-0.9710071723,0.15,100,150,30.82466542
35.05,-5.576090057,17.1708907,4.94025,1.439169092,-0.9710119475,0.15,100,150,30.80545195
35.1,-5.606826533,17.08970928,4.94775,1.439168503,-0.9710166656,0.15,100,150,30.78583649
35.15,-5.636953524,17.0082996,4.95525,1.439167922,-0.9710213272,0.15,100,150,30.76581937
35.2,-5.666469333,16.92666622,4.96275,1.439167347,-0.9710259329,0.15,100,150,30.74540092
35.25,-5.695372296,16.84481375,4.97025,1.439166779,-0.9710304835,0.15,100,150,30.72458149
35.3,-5.723660784,16.76274678,4.97775,1.439166217,-0.9710349797,0.15,100,150,30.70336144
35.35,-5.751333203,16.68046992,4.98525,1.439165663,-0.9710394219,0.15,100,150,30.68174112
35.4,-5.778387992,16.5979878,4.99275,1.439165115,-0.971043811,0.15,100,150,30.65972091
35.45,-5.804823628,16.51530505,5.00025,1.439164574,-0.9710481475,0.15,100,150,30.63730118
35.5,-5.830638619,16.43242633,5.00775,1.439164039,-0.9710524321,0.15,100,150,30.6144823
35.55,-5.855831512,16.3493563,5.01525,1.439163511,-0.9710566654,0.15,100,150,30.59126468
35.6,-5.880400884,16.26609961,5.02275,1.439162989,-0.9710608479,0.15,100,150,30.56764869
35.65,-5.904345353,16.18266096,5.03025,1.439162473,-0.9710649804,0.15,100,150,30.54363475
35.7,-5.927663566,16.09904503,5.03775,1.439161963,-0.9710690635,0.15,100,150,30.51922327
35.75,-5.950354211,16.01525653,5.04525,1.43916146,-0.9710730976,0.15,100,150,30.49441466
35.8,-5.972416007,15.93130016,5.05275,1.439160962,-0.9710770834,0.15,100,150,30.46920935
35.85,-5.99384771,15.84718065,5.06025,1.439160471,-0.9710810215,0.15,100,150,30.44360776
35.9,-6.014648113,15.76290273,5.06775,1.439159985,-0.9710849124,0.15,100,150,30.41761034
35.95,-6.034816041,15.67847113,5.07525,1.439159505,-0.9710887567,0.15,100,150,30.39121753
36,-6.054350358,15.59389059,5.08275,1.439159031,-0.971092555,0.15,100,150,30.36442979
36.05,-6.073249962,15.50916589,5.09025,1.439158563,-0.9710963078,0.15,100,150,30.33724757
36.1,-6.091513787,15.42430177,5.09775,1.4391581,-0.9711000157,0.15,100,150,30.30967134
36.15,-6.109140803,15.33930302,5.10525,1.439157643,-0.9711036791,0.15,100,150,30.28170158
36.2,-6.126130015,15.2541744,5.11275,1.439157191,-0.9711072987,0.15,100,150,30.25333876
36.25,-6.142480464,15.16892071,5.12025,1.439156745,-0.971110875,0.15,100,150,30.22458338
36.3,-6.158191229,15.08354674,5.12775,1.439156304,-0.9711144084,0.15,100,150,30.19543592
36.35,-6.173261422,14.99805729,5.13525,1.439155868,-0.9711178995,0.15,100,150,30.1658969
36.4,-6.187690194,14.91245717,5.14275,1.439155437,-0.9711213488,0.15,100,150,30.13596683
36.45,-6.20147673,14.82675119,5.15025,1.439155012,-0.9711247568,0.15,100,150,30.10564621
36.5,-6.214620251,14.74094416,5.15775,1.439154592,-0.971128124,0.15,100,150,30.07493557
36.55,-6.227120015,14.65504092,5.16525,1.439154177,-0.9711314509,0.15,100,150,30.04383545
36.6,-6.238975318,14.5690463,5.17275,1.439153766,-0.9711347379,0.15,100,150,30.01234639
36.65,-6.250185488,14.48296512,5.18025,1.439153361,-0.9711379856,0.15,100,150,29.98046892
36.7,-6.260749893,14.39680224,5.18775,1.43915296,-0.9711411944,0.15,100,150,29.94820361
36.75,-6.270667937,14.31056248,5.19525,1.439152565,-0.9711443647,0.15,100,150,29.91555101
36.8,-6.279939058,14.22425072,5.20275,1.439152174,-0.9711474971,0.15,100,150,29.8825117
36.85,-6.288562732,14.13787179,5.21025,1.439151787,-0.971150592,0.15,100,150,29.84908624
36.9,-6.296538472,14.05143056,5.21775,1.439151406,-0.9711536498,0.15,100,150,29.81527522
36.95,-6.303865826,13.96493188,5.22525,1.439151029,-0.971156671,0.15,100,150,29.78107923
37,-6.31054438,13.87838063,5.23275,1.439150656,-0.971159656,0.15,100,150,29.74649886
37.05,-6.316573755,13.79178166,5.24025,1.439150288,-0.9711626053,0.15,100,150,29.71153472
37.1,-6.321953611,13.70513985,5.24775,1.439149924,-0.9711655192,0.15,100,150,29.67618742
37.15,-6.326683641,13.61846006,5.25525,1.439149565,-0.9711683983,0.15,100,150,29.64045759
37.2,-6.330763578,13.53174719,5.26275,1.43914921,-0.9711712429,0.15,100,150,29.60434584
37.25,-6.334193188,13.44500609,5.27025,1.439148859,-0.9711740534,0.15,100,150,29.56785281
37.3,-6.336972278,13.35824165,5.27775,1.439148513,-0.9711768303,0.15,100,150,29.53097913
37.35,-6.339100688,13.27145874,5.28525,1.43914817,-0.9711795739,0.15,100,150,29.49372547
37.4,-6.340578295,13.18466226,5.29275,1.439147832,-0.9711822847,0.15,100,150,29.45609247
37.45,-6.341405016,13.09785707,5.30025,1.439147497,-0.971184963,0.15,100,150,29.4180808
37.5,-6.3415808,13.01104807,5.30775,1.439147167,-0.9711876092,0.15,100,150,29.37969113
37.55,-6.341105636,12.92424013,5.31525,1.439146841,-0.9711902237,0.15,100,150,29.34092413
37.6,-6.339979547,12.83743813,5.32275,1.439146518,-0.971192807,0.15,100,150,29.3017805
37.65,-6.338202596,12.75064695,5.33025,1.4391462,-0.9711953592,0.15,100,150,29.26226091
37.7,-6.335774879,12.66387149,5.33775,1.439145885,-0.971197881,0.15,100,150,29.22236608
37.75,-6.332696531,12.57711661,5.34525,1.439145574,-0.9712003725,0.15,100,150,29.18209672
37.8,-6.328967723,12.4903872,5.35275,1.439145267,-0.9712028342,0.15,100,150,29.14145353
37.85,-6.324588662,12.40368813,5.36025,1.439144963,-0.9712052664,0.15,100,150,29.10043724
37.9,-6.319559593,12.31702428,5.36775,1.439144663,-0.9712076695,0.15,100,150,29.05904858
37.95,-6.313880796,12.23040053,5.37525,1.439144367,-0.9712100438,0.15,100,150,29.01728829
38,-6.307552588,12.14382174,5.38275,1.439144074,-0.9712123897,0.15,100,150,28.97515711
38.05,-6.300575324,12.05729278,5.39025,1.439143785,-0.9712147075,0.15,100,150,28.9326558
38.1,-6.292949393,11.97081853,5.39775,1.439143499,-0.9712169975,0.15,100,150,28.88978512
38.15,-6.284675223,11.88440384,5.40525,1.439143217,-0.9712192602,0.15,100,150,28.84654583
38.2,-6.275753277,11.79805358,5.41275,1.439142938,-0.9712214957,0.15,100,150,28.80293871
38.25,-6.266184055,11.71177259,5.42025,1.439142662,-0.9712237044,0.15,100,150,28.75896455
38.3,-6.255968092,11.62556574,5.42775,1.43914239,-0.9712258867,0.15,100,150,28.71462414
38.35,-6.245105962,11.53943788,5.43525,1.43914212,-0.9712280429,0.15,100,150,28.66991827
38.4,-6.233598274,11.45339384,5.44275,1.439141854,-0.9712301732,0.15,100,150,28.62484775
38.45,-6.221445672,11.36743846,5.45025,1.439141592,-0.9712322781,0.15,100,150,28.5794134
38.5,-6.208648839,11.28157659,5.45775,1.439141332,-0.9712343577,0.15,100,150,28.53361604
38.55,-6.195208492,11.19581304,5.46525,1.439141076,-0.9712364124,0.15,100,150,28.4874565
38.6,-6.181125386,11.11015265,5.47275,1.439140822,-0.9712384426,0.15,100,150,28.44093561
38.65,-6.16640031,11.02460023,5.48025,1.439140572,-0.9712404484,0.15,100,150,28.39405423
38.7,-6.151034092,10.93916059,5.48775,1.439140325,-0.9712424302,0.15,100,150,28.3468132
38.75,-6.135027593,10.85383854,5.49525,1.43914008,-0.9712443882,0.15,100,150,28.29921339
38.8,-6.118381712,10.76863887,5.50275,1.439139839,-0.9712463228,0.15,100,150,28.25125566
38.85,-6.101097384,10.68356639,5.51025,1.4391396,-0.9712482343,0.15,100,150,28.2029409
38.9,-6.083175579,10.59862587,5.51775,1.439139364,-0.9712501228,0.15,100,150,28.15426999
38.95,-6.064617304,10.51382209,5.52525,1.439139132,-0.9712519888,0.15,100,150,28.10524382
39,-6.0454236,10.42915982,5.53275,1.439138901,-0.9712538324,0.15,100,150,28.05586329
39.05,-6.025595545,10.34464382,5.54025,1.439138674,-0.9712556539,0.15,100,150,28.00612932
39.1,-6.005134253,10.26027885,5.54775,1.439138449,-0.9712574536,0.15,100,150,27.95604281
39.15,-5.984040873,10.17606966,5.55525,1.439138228,-0.9712592317,0.15,100,150,27.9056047
39.2,-5.962316591,10.09202097,5.56275,1.439138008,-0.9712609886,0.15,100,150,27.85481592
39.25,-5.939962625,10.00813752,5.57025,1.439137792,-0.9712627244,0.15,100,150,27.80367741
39.3,-5.916980233,9.924424018,5.57775,1.439137578,-0.9712644395,0.15,100,150,27.75219012
39.35,-5.893370705,9.840885181,5.58525,1.439137366,-0.971266134,0.15,100,150,27.70035501
39.4,-5.869135368,9.757525706,5.59275,1.439137157,-0.9712678082,0.15,100,150,27.64817304
39.45,-5.844275582,9.674350281,5.60025,1.439136951,-0.9712694623,0.15,100,150,27.5956452
39.5,-5.818792746,9.591363585,5.60775,1.439136747,-0.9712710967,0.15,100,150,27.54277245
39.55,-5.792688291,9.508570284,5.61525,1.439136545,-0.9712727114,0.15,100,150,27.4895558
39.6,-5.765963683,9.425975037,5.62275,1.439136346,-0.9712743069,0.15,100,150,27.43599624
39.65,-5.738620424,9.343582489,5.63025,1.439136149,-0.9712758832,0.15,100,150,27.38209479
39.7,-5.710660051,9.261397274,5.63775,1.439135955,-0.9712774407,0.15,100,150,27.32785245
39.75,-5.682084136,9.179424015,5.64525,1.439135763,-0.9712789795,0.15,100,150,27.27327026
39.8,-5.652894283,9.097667323,5.65275,1.439135573,-0.9712804999,0.15,100,150,27.21834925
39.85,-5.623092134,9.016131796,5.66025,1.439135385,-0.9712820021,0.15,100,150,27.16309046
39.9,-5.592679363,8.934822021,5.66775,1.4391352,-0.9712834862,0.15,100,150,27.10749493
39.95,-5.56165768,8.853742572,5.67525,1.439135017,-0.9712849527,0.15,100,150,27.05156374
40,-5.530028828,8.772898009,5.68275,1.439134836,-0.9712864015,0.15,100,150,26.99529795
40.05,-5.497794585,8.692292879,5.69025,1.439134658,-0.971287833,0.15,100,150,26.93869864
40.1,-5.464956763,8.611931716,5.69775,1.439134481,-0.9712892474,0.15,100,150,26.88176688
40.15,-5.431517207,8.531819041,5.70525,1.439134307,-0.9712906448,0.15,100,150,26.82450379
40.2,-5.397477798,8.45195936,5.71275,1.439134134,-0.9712920255,0.15,100,150,26.76691046
40.25,-5.362840447,8.372357165,5.72025,1.439133964,-0.9712933896,0.15,100,150,26.708988
40.3,-5.327607103,8.293016933,5.72775,1.439133796,-0.9712947375,0.15,100,150,26.65073754
40.35,-5.291779747,8.213943128,5.73525,1.43913363,-0.9712960692,0.15,100,150,26.59216021
40.4,-5.255360391,8.135140197,5.74275,1.439133465,-0.9712973849,0.15,100,150,26.53325714
40.45,-5.218351083,8.056612572,5.75025,1.439133303,-0.9712986849,0.15,100,150,26.47402949
40.5,-5.180753904,7.978364672,5.75775,1.439133143,-0.9712999693,0.15,100,150,26.41447842
40.55,-5.142570968,7.900400898,5.76525,1.439132984,-0.9713012383,0.15,100,150,26.35460509
40.6,-5.10380442,7.822725634,5.77275,1.439132828,-0.9713024921,0.15,100,150,26.29441067
40.65,-5.064456441,7.745343251,5.78025,1.439132673,-0.971303731,0.15,100,150,26.23389637
40.7,-5.024529243,7.668258101,5.78775,1.43913252,-0.9713049549,0.15,100,150,26.17306337
40.75,-4.984025069,7.59147452,5.79525,1.43913237,-0.9713061643,0.15,100,150,26.11191288
40.8,-4.942946198,7.514996827,5.80275,1.43913222,-0.9713073591,0.15,100,150,26.05044611
40.85,-4.901294938,7.438829324,5.81025,1.439132073,-0.9713085397,0.15,100,150,25.98866429
40.9,-4.859073633,7.362976296,5.81775,1.439131927,-0.9713097061,0.15,100,150,25.92656865
40.95,-4.816284654,7.28744201,5.82525,1.439131784,-0.9713108585,0.15,100,150,25.86416044
41,-4.772930409,7.212230714,5.83275,1.439131642,-0.9713119971,0.15,100,150,25.80144091
41.05,-4.729013334,7.137346639,5.84025,1.439131501,-0.9713131221,0.15,100,150,25.73841133
41.1,-4.6845359,7.062793998,5.84775,1.439131362,-0.9713142336,0.15,100,150,25.67507296
41.15,-4.639500606,6.988576983,5.85525,1.439131225,-0.9713153319,0.15,100,150,25.61142711
41.2,-4.593909985,6.914699771,5.86275,1.43913109,-0.9713164169,0.15,100,150,25.54747505
41.25,-4.547766601,6.841166516,5.87025,1.439130956,-0.971317489,0.15,100,150,25.48321809
41.3,-4.501073047,6.767981356,5.87775,1.439130824,-0.9713185482,0.15,100,150,25.41865756
41.35,-4.453831949,6.695148406,5.88525,1.439130693,-0.9713195948,0.15,100,150,25.35379477
41.4,-4.406045964,6.622671764,5.89275,1.439130564,-0.9713206288,0.15,100,150,25.28863106
41.45,-4.357717779,6.550555506,5.90025,1.439130437,-0.9713216504,0.15,100,150,25.22316778
41.5,-4.308850111,6.47880369,5.90775,1.439130311,-0.9713226598,0.15,100,150,25.15740628
41.55,-4.259445708,6.407420352,5.91525,1.439130186,-0.9713236571,0.15,100,150,25.09134794
41.6,-4.209507347,6.336409507,5.92275,1.439130063,-0.9713246425,0.15,100,150,25.02499413
41.65,-4.159037838,6.265775149,5.93025,1.439129942,-0.9713256161,0.15,100,150,24.95834625
41.7,-4.108040017,6.195521253,5.93775,1.439129822,-0.971326578,0.15,100,150,24.89140569
41.75,-4.056516753,6.125651769,5.94525,1.439129703,-0.9713275284,0.15,100,150,24.82417386
41.8,-4.004470944,6.056170628,5.95275,1.439129586,-0.9713284674,0.15,100,150,24.7566522
41.85,-3.951905514,5.987081739,5.96025,1.43912947,-0.9713293952,0.15,100,150,24.68884213
41.9,-3.898823422,5.918388989,5.96775,1.439129356,-0.9713303118,0.15,100,150,24.6207451
41.95,-3.84522765,5.850096241,5.97525,1.439129242,-0.9713312175,0.15,100,150,24.55236257
42,-3.791121214,5.782207336,5.98275,1.439129131,-0.9713321123,0.15,100,150,24.48369601
42.05,-3.736507157,5.714726095,5.99025,1.43912902,-0.9713329964,0.15,100,150,24.4147469
42.1,-3.681388548,5.647656312,5.99775,1.439128911,-0.97133387,0.15,100,150,24.34551674
42.15,-3.625768488,5.581001762,6.00525,1.439128804,-0.971334733,0.15,100,150,24.27600703
42.2,-3.569650105,5.514766192,6.01275,1.439128697,-0.9713355858,0.15,100,150,24.20621929
42.25,-3.513036555,5.44895333,6.02025,1.439128592,-0.9713364283,0.15,100,150,24.13615505
42.3,-3.45593102,5.383566878,6.02775,1.439128488,-0.9713372607,0.15,100,150,24.06581585
42.35,-3.398336713,5.318610513,6.03525,1.439128386,-0.9713380832,0.15,100,150,23.99520324
42.4,-3.340256873,5.25408789,6.04275,1.439128284,-0.9713388958,0.15,100,150,23.92431881
42.45,-3.281694765,5.190002638,6.05025,1.439128184,-0.9713396987,0.15,100,150,23.85316412
42.5,-3.222653684,5.126358363,6.05775,1.439128085,-0.971340492,0.15,100,150,23.78174077
42.55,-3.163136949,5.063158644,6.06525,1.439127987,-0.9713412758,0.15,100,150,23.71005037
42.6,-3.103147907,5.000407037,6.07275,1.43912789,-0.9713420501,0.15,100,150,23.63809455
42.65,-3.042689933,4.938107072,6.08025,1.439127795,-0.9713428153,0.15,100,150,23.56587492
42.7,-2.981766425,4.876262253,6.08775,1.439127701,-0.9713435712,0.15,100,150,23.49339315
42.75,-2.920380811,4.81487606,6.09525,1.439127607,-0.9713443181,0.15,100,150,23.42065089
42.8,-2.858536543,4.753951945,6.10275,1.439127515,-0.9713450561,0.15,100,150,23.34764982
42.85,-2.796237099,4.693493336,6.11025,1.439127424,-0.9713457852,0.15,100,150,23.27439163
42.9,-2.733485982,4.633503634,6.11775,1.439127334,-0.9713465056,0.15,100,150,23.20087802
42.95,-2.670286721,4.573986213,6.12525,1.439127245,-0.9713472173,0.15,100,150,23.12711071
43,-2.606642871,4.514944422,6.13275,1.439127158,-0.9713479206,0.15,100,150,23.05309144
43.05,-2.542558012,4.456381582,6.14025,1.439127071,-0.9713486154,0.15,100,150,22.97882196
43.1,-2.478035746,4.398300988,6.14775,1.439126985,-0.9713493019,0.15,100,150,22.90430402
43.15,-2.413079704,4.340705906,6.15525,1.439126901,-0.9713499802,0.15,100,150,22.82953941
43.2,-2.347693538,4.283599577,6.16275,1.439126817,-0.9713506503,0.15,100,150,22.75452992
43.25,-2.281880925,4.226985213,6.17025,1.439126734,-0.9713513124,0.15,100,150,22.67927736
43.3,-2.215645567,4.170865999,6.17775,1.439126653,-0.9713519666,0.15,100,150,22.60378356
43.35,-2.14899119,4.115245092,6.18525,1.439126572,-0.971352613,0.15,100,150,22.52805036
43.4,-2.081921541,4.060125621,6.19275,1.439126492,-0.9713532516,0.15,100,150,22.45207961
43.45,-2.014440393,4.005510686,6.20025,1.439126413,-0.9713538826,0.15,100,150,22.3758732
43.5,-1.946551541,3.951403361,6.20775,1.439126336,-0.971354506,0.15,100,150,22.29943302
43.55,-1.878258803,3.897806688,6.21525,1.439126259,-0.971355122,0.15,100,150,22.22276097
43.6,-1.80956602,3.844723683,6.22275,1.439126183,-0.9713557306,0.15,100,150,22.14585899
43.65,-1.740477057,3.792157332,6.23025,1.439126108,-0.9713563318,0.15,100,150,22.068729
43.7,-1.670995797,3.740110592,6.23775,1.439126034,-0.9713569259,0.15,100,150,21.99137299
43.75,-1.60112615,3.688586391,6.24525,1.43912596,-0.9713575129,0.15,100,150,21.91379293
43.8,-1.530872044,3.637587628,6.25275,1.439125888,-0.9713580929,0.15,100,150,21.83599081
43.85,-1.460237432,3.587117171,6.26025,1.439125816,-0.9713586659,0.15,100,150,21.75796866
43.9,-1.389226286,3.53717786,6.26775,1.439125746,-0.971359232,0.15,100,150,21.67972851
43.95,-1.317842599,3.487772504,6.27525,1.439125676,-0.9713597914,0.15,100,150,21.60127242
44,-1.246090386,3.438903882,6.28275,1.439125607,-0.971360344,0.15,100,150,21.52260246
44.05,-1.173973684,3.390574743,6.29025,1.439125539,-0.9713608901,0.15,100,150,21.44372073
44.1,-1.101496548,3.342787807,6.29775,1.439125471,-0.9713614296,0.15,100,150,21.36462934
44.15,-1.028663055,3.295545762,6.30525,1.439125405,-0.9713619626,0.15,100,150,21.28533044
44.2,-0.9554773008,3.248851265,6.31275,1.439125339,-0.9713624893,0.15,100,150,21.20582617
44.25,-0.8819434018,3.202706943,6.32025,1.439125274,-0.9713630096,0.15,100,150,21.12611872
44.3,-0.8080654939,3.157115391,6.32775,1.43912521,-0.9713635238,0.15,100,150,21.04621028
44.35,-0.7338477324,3.112079176,6.33525,1.439125147,-0.9713640317,0.15,100,150,20.96610309
44.4,-0.6592942915,3.067600829,6.34275,1.439125084,-0.9713645336,0.15,100,150,20.88579937
44.45,-0.5844093645,3.023682854,6.35025,1.439125022,-0.9713650295,0.15,100,150,20.80530141
44.5,-0.5091971632,2.980327721,6.35775,1.439124961,-0.9713655194,0.15,100,150,20.72461149
44.55,-0.4336619179,2.937537869,6.36525,1.439124901,-0.9713660035,0.15,100,150,20.64373193
44.6,-0.3578078771,2.895315706,6.37275,1.439124841,-0.9713664818,0.15,100,150,20.56266507
44.65,-0.2816393072,2.853663606,6.38025,1.439124782,-0.9713669543,0.15,100,150,20.48141326
44.7,-0.2051604922,2.812583912,6.38775,1.439124724,-0.9713674212,0.15,100,150,20.39997889
44.75,-0.1283757337,2.772078937,6.39525,1.439124666,-0.9713678825,0.15,100,150,20.31836439
44.8,-0.05128935054,2.732150958,6.40275,1.439124609,-0.9713683383,0.15,100,150,20.23657218
44.85,0.02609432161,2.692802221,6.41025,1.439124553,-0.9713687886,0.15,100,150,20.15460473
44.9,0.1037709303,2.654034941,6.41775,1.439124497,-0.9713692335,0.15,100,150,20.07246454
44.95,0.1817361065,2.615851297,6.42525,1.439124443,-0.9713696731,0.15,100,150,19.99015412
45,0.259985465,2.578253439,6.43275,1.439124388,-0.9713701074,0.15,100,150,19.90767602
45.05,0.3385146047,2.541243482,6.44025,1.439124335,-0.9713705366,0.15,100,150,19.82503282
45.1,0.4173191087,2.504823506,6.44775,1.439124282,-0.9713709606,0.15,100,150,19.74222712
45.15,0.4963945445,2.468995563,6.45525,1.43912423,-0.9713713795,0.15,100,150,19.65926155
45.2,0.5757364645,2.433761666,6.46275,1.439124178,-0.9713717934,0.15,100,150,19.57613879
45.25,0.6553404059,2.399123798,6.47025,1.439124127,-0.9713722023,0.15,100,150,19.49286151
45.3,0.7352018915,2.365083907,6.47775,1.439124076,-0.9713726063,0.15,100,150,19.40943245
45.35,0.8153164292,2.33164391,6.48525,1.439124027,-0.9713730055,0.15,100,150,19.32585437
45.4,0.895679513,2.298805687,6.49275,1.439123977,-0.9713734,0.15,100,150,19.24213005
45.45,0.9762866226,2.266571084,6.50025,1.439123929,-0.9713737897,0.15,100,150,19.15826232
45.5,1.057133224,2.234941917,6.50775,1.439123881,-0.9713741747,0.15,100,150,19.07425404
45.55,1.138214771,2.203919964,6.51525,1.439123833,-0.9713745551,0.15,100,150,18.99010809
45.6,1.219526702,2.17350697,6.52275,1.439123786,-0.971374931,0.15,100,150,18.9058274
45.65,1.301064443,2.143704647,6.53025,1.43912374,-0.9713753024,0.15,100,150,18.82141495
45.7,1.382823409,2.114514671,6.53775,1.439123694,-0.9713756693,0.15,100,150,18.73687371
45.75,1.464799,2.085938684,6.54525,1.439123649,-0.9713760318,0.15,100,150,18.65220674
45.8,1.546986607,2.057978294,6.55275,1.439123604,-0.97137639,0.15,100,150,18.5674171
45.85,1.629381605,2.030635074,6.56025,1.43912356,-0.9713767439,0.15,100,150,18.48250792
45.9,1.711979362,2.003910562,6.56775,1.439123516,-0.9713770935,0.15,100,150,18.39748234
45.95,1.794775229,1.977806262,6.57525,1.439123473,-0.971377439,0.15,100,150,18.31234356
46,1.877764552,1.952323642,6.58275,1.439123431,-0.9713777803,0.15,100,150,18.22709481
46.05,1.960942662,1.927464136,6.59025,1.439123389,-0.9713781176,0.15,100,150,18.14173938
46.1,2.04430488,1.903229143,6.59775,1.439123347,-0.9713784508,0.15,100,150,18.05628058
46.15,2.127846517,1.879620026,6.60525,1.439123306,-0.97137878,0.15,100,150,17.97072179
46.2,2.211562875,1.856638112,6.61275,1.439123265,-0.9713791053,0.15,100,150,17.88506641
46.25,2.295449244,1.834284697,6.62025,1.439123225,-0.9713794267,0.15,100,150,17.7993179
46.3,2.379500907,1.812561036,6.62775,1.439123185,-0.9713797442,0.15,100,150,17.71347978
46.35,2.463713135,1.791468352,6.63525,1.439123146,-0.9713800579,0.15,100,150,17.62755558
46.4,2.548081191,1.771007831,6.64275,1.439123108,-0.9713803679,0.15,100,150,17.54154893
46.45,2.632600332,1.751180626,6.65025,1.439123069,-0.9713806742,0.15,100,150,17.45546347
46.5,2.717265801,1.731987851,6.65775,1.439123032,-0.9713809768,0.15,100,150,17.3693029
46.55,2.802072838,1.713430586,6.66525,1.439122994,-0.9713812757,0.15,100,150,17.283071
46.6,2.887016671,1.695509875,6.67275,1.439122957,-0.9713815711,0.15,100,150,17.19677156
46.65,2.972092523,1.678226727,6.68025,1.439122921,-0.971381863,0.15,100,150,17.11040847
46.7,3.057295609,1.661582114,6.68775,1.439122885,-0.9713821513,0.15,100,150,17.02398564
46.75,3.142621136,1.645576973,6.69525,1.439122849,-0.9713824362,0.15,100,150,16.93750707
46.8,3.228064305,1.630212203,6.70275,1.439122814,-0.9713827177,0.15,100,150,16.85097679
46.85,3.31362031,1.615488669,6.71025,1.43912278,-0.9713829958,0.15,100,150,16.76439891
46.9,3.399284338,1.601407201,6.71775,1.439122745,-0.9713832706,0.15,100,150,16.6777776
46.95,3.485051571,1.587968589,6.72525,1.439122711,-0.9713835421,0.15,100,150,16.59111708
47,3.570917185,1.575173591,6.73275,1.439122678,-0.9713838104,0.15,100,150,16.50442165
47.05,3.65687635,1.563022927,6.74025,1.439122645,-0.9713840754,0.15,100,150,16.41769568
47.1,3.742924231,1.551517279,6.74775,1.439122612,-0.9713843373,0.15,100,150,16.33094359
47.15,3.829055987,1.540657295,6.75525,1.43912258,-0.971384596,0.15,100,150,16.24416988
47.2,3.915266775,1.530443587,6.76275,1.439122548,-0.9713848516,0.15,100,150,16.15737913
47.25,4.001551745,1.520876728,6.77025,1.439122516,-0.9713851042,0.15,100,150,16.07057599
47.3,4.087906043,1.511957259,6.77775,1.439122485,-0.9713853537,0.15,100,150,15.98376517
47.35,4.174324812,1.503685679,6.78525,1.439122455,-0.9713856003,0.15,100,150,15.89695146
47.4,4.260803192,1.496062456,6.79275,1.439122424,-0.9713858439,0.15,100,150,15.81013975
47.45,4.347336318,1.489088017,6.80025,1.439122394,-0.9713860846,0.15,100,150,15.723335
47.5,4.433919323,1.482762756,6.80775,1.439122364,-0.9713863224,0.15,100,150,15.63654223
47.55,4.520547336,1.477087028,6.81525,1.439122335,-0.9713865573,0.15,100,150,15.54976659
47.6,4.607215485,1.472061153,6.82275,1.439122306,-0.9713867895,0.15,100,150,15.46301326
47.65,4.693918895,1.467685414,6.83025,1.439122277,-0.9713870188,0.15,100,150,15.37628756
47.7,4.780652689,1.463960057,6.83775,1.439122249,-0.9713872455,0.15,100,150,15.28959488
47.75,4.867411988,1.460885292,6.84525,1.439122221,-0.9713874694,0.15,100,150,15.20294069
47.8,4.954191913,1.458461292,6.85275,1.439122194,-0.9713876906,0.15,100,150,15.11633058
47.85,5.040987581,1.456688193,6.86025,1.439122166,-0.9713879092,0.15,100,150,15.02977023
47.9,5.127794111,1.455566096,6.86775,1.439122139,-0.9713881251,0.15,100,150,14.94326539
47.95,5.214606621,1.455095063,6.87525,1.439122113,-0.9713883385,0.15,100,150,14.85682197
48,5.301420226,1.455275122,6.88275,1.439122086,-0.9713885493,0.15,100,150,14.77044593
48.05,5.388230044,1.456106262,6.89025,1.43912206,-0.9713887576,0.15,100,150,14.68414338
48.1,5.475031192,1.457588438,6.89775,1.439122035,-0.9713889634,0.15,100,150,14.5979205
48.15,5.561818788,1.459721565,6.90525,1.439122009,-0.9713891667,0.15,100,150,14.51178362
48.2,5.648587949,1.462505524,6.91275,1.439121984,-0.9713893676,0.15,100,150,14.42573916
48.25,5.735333795,1.465940158,6.92025,1.43912196,-0.9713895661,0.15,100,150,14.33979367
48.3,5.822051447,1.470025275,6.92775,1.439121935,-0.9713897622,0.15,100,150,14.25395382
48.35,5.908736027,1.474760645,6.93525,1.439121911,-0.971389956,0.15,100,150,14.1682264
48.4,5.995382658,1.480146002,6.94275,1.439121887,-0.9713901474,0.15,100,150,14.08261833
48.45,6.081986468,1.486181043,6.95025,1.439121863,-0.9713903366,0.15,100,150,13.99713666
48.5,6.168542585,1.492865428,6.95775,1.43912184,-0.9713905234,0.15,100,150,13.91178858
48.55,6.25504614,1.500198782,6.96525,1.439121817,-0.9713907081,0.15,100,150,13.82658139
48.6,6.341492267,1.508180693,6.97275,1.439121794,-0.9713908905,0.15,100,150,13.74152257
48.65,6.427876104,1.516810711,6.98025,1.439121772,-0.9713910708,0.15,100,150,13.65661971
48.7,6.514192792,1.526088352,6.98775,1.439121749,-0.9713912489,0.15,100,150,13.57188055
48.75,6.600437476,1.536013093,6.99525,1.439121728,-0.9713914248,0.15,100,150,13.487313
48.8,6.686605304,1.546584377,7.00275,1.439121706,-0.9713915987,0.15,100,150,13.40292511
48.85,6.772691429,1.557801609,7.01025,1.439121684,-0.9713917705,0.15,100,150,13.31872508
48.9,6.85869101,1.569664159,7.01775,1.439121663,-0.9713919402,0.15,100,150,13.23472129
48.95,6.944599209,1.582171359,7.02525,1.439121642,-0.9713921078,0.15,100,150,13.15092225
49,7.030411193,1.595322505,7.03275,1.439121622,-0.9713922735,0.15,100,150,13.06733667
49.05,7.116122137,1.609116859,7.04025,1.439121601,-0.9713924372,0.15,100,150,12.98397342
49.1,7.201727217,1.623553645,7.04775,1.439121581,-0.9713925989,0.15,100,150,12.90084155
49.15,7.28722162,1.63863205,7.05525,1.439121561,-0.9713927587,0.15,100,150,12.81795027
49.2,7.372600537,1.654351226,7.06275,1.439121541,-0.9713929166,0.15,100,150,12.73530899
49.25,7.457859164,1.67071029,7.07025,1.439121522,-0.9713930726,0.15,100,150,12.65292731
49.3,7.542992707,1.687708322,7.07775,1.439121503,-0.9713932267,0.15,100,150,12.57081501
49.35,7.627996375,1.705344365,7.08525,1.439121484,-0.971393379,0.15,100,150,12.48898207
49.4,7.712865389,1.723617427,7.09275,1.439121465,-0.9713935295,0.15,100,150,12.40743866
49.45,7.797594974,1.742526482,7.10025,1.439121446,-0.9713936781,0.15,100,150,12.32619515
49.5,7.882180364,1.762070465,7.10775,1.439121428,-0.971393825,0.15,100,150,12.24526215
49.55,7.966616802,1.782248277,7.11525,1.43912141,-0.9713939701,0.15,100,150,12.16465043
49.6,8.050899537,1.803058783,7.12275,1.439121392,-0.9713941135,0.15,100,150,12.08437102
49.65,8.135023829,1.824500814,7.13025,1.439121374,-0.9713942551,0.15,100,150,12.00443513
49.7,8.218984947,1.846573162,7.13775,1.439121357,-0.9713943951,0.15,100,150,11.92485422
49.75,8.302778166,1.869274587,7.14525,1.43912134,-0.9713945334,0.15,100,150,11.84563996
49.8,8.386398775,1.892603811,7.15275,1.439121322,-0.97139467,0.15,100,150,11.76680426
49.85,8.469842068,1.916559523,7.16025,1.439121306,-0.971394805,0.15,100,150,11.68835927
49.9,8.553103354,1.941140375,7.16775,1.439121289,-0.9713949384,0.15,100,150,11.61031734
49.95,8.636177947,1.966344985,7.17525,1.439121273,-0.9713950701,0.15,100,150,11.53269111
50,8.719061176,1.992171935,7.18275,1.439121256,-0.9713952003,0.15,100,150,11.45549343
50.05,8.801748379,2.018619772,7.19025,1.43912124,-0.971395329,0.15,100,150,11.37873742
50.1,8.884234903,2.045687009,7.19775,1.439121224,-0.9713954561,0.15,100,150,11.30243642
50.15,8.966516109,2.073372123,7.20525,1.439121209,-0.9713955817,0.15,100,150,11.22660406
50.2,9.04858737,2.101673558,7.21275,1.439121193,-0.9713957057,0.15,100,150,11.1512542
50.25,9.130444068,2.130589721,7.22025,1.439121178,-0.9713958283,0.15,100,150,11.07640098
50.3,9.212081599,2.160118986,7.22775,1.439121163,-0.9713959495,0.15,100,150,11.00205878
50.35,9.293495371,2.190259692,7.23525,1.439121148,-0.9713960691,0.15,100,150,10.92824226
50.4,9.374680804,2.221010144,7.24275,1.439121133,-0.9713961874,0.15,100,150,10.85496633
50.45,9.455633333,2.252368612,7.25025,1.439121119,-0.9713963042,0.15,100,150,10.78224618
50.5,9.536348402,2.284333333,7.25775,1.439121104,-0.9713964196,0.15,100,150,10.71009727
50.55,9.616821473,2.316902508,7.26525,1.43912109,-0.9713965337,0.15,100,150,10.63853531
50.6,9.697048018,2.350074306,7.27275,1.439121076,-0.9713966463,0.15,100,150,10.5675763
50.65,9.777023525,2.38384686,7.28025,1.439121062,-0.9713967577,0.15,100,150,10.49723649
50.7,9.856743496,2.418218272,7.28775,1.439121048,-0.9713968676,0.15,100,150,10.42753241
50.75,9.936203445,2.453186608,7.29525,1.439121035,-0.9713969763,0.15,100,150,10.35848086
50.8,10.0153989,2.488749901,7.30275,1.439121021,-0.9713970837,0.15,100,150,10.29009889
50.85,10.09432542,2.524906151,7.31025,1.439121008,-0.9713971898,0.15,100,150,10.22240383
50.9,10.17297854,2.561653324,7.31775,1.439120995,-0.9713972946,0.15,100,150,10.15541326
50.95,10.25135386,2.598989354,7.32525,1.439120982,-0.9713973982,0.15,100,150,10.08914502
51,10.32944697,2.636912139,7.33275,1.439120969,-0.9713975005,0.15,100,150,10.02361719
51.05,10.40725346,2.675419548,7.34025,1.439120957,-0.9713976016,0.15,100,150,9.958848126
51.1,10.48476896,2.714509413,7.34775,1.439120944,-0.9713977015,0.15,100,150,9.894856396
51.15,10.56198912,2.754179538,7.35525,1.439120932,-0.9713978002,0.15,100,150,9.831660814
51.2,10.63890958,2.794427689,7.36275,1.43912092,-0.9713978977,0.15,100,150,9.769280419
51.25,10.71552603,2.835251604,7.37025,1.439120908,-0.971397994,0.15,100,150,9.70773447
51.3,10.79183415,2.876648985,7.37775,1.439120896,-0.9713980892,0.15,100,150,9.647042432
51.35,10.86782965,2.918617506,7.38525,1.439120884,-0.9713981833,0.15,100,150,9.587223968
51.4,10.94350826,2.961154804,7.39275,1.439120872,-0.9713982762,0.15,100,150,9.528298927
51.45,11.01886571,3.004258488,7.40025,1.439120861,-0.971398368,0.15,100,150,9.470287331
51.5,11.09389778,3.047926132,7.40775,1.43912085,-0.9713984587,0.15,100,150,9.413209362
51.55,11.16860023,3.092155281,7.41525,1.439120838,-0.9713985483,0.15,100,150,9.357085344
51.6,11.24296887,3.136943447,7.42275,1.439120827,-0.9713986369,0.15,100,150,9.30193573
51.65,11.31699952,3.18228811,7.43025,1.439120816,-0.9713987244,0.15,100,150,9.247781082
51.7,11.39068801,3.228186721,7.43775,1.439120806,-0.9713988108,0.15,100,150,9.194642055
51.75,11.46403019,3.274636697,7.44525,1.439120795,-0.9713988962,0.15,100,150,9.142539371
51.8,11.53702194,3.321635425,7.45275,1.439120784,-0.9713989806,0.15,100,150,9.091493805
51.85,11.60965915,3.369180263,7.46025,1.439120774,-0.971399064,0.15,100,150,9.041526156
51.9,11.68193774,3.417268535,7.46775,1.439120764,-0.9713991463,0.15,100,150,8.992657226
51.95,11.75385364,3.465897538,7.47525,1.439120754,-0.9713992277,0.15,100,150,8.944907795
52,11.82540281,3.515064534,7.48275,1.439120744,-0.9713993081,0.15,100,150,8.898298591
52.05,11.89658123,3.56476676,7.49025,1.439120734,-0.9713993876,0.15,100,150,8.852850268
52.1,11.96738488,3.615001419,7.49775,1.439120724,-0.9713994661,0.15,100,150,8.808583368
52.15,12.03780978,3.665765686,7.50525,1.439120714,-0.9713995436,0.15,100,150,8.765518301
52.2,12.10785199,3.717056706,7.51275,1.439120705,-0.9713996203,0.15,100,150,8.723675305
52.25,12.17750754,3.768871592,7.52025,1.439120695,-0.971399696,0.15,100,150,8.683074418
52.3,12.24677253,3.821207432,7.52775,1.439120686,-0.9713997708,0.15,100,150,8.643735442
52.35,12.31564307,3.87406128,7.53525,1.439120677,-0.9713998447,0.15,100,150,8.605677911
52.4,12.38411526,3.927430165,7.54275,1.439120667,-0.9713999177,0.15,100,150,8.568921053
52.45,12.45218528,3.981311083,7.55025,1.439120658,-0.9713999899,0.15,100,150,8.533483758
52.5,12.51984928,4.035701005,7.55775,1.43912065,-0.9714000612,0.15,100,150,8.499384535
52.55,12.58710345,4.090596872,7.56525,1.439120641,-0.9714001316,0.15,100,150,8.466641482
52.6,12.65394403,4.145995594,7.57275,1.439120632,-0.9714002012,0.15,100,150,8.435272243
52.65,12.72036724,4.201894057,7.58025,1.439120624,-0.97140027,0.15,100,150,8.405293974
52.7,12.78636935,4.258289115,7.58775,1.439120615,-0.9714003379,0.15,100,150,8.376723304
52.75,12.85194665,4.315177598,7.59525,1.439120607,-0.971400405,0.15,100,150,8.349576298
52.8,12.91709545,4.372556304,7.60275,1.439120598,-0.9714004713,0.15,100,150,8.32386842
52.85,12.98181209,4.430422007,7.61025,1.43912059,-0.9714005368,0.15,100,150,8.299614495
52.9,13.04609291,4.488771451,7.61775,1.439120582,-0.9714006016,0.15,100,150,8.276828675
52.95,13.10993432,4.547601355,7.62525,1.439120574,-0.9714006655,0.15,100,150,8.255524403
53,13.17333271,4.606908409,7.63275,1.439120566,-0.9714007287,0.15,100,150,8.235714379
53.05,13.23628453,4.666689277,7.64025,1.439120558,-0.9714007912,0.15,100,150,8.217410529
53.1,13.29878622,4.726940598,7.64775,1.439120551,-0.9714008529,0.15,100,150,8.20062397
53.15,13.36083428,4.787658981,7.65525,1.439120543,-0.9714009138,0.15,100,150,8.185364985
53.2,13.42242522,4.848841012,7.66275,1.439120536,-0.9714009741,0.15,100,150,8.171642992
53.25,13.48355556,4.910483248,7.67025,1.439120528,-0.9714010336,0.15,100,150,8.159466519
53.3,13.54422187,4.972582224,7.67775,1.439120521,-0.9714010923,0.15,100,150,8.148843181
53.35,13.60442075,5.035134445,7.68525,1.439120514,-0.9714011504,0.15,100,150,8.139779657
53.4,13.66414879,5.098136393,7.69275,1.439120506,-0.9714012078,0.15,100,150,8.132281673
53.45,13.72340265,5.161584525,7.70025,1.439120499,-0.9714012645,0.15,100,150,8.126353985
53.5,13.78217899,5.225475271,7.70775,1.439120492,-0.9714013205,0.15,100,150,8.122000365
53.55,13.8404745,5.289805038,7.71525,1.439120485,-0.9714013759,0.15,100,150,8.119223591
53.6,13.89828591,5.354570207,7.72275,1.439120479,-0.9714014306,0.15,100,150,8.118025436
53.65,13.95560995,5.419767135,7.73025,1.439120472,-0.9714014846,0.15,100,150,8.118406668
53.7,14.01244342,5.485392156,7.73775,1.439120465,-0.971401538,0.15,100,150,8.120367042
53.75,14.06878311,5.551441577,7.74525,1.439120459,-0.9714015908,0.15,100,150,8.123905305
53.8,14.12462585,5.617911684,7.75275,1.439120452,-0.9714016429,0.15,100,150,8.129019198
53.85,14.1799685,5.684798737,7.76025,1.439120446,-0.9714016944,0.15,100,150,8.135705462
53.9,14.23480795,5.752098974,7.76775,1.439120439,-0.9714017452,0.15,100,150,8.143959849
53.95,14.28914111,5.819808611,7.77525,1.439120433,-0.9714017955,0.15,100,150,8.153777134
54,14.34296493,5.887923837,7.78275,1.439120427,-0.9714018452,0.15,100,150,8.165151128
54.05,14.39627637,5.956440822,7.79025,1.439120421,-0.9714018942,0.15,100,150,8.178074697
54.1,14.44907245,6.025355711,7.79775,1.439120415,-0.9714019427,0.15,100,150,8.192539783
54.15,14.50135019,6.094664629,7.80525,1.439120409,-0.9714019906,0.15,100,150,8.208537426
54.2,14.55310665,6.164363676,7.81275,1.439120403,-0.971402038,0.15,100,150,8.226057787
54.25,14.60433892,6.234448933,7.82025,1.439120397,-0.9714020847,0.15,100,150,8.245090178
54.3,14.65504411,6.304916456,7.82775,1.439120391,-0.9714021309,0.15,100,150,8.265623085
54.35,14.70521938,6.375762283,7.83525,1.439120386,-0.9714021766,0.15,100,150,8.287644208
54.4,14.7548619,6.446982428,7.84275,1.43912038,-0.9714022217,0.15,100,150,8.311140482
54.45,14.80396888,6.518572884,7.85025,1.439120374,-0.9714022662,0.15,100,150,8.336098118
54.5,14.85253756,6.590529626,7.85775,1.439120369,-0.9714023103,0.15,100,150,8.362502635
54.55,14.90056521,6.662848606,7.86525,1.439120363,-0.9714023538,0.15,100,150,8.390338895
54.6,14.94804911,6.735525755,7.87275,1.439120358,-0.9714023967,0.15,100,150,8.41959114
54.65,14.99498662,6.808556986,7.88025,1.439120353,-0.9714024392,0.15,100,150,8.450243027
54.7,15.04137507,6.881938191,7.88775,1.439120348,-0.9714024812,0.15,100,150,8.482277669
54.75,15.08721187,6.955665242,7.89525,1.439120342,-0.9714025226,0.15,100,150,8.51567767
54.8,15.13249443,7.029733992,7.90275,1.439120337,-0.9714025636,0.15,100,150,8.550425162
54.85,15.17722021,7.104140275,7.91025,1.439120332,-0.971402604,0.15,100,150,8.586501843
54.9,15.2213867,7.178879905,7.91775,1.439120327,-0.971402644,0.15,100,150,8.623889017
54.95,15.2649914,7.253948679,7.92525,1.439120322,-0.9714026835,0.15,100,150,8.662567626
55,15.30803187,7.329342373,7.93275,1.439120317,-0.9714027226,0.15,100,150,8.70251829
55.05,15.35050568,7.405056747,7.94025,1.439120313,-0.9714027611,0.15,100,150,8.74372134
55.1,15.39241044,7.481087543,7.94775,1.439120308,-0.9714027992,0.15,100,150,8.786156858
55.15,15.43374381,7.557430483,7.95525,1.439120303,-0.9714028369,0.15,100,150,8.829804704
55.2,15.47450344,7.634081273,7.96275,1.439120298,-0.9714028741,0.15,100,150,8.874644554
55.25,15.51468706,7.711035601,7.97025,1.439120294,-0.9714029108,0.15,100,150,8.920655929
55.3,15.5542924,7.78828914,7.97775,1.439120289,-0.9714029471,0.15,100,150,8.967818231
55.35,15.59331722,7.865837542,7.98525,1.439120285,-0.971402983,0.15,100,150,9.016110765
55.4,15.63175935,7.943676448,7.99275,1.43912028,-0.9714030184,0.15,100,150,9.065512777
55.45,15.66961661,8.021801477,8.00025,1.439120276,-0.9714030535,0.15,100,150,9.116003471
55.5,15.70688687,8.100208236,8.00775,1.439120272,-0.9714030881,0.15,100,150,9.167562043
55.55,15.74356804,8.178892315,8.01525,1.439120267,-0.9714031223,0.15,100,150,9.220167705
55.6,15.77965806,8.257849286,8.02275,1.439120263,-0.971403156,0.15,100,150,9.273799703
55.65,15.81515489,8.33707471,8.03025,1.439120259,-0.9714031894,0.15,100,150,9.328437345
55.7,15.85005654,8.416564129,8.03775,1.439120255,-0.9714032224,0.15,100,150,9.38406002
55.75,15.88436104,8.496313073,8.04525,1.439120251,-0.971403255,0.15,100,150,9.440647215
55.8,15.91806648,8.576317055,8.05275,1.439120247,-0.9714032871,0.15,100,150,9.498178537
55.85,15.95117093,8.656571575,8.06025,1.439120243,-0.9714033189,0.15,100,150,9.556633729
55.9,15.98367256,8.73707212,8.06775,1.439120239,-0.9714033504,0.15,100,150,9.615992685
55.95,16.01556953,8.81781416,8.07525,1.439120235,-0.9714033814,0.15,100,150,9.676235464
56,16.04686004,8.898793155,8.08275,1.439120231,-0.9714034121,0.15,100,150,9.737342306
56.05,16.07754233,8.98000455,8.09025,1.439120228,-0.9714034424,0.15,100,150,9.799293641
56.1,16.10761469,9.061443775,8.09775,1.439120224,-0.9714034723,0.15,100,150,9.862070102
56.15,16.13707541,9.143106251,8.10525,1.43912022,-0.9714035019,0.15,100,150,9.925652538
56.2,16.16592284,9.224987383,8.11275,1.439120216,-0.9714035312,0.15,100,150,9.990022016
56.25,16.19415536,9.307082567,8.12025,1.439120213,-0.97140356,0.15,100,150,10.05515984
56.3,16.22177138,9.389387183,8.12775,1.439120209,-0.9714035886,0.15,100,150,10.12104753
56.35,16.24876934,9.471896603,8.13525,1.439120206,-0.9714036168,0.15,100,150,10.18766689
56.4,16.27514773,9.554606186,8.14275,1.439120202,-0.9714036446,0.15,100,150,10.25499994
56.45,16.30090507,9.637511279,8.15025,1.439120199,-0.9714036721,0.15,100,150,10.32302896
56.5,16.3260399,9.720607219,8.15775,1.439120195,-0.9714036993,0.15,100,150,10.3917365
56.55,16.35055081,9.803889331,8.16525,1.439120192,-0.9714037262,0.15,100,150,10.46110536
56.6,16.37443642,9.887352931,8.17275,1.439120189,-0.9714037527,0.15,100,150,10.53111861
56.65,16.39769539,9.970993325,8.18025,1.439120186,-0.971403779,0.15,100,150,10.60175959
56.7,16.42032641,10.05480581,8.18775,1.439120182,-0.9714038049,0.15,100,150,10.67301189
56.75,16.44232821,10.13878566,8.19525,1.439120179,-0.9714038305,0.15,100,150,10.74485939
56.8,16.46369955,10.22292817,8.20275,1.439120176,-0.9714038558,0.15,100,150,10.81728622
56.85,16.48443922,10.30722859,8.21025,1.439120173,-0.9714038808,0.15,100,150,10.8902768
56.9,16.50454607,10.39168219,8.21775,1.43912017,-0.9714039055,0.15,100,150,10.96381581
56.95,16.52401895,10.47628422,8.22525,1.439120167,-0.9714039299,0.15,100,150,11.03788817
57,16.54285678,10.56102991,8.23275,1.439120164,-0.971403954,0.15,100,150,11.11247911
57.05,16.56105849,10.6459145,8.24025,1.439120161,-0.9714039778,0.15,100,150,11.1875741
57.1,16.57862307,10.73093321,8.24775,1.439120158,-0.9714040013,0.15,100,150,11.26315887
57.15,16.59554951,10.81608127,8.25525,1.439120155,-0.9714040246,0.15,100,150,11.33921942
57.2,16.61183688,10.90135388,8.26275,1.439120152,-0.9714040475,0.15,100,150,11.41574201
57.25,16.62748425,10.98674624,8.27025,1.439120149,-0.9714040702,0.15,100,150,11.49271315
57.3,16.64249075,11.07225356,8.27775,1.439120146,-0.9714040927,0.15,100,150,11.57011959
57.35,16.65685553,11.15787102,8.28525,1.439120144,-0.9714041148,0.15,100,150,11.64794835
57.4,16.67057777,11.24359381,8.29275,1.439120141,-0.9714041367,0.15,100,150,11.72618668
57.45,16.68365672,11.3294171,8.30025,1.439120138,-0.9714041583,0.15,100,150,11.80482209
57.5,16.69609164,11.41533608,8.30775,1.439120135,-0.9714041797,0.15,100,150,11.88384232
57.55,16.70788182,11.50134589,8.31525,1.439120133,-0.9714042008,0.15,100,150,11.96323533
57.6,16.7190266,11.58744172,8.32275,1.43912013,-0.9714042217,0.15,100,150,12.04298933
57.65,16.72952535,11.6736187,8.33025,1.439120128,-0.9714042423,0.15,100,150,12.12309276
57.7,16.73937749,11.75987201,8.33775,1.439120125,-0.9714042627,0.15,100,150,12.20353427
57.75,16.74858246,11.84619677,8.34525,1.439120123,-0.9714042828,0.15,100,150,12.28430275
57.8,16.75713974,11.93258815,8.35275,1.43912012,-0.9714043027,0.15,100,150,12.36538728
57.85,16.76504885,12.01904128,8.36025,1.439120118,-0.9714043223,0.15,100,150,12.44677718
57.9,16.77230935,12.10555129,8.36775,1.439120115,-0.9714043417,0.15,100,150,12.52846196
57.95,16.77892083,12.19211333,8.37525,1.439120113,-0.9714043609,0.15,100,150,12.61043133
58,16.78488291,12.27872251,8.38275,1.439120111,-0.9714043798,0.15,100,150,12.69267523
58.05,16.79019527,12.36537398,8.39025,1.439120108,-0.9714043986,0.15,100,150,12.77518376
58.1,16.79485759,12.45206285,8.39775,1.439120106,-0.971404417,0.15,100,150,12.85794724
58.15,16.79886962,12.53878425,8.40525,1.439120104,-0.9714044353,0.15,100,150,12.94095616
58.2,16.80223114,12.6255333,8.41275,1.439120101,-0.9714044534,0.15,100,150,13.0242012
58.25,16.80494195,12.71230513,8.42025,1.439120099,-0.9714044712,0.15,100,150,13.10767323
58.3,16.80700191,12.79909484,8.42775,1.439120097,-0.9714044888,0.15,100,150,13.1913633
58.35,16.80841089,12.88589757,8.43525,1.439120095,-0.9714045062,0.15,100,150,13.2752626
58.4,16.80916881,12.97270842,8.44275,1.439120093,-0.9714045234,0.15,100,150,13.35936253
58.45,16.80927564,13.05952251,8.45025,1.43912009,-0.9714045404,0.15,100,150,13.44365464
58.5,16.80873137,13.14633496,8.45775,1.439120088,-0.9714045572,0.15,100,150,13.52813063
58.55,16.80753603,13.23314089,8.46525,1.439120086,-0.9714045738,0.15,100,150,13.61278238
58.6,16.80568969,13.31993542,8.47275,1.439120084,-0.9714045902,0.15,100,150,13.6976019
58.65,16.80319244,13.40671365,8.48025,1.439120082,-0.9714046064,0.15,100,150,13.78258138
58.7,16.80004443,13.49347072,8.48775,1.43912008,-0.9714046224,0.15,100,150,13.86771314
58.75,16.79624584,13.58020174,8.49525,1.439120078,-0.9714046382,0.15,100,150,13.95298964
58.8,16.79179689,13.66690182,8.50275,1.439120076,-0.9714046539,0.15,100,150,14.0384035
58.85,16.78669781,13.75356611,8.51025,1.439120074,-0.9714046693,0.15,100,150,14.12394745
58.9,16.7809489,13.84018971,8.51775,1.439120072,-0.9714046846,0.15,100,150,14.2096144
58.95,16.77455048,13.92676776,8.52525,1.439120071,-0.9714046996,0.15,100,150,14.29539733
59,16.76750292,14.01329539,8.53275,1.439120069,-0.9714047145,0.15,100,150,14.38128941
59.05,16.7598066,14.09976773,8.54025,1.439120067,-0.9714047292,0.15,100,150,14.4672839
59.1,16.75146196,14.18617992,8.54775,1.439120065,-0.9714047438,0.15,100,150,14.55337418
59.15,16.74246948,14.27252709,8.55525,1.439120063,-0.9714047581,0.15,100,150,14.63955378
59.2,16.73282964,14.3588044,8.56275,1.439120062,-0.9714047723,0.15,100,150,14.7258163
59.25,16.72254301,14.44500697,8.57025,1.43912006,-0.9714047863,0.15,100,150,14.81215551
59.3,16.71161015,14.53112998,8.57775,1.439120058,-0.9714048002,0.15,100,150,14.89856524
59.35,16.70003169,14.61716856,8.58525,1.439120056,-0.9714048139,0.15,100,150,14.98503946
59.4,16.68780826,14.70311789,8.59275,1.439120055,-0.9714048274,0.15,100,150,15.07157224
59.45,16.67494057,14.78897313,8.60025,1.439120053,-0.9714048407,0.15,100,150,15.15815775
59.5,16.66142933,14.87472945,8.60775,1.439120051,-0.9714048539,0.15,100,150,15.24479027
59.55,16.64727531,14.96038202,8.61525,1.43912005,-0.971404867,0.15,100,150,15.33146415
59.6,16.6324793,15.04592603,8.62275,1.439120048,-0.9714048799,0.15,100,150,15.41817388
59.65,16.61704213,15.13135666,8.63025,1.439120047,-0.9714048926,0.15,100,150,15.50491401
59.7,16.60096467,15.21666912,8.63775,1.439120045,-0.9714049052,0.15,100,150,15.5916792
59.75,16.58424782,15.30185859,8.64525,1.439120043,-0.9714049176,0.15,100,150,15.67846419
59.8,16.56689253,15.3869203,8.65275,1.439120042,-0.9714049299,0.15,100,150,15.76526382
59.85,16.54889978,15.47184945,8.66025,1.43912004,-0.971404942,0.15,100,150,15.85207299
59.9,16.53027056,15.55664127,8.66775,1.439120039,-0.971404954,0.15,100,150,15.93888672
59.95,16.51100594,15.64129098,8.67525,1.439120037,-0.9714049658,0.15,100,150,16.02570008
60,16.49110699,15.72579383,8.68275,1.439120036,-0.9714049775,0.15,100,150,16.11250824
